Date,Open,High,Low,Close,Volume,Dividends,Stock Splits,EMA12,EMA26,EMA_MA5,EMA_MA20,EMA_MA60,EMA_MA250,ADX,Plus_DI,Minus_DI,BB_Mid,BB_Upper,BB_Lower,BB_Width,RSI,OBV,OBV_MA20,Volume_MA20,Volume_Ratio,MACD,MACD_Signal,MACD_Hist,Year,Month,Daily_Return,Weekly_Return,Monthly_Return,Volatility_30d
2024-04-29 00:00:00+00:00,63106.36328125,64174.87890625,61795.45703125,63841.12109375,26635912073,0.0,0.0,63841.12109375,63841.12109375,,,,,,0.0,0.0,,,,,,0.0,,,,0.0,0.0,0.0,2024,4,,,,
2024-04-30 00:00:00+00:00,63839.41796875,64703.33203125,59120.06640625,60636.85546875,37840840057,0.0,0.0,63348.15715144231,63603.76808449074,,,,,100.0,0.0,7.326675817968957,,,,,0.0,-37840840057.0,,,,-255.61093304842507,-51.122186609685016,-204.48874643874007,2024,4,-0.050191249309274655,,,
2024-05-01 00:00:00+00:00,60609.49609375,60780.5,56555.29296875,58254.01171875,48439780271,0.0,0.0,62564.442469489644,63207.48983517661,,,,,100.0,0.0,13.240778034535449,,,,,0.0,-86280620328.0,,,,-643.0473656869653,-169.5072224251411,-473.54014326182426,2024,5,-0.03929695449375714,,,
2024-05-02 00:00:00+00:00,58253.703125,59602.296875,56937.203125,59123.43359375,32711813559,0.0,0.0,62035.05648860662,62904.96715062649,,,,,100.0,0.0,12.313954039321516,,,,,14.874818683777235,-53568806769.0,,,,-869.9106620198727,-309.58791034408745,-560.3227516757852,2024,5,0.014924669552331737,,,
2024-05-03 00:00:00+00:00,59122.30078125,63320.50390625,58848.3125,62889.8359375,33172023048,0.0,0.0,62166.561019205605,62903.84632002453,60949.0515625,,,,93.41935433569799,9.33598018238056,10.931202137749075,,,,,49.74772959953125,-20396783721.0,,,,-737.2853008189268,-395.1273884390554,-342.1579123798714,2024,5,0.06370405294167747,,,
2024-05-04 00:00:00+00:00,62891.03125,64494.95703125,62599.3515625,63891.47265625,20620477992,0.0,0.0,62431.932040289365,62977.0038264116,60959.121875,,,,87.22811729867315,11.901680637686846,10.398213769521561,,,,,55.02456700323753,223694271.0,,,,-545.0717861222365,-425.1162679756916,-119.95551814654493,2024,5,0.015926845790239064,,,
2024-05-05 00:00:00+00:00,63892.453125,64610.890625,62955.3046875,64031.1328125,18296164805,0.0,0.0,62677.962928321766,63055.08745501074,61637.97734375,,,,81.57367883508365,11.686857222697498,9.942257419230677,,,,,55.72271259634808,18519859076.0,,,,-377.1245266889746,-415.51791971834825,38.39339302937367,2024,5,0.002185896653241981,,,
2024-05-06 00:00:00+00:00,64038.3125,65494.90234375,62746.23828125,63161.94921875,28697928697,0.0,0.0,62752.422357618416,63063.003141213645,62619.56484375,,,,77.00873686823816,13.175379961576445,9.219447596158965,,,,,50.47170875348464,-10178069621.0,,,,-310.58078359522915,-394.53049249372447,83.94970889849532,2024,5,-0.013574390387488533,-0.010638470367753117,,
2024-05-07 00:00:00+00:00,63162.76171875,64390.45703125,62285.98046875,62334.81640625,25930730982,0.0,0.0,62688.175288177124,63009.06338306819,63261.84140625,,,,72.30506288415047,12.430259725449968,9.934910359549908,,,,,46.026739977944594,-36108800603.0,,,,-320.88809489106643,-379.80201297319286,58.91391808212643,2024,5,-0.01309542885757653,0.028002127161344426,,
2024-05-08 00:00:00+00:00,62332.640625,62986.0859375,60877.12890625,61187.94140625,26088172222,0.0,0.0,62457.37007557295,62874.16545885943,62921.4625,,,,67.56773637610125,11.715232710082498,13.20615253149398,,,,,40.67740858328345,-62196972825.0,,,,-416.7953832864805,-387.2006870358504,-29.59469625063008,2024,5,-0.018398626419713127,0.05036442299742361,,
2024-05-09 00:00:00+00:00,61191.19921875,63404.9140625,60648.07421875,63049.9609375,25453338161,0.0,0.0,62548.53790048481,62887.187346166145,62753.16015625,,,,62.812665548615655,11.975710127580093,12.216848192518585,,,,,50.69633758080379,-36743634664.0,,,,-338.64944568133797,-377.49043876494795,38.84099308360999,2024,5,0.03043115176709965,0.06641236993659771,,
2024-05-10 00:00:00+00:00,63055.19140625,63446.7421875,60208.78125,60792.77734375,27804954694,0.0,0.0,62278.420891756374,62732.045864505686,62105.4890625,,,,58.75405152575706,10.939177394249615,12.333704594505091,,,,,41.53804397312842,-64548589358.0,,,,-453.6249727493123,-392.7173455618208,-60.90762718749147,2024,5,-0.035799920573900024,-0.03334495252673353,,
2024-05-11 00:00:00+00:00,60793.35546875,61451.15234375,60492.625,60793.7109375,13842272968,0.0,0.0,62050.00397571693,62588.4654995423,61631.84140625,,,,54.98533850453123,10.64543755847988,12.002518781216537,,,,,41.542747808438264,-50706316390.0,,,,-538.4615238253682,-421.8661812145303,-116.59534261083792,2024,5,1.5356984674586016e-05,-0.0484847443635652,,
2024-05-12 00:00:00+00:00,60793.50390625,61818.15625,60632.6015625,61448.39453125,13800459405,0.0,0.0,61957.448676568165,62504.015798187305,61454.55703125,,,,51.13294796031896,11.346806302426591,11.588051393171053,,,,,44.89130047433914,-36905856985.0,,,,-546.5671216191404,-446.8063692954523,-99.76075232368805,2024,5,0.010768936188532141,-0.04033566435272884,,
2024-05-13 00:00:00+00:00,61451.21875,63422.66015625,60769.83984375,62901.44921875,27889181179,0.0,0.0,62102.67952921153,62533.45531082158,61797.25859375,,,,48.70437334463824,15.121452502001562,10.697855430641216,,,,,51.52790196029941,-9016675806.0,,,,-430.7757816100493,-443.60025175837177,12.824470148322462,2024,5,0.023646747788683697,-0.0041243185687288575,,
2024-05-14 00:00:00+00:00,62900.7734375,63092.125,61123.765625,61552.7890625,28186271527,0.0,0.0,62018.08099587129,62460.81336650146,61497.82421875,,,,46.44926834436329,14.246917190758587,10.079154791438084,,,,,45.9917185887973,-37202947333.0,,,,-442.7323706301686,-443.42667553273117,0.6943049025625783,2024,5,-0.02144084393922019,-0.012545594722752518,,
2024-05-15 00:00:00+00:00,61553.98828125,66454.453125,61330.41015625,66267.4921875,39815167074,0.0,0.0,62671.83656381417,62742.78957546432,62592.7671875,,,,46.156280145975586,21.41403529514888,8.672963477581987,,,,,61.5459001430782,2612219741.0,,,,-70.95301165014826,-368.9319427562146,297.97893110606634,2024,5,0.07659609250545496,0.08301555281170403,,
2024-05-16 00:00:00+00:00,66256.109375,66712.4296875,64613.0546875,65231.58203125,31573077994,0.0,0.0,63065.6435588043,62927.14457218919,63480.34140625,,,,45.985214783255024,20.88484894979882,8.170035079629354,,,,,57.61938016783254,-28960858253.0,,,,138.49898661511543,-267.4457568819486,405.94474349706405,2024,5,-0.01563225228621834,0.03460146622315263,,
2024-05-17 00:00:00+00:00,65231.296875,67459.4609375,65119.31640625,67051.875,28031279310,0.0,0.0,63678.909934372874,63232.68015943443,64601.0375,,,,46.11176796031589,21.603179890048246,7.638325887999358,,,,,62.184783564903434,-929578943.0,,,,446.2297749384452,-124.71065051786987,570.9404254563151,2024,5,0.02790508695432159,0.1029579158862608,,
2024-05-18 00:00:00+00:00,67066.2109375,67387.328125,66663.5,66940.8046875,16712277406,0.0,0.0,64180.73989639243,63507.356050402246,65408.90859375,62769.1703125,,,46.22928162472955,21.144794081829872,7.476252517161075,62769.1703125,67587.08766490789,57951.25296009211,0.15351222035982323,61.74769045811289,-17641856349.0,-28393571745.85,27577106171.2,0.606019982743997,673.3838459901817,34.90824878374045,638.4755972064413,2024,5,-0.0016564833198177142,0.10111397470569972,,
2024-05-19 00:00:00+00:00,66937.9296875,67694.296875,65937.1796875,66278.3671875,19249094538,0.0,0.0,64503.45178733205,63712.61613463171,66354.02421875,62891.0326171875,,,45.555592242881914,20.033521173454062,9.255759836188624,62891.0326171875,67940.82535860443,57841.23987577056,0.16058864137768591,59.08043205451638,-36890950887.0,-30238119290.2,27207765294.45,0.7074853200797988,790.8356527003416,186.0937295670607,604.7419231332809,2024,5,-0.009895869986810912,0.07860209681790287,,
2024-05-20 00:00:00+00:00,66278.7421875,71483.5625,66086.171875,71448.1953125,43850655717,0.0,0.0,65571.87386812712,64285.62199965899,67390.16484375,63431.599609375,,,46.25793131741188,27.46426433812636,7.884931700996926,63431.599609375,69645.78367810334,57217.41554064666,0.1959333867345796,69.9792940442129,6959704830.0,-27998092045.85,27508256077.45,1.5940907192930613,1286.2518684681272,406.1253573472741,880.1265111208531,2024,5,0.07800174241430358,0.13587518570561552,,
2024-05-21 00:00:00+00:00,71443.0625,71946.4609375,69191.125,70136.53125,46932005990,0.0,0.0,66274.12884995372,64719.02268486944,68371.1546875,64025.7255859375,,,47.02881935283183,26.661332417104372,7.2912567647973106,64025.7255859375,70424.99159170898,57626.45958016602,0.1998967117422877,65.23204204585957,-39972301160.0,-25682676087.45,27432867363.4,1.7107947692196073,1555.106165084282,635.9215188946757,919.1846461896064,2024,5,-0.018358253231772315,0.1394533427036777,,
2024-05-22 00:00:00+00:00,70135.3203125,70623.6953125,68977.6953125,69122.3359375,32802561717,0.0,0.0,66712.31455573007,65045.194036916146,68785.246875,64525.670703125,,,47.540896011968655,25.429562415858193,7.553459583021264,64525.670703125,70874.46990338746,58176.87150286254,0.19678367171021097,61.74423230077149,-72774862877.0,-26642978892.85,27437404771.3,1.195541706310068,1667.1205188139284,842.1613188785263,824.959199935402,2024,5,-0.01446030042296964,0.043080606429505286,,
2024-05-23 00:00:00+00:00,69121.3046875,70041.2734375,66356.953125,67929.5625,41895680979,0.0,0.0,66899.58347023315,65258.85096010754,68982.9984375,64777.65703125,,,45.88333990119079,22.88131820123041,13.924565698141864,64777.65703125,71251.89789954157,58303.41616295842,0.1998911712774136,57.828147089441984,-114670543856.0,-31356666899.6,27873587667.85,1.5030602259831585,1640.7325101256065,1001.8755571279424,638.856952997664,2024,5,-0.017255976976508713,0.0413600342769167,,
2024-05-24 00:00:00+00:00,67928.1328125,69220.296875,66622.671875,68526.1015625,29197308153,0.0,0.0,67149.81702288959,65500.869523247726,69432.5453125,65009.3884765625,,,44.344180655468485,21.263462084402775,12.940009494221075,65009.3884765625,71678.903566654,58339.873386470994,0.205186212219056,59.221163336733255,-85473235703.0,-35641513398.3,28302429175.9,1.0316184512480646,1648.9474996418649,1131.289945630727,517.6575540111378,2024,5,0.008781729788116976,0.02198635850973596,,
2024-05-25 00:00:00+00:00,68526.921875,69579.3203125,68515.8203125,69265.9453125,15473071741,0.0,0.0,67475.3752212912,65779.7640261553,68996.0953125,65271.1291015625,,,43.07629484433353,21.64122183828468,12.548802281418054,65271.1291015625,72185.38102910646,58356.877174018555,0.21186248875165953,60.944239228054066,-70000163962.0,-40067514550.2,28161274522.7,0.5494450092636112,1695.6111951358907,1244.1541955317598,451.45699960413094,2024,5,0.010796524727518797,0.03473427957513309,,
2024-05-26 00:00:00+00:00,69264.2890625,69506.2265625,68183.890625,68518.09375,15628433737,0.0,0.0,67635.79345647716,65982.60326495861,68672.4078125,65538.936328125,,,41.63797812788244,20.799228836794352,13.037199314461082,65538.936328125,72523.76807603643,58554.10458021356,0.21315059838449052,58.2642572843396,-85628597699.0,-43840040954.1,27507799774.7,0.5681455392653425,1653.1901915185445,1325.9613947291168,327.22879678942763,2024,5,-0.010796814497022966,0.033792723893813825,,
2024-05-27 00:00:00+00:00,68512.1796875,70597.8828125,68232.5,69394.5546875,25870990717,0.0,0.0,67906.37210740375,66235.34040736909,68726.8515625,65891.9232421875,,,40.81290472046372,22.56688264256726,12.12819256522288,65891.9232421875,72908.4423570809,58875.40412729411,0.2129705362857294,60.45883283017554,-59757606982.0,-45022481273.05,27504812761.45,0.9405986850875814,1671.031700034655,1394.9754557902245,276.05624424443045,2024,5,0.012791671360530277,-0.02874307204006754,,
2024-05-28 00:00:00+00:00,69392.1953125,69514.640625,67227.15625,68296.21875,32722265965,0.0,0.0,67966.34851395703,66387.99806237879,68800.1828125,66247.337109375,,,39.26405279336861,21.039133545224022,14.282471565737554,66247.337109375,72974.76140357133,59519.912815178664,0.20310021769144596,56.45279410353397,-92479872947.0,-46536626279.15,27836517448.6,1.17551579594759,1578.3504515782406,1431.6504549478277,146.6999966304129,2024,5,-0.015827408107827234,-0.026239000806017154,,
2024-05-29 00:00:00+00:00,68296.3515625,68852.4609375,67101.4921875,67578.09375,26707072906,0.0,0.0,67906.6170118098,66476.15329849887,68610.58125,66473.74375,,,37.73042833727458,19.927071819365043,13.906889974110243,66473.74375,73051.20331839506,59896.284181604926,0.19789646851039785,53.93635451008282,-119186945853.0,-50658791838.6,27899204185.85,0.957270061471695,1430.4637133109209,1431.4131066204466,-0.9493933095257034,2024,5,-0.01051485738366742,-0.022340711819928916,0.05853551115999811,0.5854118045157054
2024-05-30 00:00:00+00:00,67576.0859375,69500.5390625,67118.078125,68364.9921875,29509712534,0.0,0.0,67977.13626960828,66616.06729027674,68430.390625,66852.3544921875,,,36.65056037920736,20.45002959228282,12.907200377278794,66852.3544921875,72903.63791825422,60801.07106612079,0.18103426489709876,56.238317812270544,-89677233319.0,-51915224036.65,27984442077.85,1.0545042295968183,1361.0689793315396,1417.3442811626653,-56.27530183112572,2024,5,0.011644282841286824,0.0064100175457482145,0.127449496828423,0.5544872929461998
2024-05-31 00:00:00+00:00,68362.515625,68999.5625,66633.421875,67491.4140625,27387283769,0.0,0.0,67902.409776207,66680.90779192292,68225.0546875,67187.2396484375,,,35.252996111115536,18.990006533227245,13.448071062435169,67187.2396484375,72526.15185365645,61848.32744321856,0.15892637450668387,53.06773987509044,-117064517088.0,-55233134071.55,28661692617.9,0.9555361622954501,1221.5019842840848,1378.1758217869492,-156.67383750286444,2024,5,-0.012778150001159894,-0.015099173547123534,0.1585710935814708,0.53557461960402
2024-06-01 00:00:00+00:00,67489.609375,67839.765625,67386.1953125,67706.9375,11641495604,0.0,0.0,67872.337118329,66756.90999252122,67887.53125,67500.166796875,,,33.95525786217313,18.714186704604153,13.252744923433484,67500.166796875,72106.13995228475,62894.193641465245,0.1364729414453237,53.76036453713955,-105423021484.0,-58658992296.5,28553744427.85,0.40770469293146105,1115.4271258077788,1325.6260825911152,-210.19895678333637,2024,6,0.0031933460054698326,-0.022507565665441875,0.14517938801100638,0.5344799220175358
2024-06-02 00:00:00+00:00,67710.2734375,68409.1640625,67315.5234375,67751.6015625,17110588415,0.0,0.0,67853.76241743223,66830.59084955668,67778.6078125,67742.6744140625,,,33.09296142202066,19.92628196722613,12.77108248834039,67742.6744140625,71808.19085189389,63677.157976231094,0.12002822365653307,53.912160852336235,-88312433069.0,-62623780159.65,28014814789.65,0.6107692855896182,1023.1715678755427,1265.1351796480008,-241.96361177245808,2024,6,0.0006596674454519835,-0.011186712086542872,0.07730606309470467,0.4906123230071955
2024-06-03 00:00:00+00:00,67753.8984375,70230.8203125,67589.8359375,68804.78125,32401285324,0.0,0.0,68000.07300705805,66976.82717551544,68023.9453125,68105.2740234375,,,33.21985091040742,24.162030958973453,11.668229136166095,68105.2740234375,70959.40618155108,65251.141865323916,0.08381530502707826,57.45856252794009,-55911147745.0,-63559190180.25,28225565479.5,1.1479410517933748,1023.2458315426047,1216.7573100269217,-193.51147848431697,2024,6,0.015544720172089965,-0.008498843175172577,0.0769008506062252,0.49048538772094946
2024-06-04 00:00:00+00:00,68804.5703125,71047.40625,68564.640625,70567.765625,33149696545,0.0,0.0,68395.10264058757,67242.822616218,68464.5,68320.2876953125,,,33.68329167392119,24.86375516641003,10.730128250920087,68320.2876953125,71238.67367733447,65401.901713290514,0.08543248515103115,62.640931059210295,-22761451200.0,-64827873727.3,27892291953.05,1.188489515339922,1152.2800243695674,1203.861852895451,-51.581828525883566,2024,6,0.025622992224831664,0.033260214351178874,0.1020852283160596,0.4968973845134417
2024-06-05 00:00:00+00:00,70568.3515625,71735.4140625,70390.7109375,71082.8203125,32810771409,0.0,0.0,68808.59766703565,67527.26689001668,69182.78125,68612.849609375,,,34.3855942592031,26.04185400188519,10.249485881366233,68612.849609375,71397.59277341462,65828.10644533538,0.0811726427307321,64.01994152411446,10049320209.0,-62877364804.2,27954176623.8,1.173734138213362,1281.3307770189713,1219.355637720155,61.9751392988162,2024,6,0.007298724608017615,0.051861873693352045,0.1254057417752814,0.49315615933408813
2024-06-06 00:00:00+00:00,71082.84375,71625.734375,70119.125,70757.1640625,25223152007,0.0,0.0,69108.3771124917,67766.51853242284,69792.8265625,68798.1140625,,,34.76972593824094,24.706526580619226,10.64825142939446,68798.1140625,71638.06432955319,65958.1637954468,0.08255895690609273,62.450312958920435,-15173831798.0,-63589577446.95,27813770258.65,0.9068584292039902,1341.8585800688597,1243.856226189896,98.00235387896373,2024,6,-0.004581363662391591,0.034991181867455756,0.13511466210728318,0.4902707734501513
2024-06-07 00:00:00+00:00,70759.1875,71907.8515625,68507.2578125,69342.5859375,36188381096,0.0,0.0,69144.40923941605,67883.26426613226,70111.0234375,68918.203125,,,33.69707209563785,21.96840255565662,14.721252059267364,68918.203125,71627.58961863183,66208.81663136817,0.07862615015419637,56.02471591118547,-51362212894.0,-65275595274.2,28787575443.15,1.2570833263629715,1261.1449732837937,1247.3139756086755,13.83099767511817,2024,6,-0.01999201273457618,0.02742825736745913,0.13327208505199106,0.4912397693480054
2024-06-08 00:00:00+00:00,69324.1796875,69533.3203125,69210.7421875,69305.7734375,14262185861,0.0,0.0,69169.23450065973,67988.6353158632,70211.221875,69069.5734375,,,32.701036384649264,21.722470308001057,14.556450335606877,69069.5734375,71479.72301165258,66659.42386334743,0.06978903891258224,55.86362869801051,-65624398755.0,-66712267667.6,28538230009.3,0.499757197848369,1180.5991847965342,1233.9710174462473,-53.37183264971304,2024,6,-0.0005308786729295578,0.023614063736083102,0.09921992665786505,0.48245416241248906
2024-06-09 00:00:00+00:00,69297.4921875,69817.5234375,69160.84375,69647.9921875,13534028500,0.0,0.0,69242.88952940439,68111.55063968814,70027.2671875,68979.56328125,,,31.93919264956104,22.23884537827705,14.207755254428648,68979.56328125,71136.88078066314,66822.24578183686,0.06254946818428297,57.09857008268986,-52090370255.0,-69664771421.85,27022398648.45,0.500844824179822,1131.3388897162513,1213.4445919002483,-82.10570218399698,2024,6,0.00493781012787653,0.02799034386295074,0.14566228474278442,0.46118916865287096
2024-06-10 00:00:00+00:00,69644.3125,70146.0703125,69232.421875,69512.28125,20597699541,0.0,0.0,69284.33440949602,68215.3084626742,69713.159375,68948.35078125,,,31.422232810550184,22.71426030347388,13.715476104113636,68948.35078125,71052.59803600545,66844.10352649455,0.06103836367113467,56.42433414651078,-72688069796.0,-71300559853.65,25705683326.0,0.801289710130618,1069.0259468218137,1184.5608628845614,-115.5349160627477,2024,6,-0.0019485261992140401,0.010282715636131812,0.14341237239923177,0.4614972412965696
2024-06-11 00:00:00+00:00,69508.078125,69549.4140625,66123.6015625,67332.03125,37116136345,0.0,0.0,68983.98007726586,68149.88052099463,69028.1328125,68858.835546875,,,29.71544050650375,19.926326969120893,23.170268266447557,68858.835546875,71080.93871692967,66636.73237682032,0.0645408291443441,46.852492747241236,-109804206141.0,-73152027016.85,25921362057.4,1.4318744617975863,834.0995562712342,1114.468601561896,-280.3690452906619,2024,6,-0.03136496113771259,-0.04585286704690106,0.09574923419289405,0.47769835630910246
2024-06-12 00:00:00+00:00,67321.375,69977.890625,66902.453125,68241.1875,34497940694,0.0,0.0,68869.70429614803,68156.64400092095,68807.853125,68874.416796875,,,27.84681530491534,19.290501759331534,20.7124829294007,68874.416796875,71073.33337576572,66675.50021798427,0.06385292772426052,50.614707631358456,-75306265447.0,-71183813096.4,25551475043.15,1.3501349975193868,713.0602952270856,1034.186940294934,-321.12664506784836,2024,6,0.013502581655740586,-0.03997636559730444,0.08489054461496104,0.47356510893050835
2024-06-13 00:00:00+00:00,68243.1015625,68365.78125,66304.5625,66756.3984375,28955204146,0.0,0.0,68544.58031789449,68052.9221073342,68297.978125,68785.931640625,,,26.473996576156257,17.91861229242037,21.302342557403694,68785.931640625,71177.82355355842,66394.03972769158,0.0695459625503065,45.010830115212634,-104261469593.0,-72123224790.9,25539369842.8,1.1337477911250415,491.65821056028653,925.6811943480045,-434.022983787718,2024,6,-0.021757960505889518,-0.05654219863116772,0.08453896978927,0.4737724153354557
2024-06-14 00:00:00+00:00,66747.5703125,67294.6484375,65056.89453125,66011.09375,27403884779,0.0,0.0,68154.81315360303,67901.67556234649,67570.5984375,68623.1890625,,,25.889135757729598,16.543097252495897,23.947115297651507,68623.1890625,71303.13631824014,65943.24180675985,0.07810617059196501,42.46904863831299,-131665354372.0,-75206484311.4,26135910494.7,1.0485146398307847,253.13759125654178,791.172473729712,-538.0348824731702,2024,6,-0.011164543099157487,-0.048043956573854185,-0.003869143512697515,0.3944324871117179
2024-06-15 00:00:00+00:00,66006.7421875,66402.1875,65871.7734375,66191.0,14121265576,0.0,0.0,67852.68805304871,67774.95885402453,66906.3421875,68506.834375,,,25.346050712047703,16.225162921487897,23.486886480427962,68506.834375,71399.61258758859,65614.05616241142,0.08445225177837845,43.30136961089645,-117544088796.0,-76802258866.25,26060552086.65,0.5418636385387199,77.72919902417925,648.4838187886055,-570.7546197644263,2024,6,0.0027253941690672523,-0.044942481455876204,0.014707875217411903,0.3904101600257242
2024-06-16 00:00:00+00:00,66189.359375,66894.84375,66018.25,66639.046875,13281140541,0.0,0.0,67665.9740256566,67690.81722594863,66767.7453125,68369.058984375,,,24.451647551932403,17.547316238208854,22.710089596963346,68369.058984375,71345.0941113615,65393.02385738852,0.08705795197990447,45.419199474935496,-104262948255.0,-79027525929.9,25431059577.85,0.5222409432191979,-24.843200292030815,513.8184149724782,-538.661615264509,2024,6,0.006768999939568809,-0.04320218312108104,-0.006156846844327601,0.3786456304072778
2024-06-17 00:00:00+00:00,66636.515625,67188.3203125,65094.96484375,66490.296875,30006354476,0.0,0.0,67485.10061786328,67601.88979254503,66417.5671875,68278.762890625,,,24.151929903168654,16.171788438996767,24.387269085184013,68278.762890625,71371.4062086323,65186.1195726177,0.0905887332188888,44.820629869039955,-134269302731.0,-81116997419.1,25295264003.4,1.1862439732578702,-116.78917468174768,387.696897041633,-504.4860717233807,2024,6,-0.0022321747830370553,-0.043474107318266175,-0.006729943187912202,0.37868225999483485
2024-06-18 00:00:00+00:00,66490.9765625,66556.703125,64066.95703125,65140.74609375,39481285950,0.0,0.0,67124.43069107662,67419.58285189355,66094.43671875,68156.8955078125,,,24.40184121577177,14.696214696458117,25.929506121053926,68156.8955078125,71543.87620895082,64769.914806674176,0.09938776336284537,39.70773106820686,-173750588681.0,-83845179560.5,25933974655.6,1.5223769774709288,-295.1521608169278,251.12708546992087,-546.2792462868487,2024,6,-0.02029695827328193,-0.03254446829494695,-0.01716428967737993,0.3837929563926179
2024-06-19 00:00:00+00:00,65146.66015625,65695.3515625,64693.30078125,64960.296875,21103423504,0.0,0.0,66791.48702706484,67237.4135202718,65884.27734375,67986.6607421875,,,24.63390172033181,14.137122732154191,24.943063094051567,67986.6607421875,71659.76706746014,64313.55441691485,0.10805373539969694,39.06602096234682,-194854012185.0,-89104018503.8,25513660204.1,0.8271421401390585,-445.92649320696364,111.71636973454397,-557.6428629415076,2024,6,-0.0027701435671353414,-0.04807786536539971,-0.09080563069680403,0.25940899036210063
2024-06-20 00:00:00+00:00,64960.296875,66438.9609375,64547.84765625,64828.65625,25641109124,0.0,0.0,66489.51306136255,67058.98705580723,65611.80859375,67853.5228515625,,,24.191245025776112,15.944598779202632,23.152888307337722,67853.5228515625,71786.0814670492,63920.96423607581,0.11591317444459368,38.57623842478691,-220495121309.0,-94275548714.85,25426351471.85,1.0084462630192053,-569.4739944446774,-24.521703101300304,-544.952291343377,2024,6,-0.00202647819256907,-0.028877264691036797,-0.07567917753274978,0.2534889470714367
2024-06-21 00:00:00+00:00,64837.98828125,65007.546875,63378.89453125,64096.19921875,26188171739,0.0,0.0,66121.31093172985,66839.52129009929,65103.2390625,67672.9859375,,,24.41459997580141,14.949496450548,26.187347703578435,67672.9859375,71950.29335602612,63395.67851897388,0.1264110740577182,35.88072079150278,-246683293048.0,-101338562293.05,26153685278.6,1.001318608067377,-718.2103583694407,-163.25943415492839,-554.9509242145123,2024,6,-0.011298352821403679,-0.029008677518693626,-0.07271364097553945,0.25185125908370415
2024-06-22 00:00:00+00:00,64113.86328125,64475.46875,63929.7578125,64252.578125,9858198793,0.0,0.0,65833.81357684833,66647.89587046231,64655.6953125,67498.034765625,,,24.6220010008249,14.620244960210776,25.610590935355226,67498.034765625,72039.8592311954,62956.21030005458,0.1345764948962171,36.89456165092479,-236825094255.0,-108764195352.35,25791065797.5,0.38223309073003037,-814.0822936139739,-293.42400604673753,-520.6582875672364,2024,6,0.0024397531859308152,-0.02928527858772345,-0.054129369300737085,0.24657190439258508
2024-06-23 00:00:00+00:00,64248.96484375,64491.703125,63180.796875,63180.796875,11170471802,0.0,0.0,65425.65716117936,66391.07372265028,64263.70546875,67216.835546875,,,25.20321179318983,13.832139726645748,27.309811975144743,67216.835546875,72101.46884407543,62332.20224967456,0.14533957921283083,33.03873710397002,-247995566057.0,-118368416267.95,24729525121.4,0.4517058757563239,-965.41656147092,-427.82251713157405,-537.5940443393459,2024,6,-0.01668075089399379,-0.051895250039918905,-0.07800392209127427,0.24883949480845238
2024-06-24 00:00:00+00:00,63173.3515625,63292.52734375,58601.69921875,60277.4140625,43152133651,0.0,0.0,64633.61976138254,65938.21004412063,63327.12890625,66702.31796875,,,27.328605033965257,11.453038809597157,39.402701029387934,66702.31796875,72226.7245434805,61177.911394019495,0.16564361608298775,25.31924823220004,-291147699708.0,-131787728693.35,25229646976.7,1.7103740567932526,-1304.590282738085,-603.1760702528763,-701.4142124852087,2024,6,-0.04595356431233677,-0.09344044326016554,-0.1297684050863288,0.28624643473793326
2024-06-25 00:00:00+00:00,60266.28125,62258.26171875,60239.75,61804.640625,29201215431,0.0,0.0,64198.392201939074,65632.01971677836,62722.32578125,66238.408984375,,,29.302184471828152,10.60755512300203,36.49392358770002,66238.408984375,71772.22435569079,60704.593613059194,0.1670878107178321,34.04843993514392,-261946484277.0,-145387518917.65,25049169177.8,1.165755846979539,-1433.6275148392888,-769.2663591701589,-664.3611556691299,2024,6,0.025336630415439876,-0.05121380501151618,-0.09798073410353747,0.3034904759268746
2024-06-26 00:00:00+00:00,61789.67578125,62434.13671875,60695.1875,60811.27734375,22506003064,0.0,0.0,63677.297608371526,65274.92768914663,62065.34140625,65741.1146484375,,,30.974375232979497,10.57590993047791,34.15468211137041,65741.1146484375,71352.16318419707,60130.06611267795,0.170701350768561,31.47167651922409,-284452487341.0,-158851451694.8,24913311730.65,0.9033725948329715,-1597.6300807751031,-934.9391034911479,-662.6909772839552,2024,6,-0.016072632592061153,-0.06387008266347305,-0.12368805279322737,0.3009070182363644
2024-06-27 00:00:00+00:00,60811.2265625,62293.86328125,60585.33203125,61604.80078125,21231745045,0.0,0.0,63358.451942660526,65003.06643670984,61535.7859375,65354.225390625,65680.53294270833,,32.5597353026857,9.904181401362838,32.39373846030664,65354.225390625,70986.70998665255,59721.740794597434,0.17236787866008538,35.660493567092104,-263220742296.0,-169444378164.9,24165479928.1,0.8785981121902485,-1644.6144940493177,-1076.8741816027818,-567.7403124465359,2024,6,0.013048951973404943,-0.0497288645983619,-0.09797640471493896,0.30379204645463737
2024-06-28 00:00:00+00:00,61612.8046875,62126.09765625,59985.40234375,60320.13671875,24952866877,0.0,0.0,62891.01883128968,64656.18275389801,60963.65390625,64904.9435546875,65621.84986979167,,34.211591264721136,9.122372738368668,32.04888169884085,64904.9435546875,70642.78518756265,59167.101921812355,0.17680753787392378,32.226146639104414,-288173609173.0,-180571838685.8,24700013978.9,1.01023695364367,-1765.163922608328,-1214.5321298038912,-550.6317928044368,2024,6,-0.020853310881755127,-0.05891242454350387,-0.10740103232417675,0.30897501695029655
2024-06-29 00:00:00+00:00,60319.875,61097.62109375,60300.96484375,60887.37890625,12652903396,0.0,0.0,62582.766535129726,64377.01209851667,61085.646875,64466.912890625,65626.02526041666,,35.74545751518261,8.842626680332808,31.066072886173156,64466.912890625,70014.60704389848,58919.21873735152,0.17210981275575377,35.19395571707798,-275520705777.0,-191743355461.9,24655957723.7,0.513178337576304,-1794.2455633869467,-1330.4748165205024,-463.77074686644437,2024,6,0.009403861104374522,-0.05237453993212826,-0.10937781226891186,0.30767504652646177
2024-06-30 00:00:00+00:00,60888.4453125,62892.828125,60632.94921875,62678.29296875,17333226409,0.0,0.0,62597.46290953285,64251.18105186729,61260.37734375,64125.2134765625,65699.76328125,,35.422010792316684,14.889648289574838,28.40503882556171,64125.2134765625,69184.82806638819,59065.59888673682,0.15780421820115895,43.59245830167793,-258187479368.0,-201018325940.5,24492734067.1,0.7076885071921372,-1653.7181423344373,-1395.1234816832894,-258.59466065114793,2024,6,0.029413551620566913,-0.00795342779933872,-0.07131456883230869,0.3266645117488772
2024-07-01 00:00:00+00:00,62673.60546875,63777.2265625,62495.51171875,62851.98046875,25468379421,0.0,0.0,62636.61945710472,64147.53656422897,61668.51796875,63901.2109375,65761.90572916667,,34.40029799764579,17.579929546219798,26.992816083020237,63901.2109375,68755.56272030945,59046.85915469055,0.15193301383779267,44.345750001902566,-232719099947.0,-207164070630.8,23910346220.9,1.0651614654888655,-1510.9171071242454,-1418.2822067714806,-92.63490035276482,2024,7,0.002771094932125795,0.04271195847221487,-0.07170545900484715,0.3265781084616142
2024-07-02 00:00:00+00:00,62844.41015625,63203.359375,61752.74609375,62029.015625,20151616992,0.0,0.0,62543.14194447323,63990.609087249046,61753.3609375,63590.60234375,65747.55872395834,,33.81826136137942,16.575500237628198,28.376096917198367,63590.60234375,68055.02634982008,59126.17833767991,0.14041143947455856,41.516665763047676,-252870716939.0,-216042293205.4,23193030035.8,0.8688652134238013,-1447.4671427758149,-1424.1191939723476,-23.34794880346726,2024,7,-0.013093697885290578,0.0036303908206731794,-0.0844642164247732,0.3285085673362727
2024-07-03 00:00:00+00:00,62034.33203125,62187.703125,59419.38671875,60173.921875,29756701685,0.0,0.0,62178.64654916966,63707.891515971336,61724.11796875,63261.478515625,65685.59954427084,,34.228343280452314,14.83369227251491,34.25150639188657,63261.478515625,67713.74295986653,58809.21407138346,0.14075752096568114,35.94925758138915,-282627418624.0,-224960590656.95,23233104912.75,1.2807888483587893,-1529.244966801678,-1445.1443485382138,-84.10061826346418,2024,7,-0.02990687070088416,-0.010480876189250199,-0.12543981999797438,0.33477033896985214
2024-07-04 00:00:00+00:00,60147.13671875,60399.67578125,56777.8046875,56977.703125,41149609230,0.0,0.0,61378.501406989715,63209.35904256605,60942.1828125,62809.808984375,65568.0423828125,,35.387632807355324,12.92066776521987,39.240210742439984,62809.808984375,67877.82989262017,57741.78807612983,0.16137673367247224,28.786572331274087,-323777027854.0,-234566174331.05,23920391135.3,1.7202732596322121,-1830.8576355763362,-1522.2870059458382,-308.57062963049793,2024,7,-0.05311634426354228,-0.07510936806175506,-0.19258173161125935,0.3580183146212943
2024-07-05 00:00:00+00:00,57022.80859375,57497.15234375,53717.375,56662.375,55417544033,0.0,0.0,60652.94349822206,62724.39726163523,59738.99921875,62333.377734375,65459.716145833336,,37.11405173134774,11.285014313985563,44.52268147270053,62333.377734375,67835.94608855524,56830.80938019476,0.1765528695598261,28.189826705102178,-379194571887.0,-247648698485.6,25985205058.15,2.1326575606767757,-2071.4537634131702,-1632.1203574393048,-439.3334059738654,2024,7,-0.005534237213954074,-0.060639148346177674,-0.2028682211693864,0.3543774355022724
2024-07-06 00:00:00+00:00,56659.07421875,58472.546875,56038.9609375,58303.5390625,20610320577,0.0,0.0,60291.49666195713,62396.92628392151,58829.3109375,61916.60234375,65392.52819010417,,38.041304100828555,13.608593428008925,40.93004168815034,61916.60234375,67307.59885913454,56525.60582836546,0.17413734963862143,35.664989239876164,-358584251310.0,-260364763638.35,26351664059.95,0.7821259610061645,-2105.42962196438,-1726.78221034432,-378.6474116200602,2024,7,0.02896391234041995,-0.04243637828010971,-0.17600514612201923,0.37632622602761195
2024-07-07 00:00:00+00:00,58239.4296875,58371.12109375,55793.32421875,55849.109375,20553359505,0.0,0.0,59608.05246396372,61911.902809186584,57593.3296875,61384.54296875,65303.54765625,,38.958745219503086,12.46152277977613,38.28323750479504,61384.54296875,66971.79447227603,55797.29146522397,0.18204099055915168,30.54410105075908,-379137610815.0,-272608179042.55,25879014311.4,0.7942095188666444,-2303.8503452228615,-1842.1958373200282,-461.6545079028333,2024,7,-0.042097439142912196,-0.10895611973917152,-0.19459148198860032,0.3939764151173187
2024-07-08 00:00:00+00:00,55849.57421875,58131.3359375,54321.01953125,56705.09765625,39766159899,0.0,0.0,59161.44403200776,61526.213538598684,56899.56484375,60962.760546875,65197.79993489583,,40.135856720403225,10.987294540677844,38.32543848920428,60962.760546875,66629.14694322877,55296.374150521224,0.18589664724899788,34.09798930878722,-339371450916.0,-280889222154.3,25893258008.85,1.5357727438319433,-2364.769506590921,-1946.710571174207,-418.0589354167141,2024,7,0.015326802715911692,-0.09779934962520764,-0.18181278638515297,0.40106244576019673
2024-07-09 00:00:00+00:00,56704.59765625,58239.1953125,56316.875,58009.2265625,27849512607,0.0,0.0,58984.17980592964,61265.695984813596,57105.86953125,60615.20703125,65151.407421875,,41.148280203724546,10.662595785294316,36.010837022676455,60615.20703125,66098.96079061541,55131.45327188459,0.18093656783316037,39.20210555003477,-311521938309.0,-286722618460.5,26230562464.0,1.0617199934321622,-2281.516178883954,-2013.6716927161565,-267.84448616779764,2024,7,0.02299844211812685,-0.06480497912141425,-0.1671084156118553,0.41230737595138417
2024-07-10 00:00:00+00:00,58033.8828125,59359.43359375,57178.4140625,57742.49609375,26175260526,0.0,0.0,58793.151542517386,61004.71821510518,57321.89375,60260.8990234375,65100.55384114583,,41.260549210060084,13.45955959436129,33.536147361249,60260.8990234375,65509.02687343023,55012.77117344477,0.17418020424658961,38.54456605742993,-337697198835.0,-292582722336.8,26257270034.1,0.9968766932741487,-2211.5666725877963,-2053.250688690485,-158.31598389731153,2024,7,-0.004598069730556098,-0.04040663638811559,-0.1693195064900852,0.4120954280909439
2024-07-11 00:00:00+00:00,57729.890625,59299.43359375,57120.37890625,57344.9140625,28707803842,0.0,0.0,58570.34577636086,60733.6216112085,57130.16875,59923.334765625,65032.1625,,41.38187178094872,12.532875891473969,31.410569060706138,59923.334765625,64998.41249503915,54848.257036210845,0.16938569087531719,37.5339741811062,-366405002677.0,-298568807818.25,26383251639.25,1.0881071156252702,-2163.275834847642,-2075.2557179219166,-88.02011692572523,2024,7,-0.006885432015347748,0.006444818189571322,-0.14832639090328947,0.4018018480449222
2024-07-12 00:00:00+00:00,57341.1953125,58532.5546875,56590.17578125,57899.46484375,25604805221,0.0,0.0,58467.133325189956,60523.68407287824,57540.23984375,59605.6791015625,64948.79609375,,41.65520421340868,11.755900802136884,31.155522850449014,59605.6791015625,64322.47027857517,54888.887924549825,0.15826650239067666,39.90087493669397,-340800197456.0,-303767562978.3,27170581960.65,0.9423723517620032,-2056.550747688285,-2071.5147238751906,14.963976186905711,2024,7,0.009670444019596935,0.021832650744872506,-0.1515466397217956,0.39978351521895017
2024-07-13 00:00:00+00:00,57908.73828125,59787.078125,57796.44140625,59231.953125,17080061806,0.0,0.0,58584.79790977611,60428.000298961335,58045.6109375,59408.2369140625,64910.115494791666,,40.96192164443126,15.038967313977682,29.16030139865598,59408.2369140625,63815.33886072589,55001.13496739911,0.1483666971311914,45.26735329060959,-323720135650.0,-307553791457.95,27466061460.85,0.6218606126089772,-1843.2023891852223,-2025.8522569371971,182.64986775197485,2024,7,0.023013827240820017,0.015923802867348513,-0.11271496798235281,0.40695124199225347
2024-07-14 00:00:00+00:00,59225.25,61329.52734375,59225.25,60787.79296875,22223416061,0.0,0.0,58923.72022654132,60454.65160783457,58601.32421875,59433.755859375,64818.78717447917,,39.301548796499766,18.997861885195547,27.17885269635933,59433.755859375,63867.87673256097,54999.63498618903,0.14921220471670868,50.79244159386076,-301496719589.0,-308071242452.0,26419625581.35,0.841170742279097,-1530.931381293245,-1926.868081808407,395.9367005151619,2024,7,0.026266900915231206,0.08842904835937682,-0.0791276205940763,0.4191374134040911
2024-07-15 00:00:00+00:00,60815.45703125,64870.15234375,60704.9296875,64870.15234375,38094526099,0.0,0.0,59838.555936881115,60781.7257364209,60026.85546875,59587.0314453125,64812.763346354164,,36.99886611398557,27.34909273861198,23.740152901357796,59587.0314453125,64546.98107725486,54627.08181337015,0.16647748718593156,61.71359270619315,-263402193490.0,-308144027912.65,26864291114.75,1.4180357834971484,-943.1697995397844,-1730.1284253546826,786.9586258148981,2024,7,0.06715755212726138,0.1439915461745096,-0.01995509444259791,0.48443342352654273
2024-07-16 00:00:00+00:00,64784.41796875,65354.33984375,62487.96875,65097.1484375,41617346768,0.0,0.0,60647.57016774556,61101.38667724158,61577.30234375,59801.325,64780.1845703125,,35.06027432666413,26.452637288986914,21.704979578389757,59801.325,65322.56443684872,54280.085563151275,0.18465274596670633,62.215749388590304,-221784846722.0,-305010645881.7,27819858299.95,1.4959582582803737,-453.81650949602044,-1474.8660421829504,1021.04953268693,2024,7,0.003499237870556282,0.12218611236547638,-0.023138062589524444,0.4839617231600248
2024-07-17 00:00:00+00:00,65091.83203125,66066.734375,63896.0859375,64118.79296875,32525071311,0.0,0.0,61181.60444482316,61324.898254390355,62821.16796875,59927.024609375,64733.151041666664,,33.55297799162204,26.86867438307362,20.286671904173474,59927.024609375,65728.50174064354,54125.54747810647,0.19361806026862038,58.645548448403694,-254309918033.0,-304565104668.55,28384524613.25,1.1458733853804681,-143.2938095671925,-1208.5515956597987,1065.2577860926062,2024,7,-0.01502916014346345,0.11042641566182954,-0.03566691709481107,0.486599413732941
2024-07-18 00:00:00+00:00,64104.73828125,65104.66015625,63246.1640625,63974.06640625,27239305337,0.0,0.0,61611.213977350366,61521.13293230589,63769.590625,60109.72109375,64694.74602864583,,31.805193223108276,25.34179314415632,21.121107338022824,60109.72109375,66186.90621714487,54032.535970355115,0.20220307174330793,58.11428313459898,-281549223370.0,-304233885378.4,28498846536.25,0.9558037832286339,90.08104504447692,-948.8250675189436,1038.9061125634205,2024,7,-0.0022571629283560934,0.11560139991708618,-0.017910137010419325,0.481589766758952
2024-07-19 00:00:00+00:00,63972.32421875,67442.640625,63329.34375,66710.15625,37003855410,0.0,0.0,62395.666634681074,61905.505029912856,64954.06328125,60400.8599609375,64615.7787109375,,31.105337954912912,29.099171134441136,18.601565364982573,60400.8599609375,67155.09615434868,53646.62376752632,0.22364702084636826,64.63654065665295,-244545367960.0,-302685118487.55,29716394136.95,1.2452336996024902,490.16160476821824,-661.0277330615113,1151.1893378297295,2024,7,0.042768734230136385,0.15217224252464012,0.026937367271691715,0.5043044489399362
2024-07-20 00:00:00+00:00,66709.921875,67610.734375,66299.6171875,67163.6484375,19029581250,0.0,0.0,63129.20229665322,62294.99713417857,65412.7625,60625.127734375,64566.2306640625,,30.51611786480351,28.4588075492202,17.869817976537654,60625.127734375,67969.81851045955,53280.43695829045,0.24229856663609284,65.59286377703208,-225515786710.0,-301051533854.65,29801211879.0,0.6385505840253953,834.2051624746455,-361.98115395428,1196.1863164289255,2024,7,0.0067979482134701286,0.13390906249134438,0.03601790199839283,0.50452818596109
2024-07-21 00:00:00+00:00,67164.9140625,68372.90625,65842.296875,68154.5234375,26652190004,0.0,0.0,63902.328626014256,62729.03611960979,66024.2375,60890.2548828125,64550.10045572917,,30.24710864068663,28.584229429618297,16.519095180763518,60890.2548828125,68923.91264302823,52856.597122596766,0.2638733497068476,67.65131370213666,-198863596706.0,-299358758692.6,29860402408.15,0.8925596393411509,1173.2925064044684,-54.92642188253029,1228.2189282869988,2024,7,0.014753144342986024,0.12118766135393533,0.06331614461100243,0.5043829248112648
2024-07-22 00:00:00+00:00,68152.9765625,68480.0625,66611.296875,67585.25,42649109453,0.0,0.0,64468.93191431975,63088.75566630536,66717.52890625,61168.0666015625,64544.3619140625,,30.036995850521663,27.288548368827254,15.582406976481225,61168.0666015625,69734.16830486801,52601.96489825699,0.2800841085628394,65.23657756832057,-241512706159.0,-298790858153.6,30985277031.2,1.3764314390365249,1380.176248014388,232.0941120968534,1148.0821359175345,2024,7,-0.00835268752223095,0.0418543437644876,0.0518682980862879,0.5057711075444646
2024-07-23 00:00:00+00:00,67584.8046875,67779.015625,65484.4609375,65927.671875,35605668666,0.0,0.0,64693.35344673209,63299.0457558383,67108.25,61455.7541015625,64501.05475260417,,29.122657335839726,25.385202608202732,17.92085873266131,61455.7541015625,70264.31696932131,52647.1912338037,0.28666356784758257,58.66988814044659,-277118374825.0,-298515405963.65,31277725380.25,1.1383714203361743,1394.3076908937946,464.5368278562417,929.770863037553,2024,7,-0.02452573786440093,0.012758215335613166,0.043476422202058496,0.510144313375313
2024-07-24 00:00:00+00:00,65927.859375,67113.984375,65146.99609375,65372.1328125,27470942309,0.0,0.0,64797.78104146562,63452.60776003546,66840.6453125,61875.4755859375,64436.157877604164,,28.06532473947607,23.849508454721647,17.874613744133434,61875.4755859375,70585.03431785418,53165.91685402082,0.28151892650328525,56.61306360985845,-304589317134.0,-297556020427.65,30593792034.2,0.8979253790537293,1345.1732814301577,640.6641185710249,704.5091628591327,2024,7,-0.008426492953570563,0.019547152803716106,0.08452118972319256,0.48198052009835185
2024-07-25 00:00:00+00:00,65375.875,66112.421875,63473.47265625,65777.2265625,38315761670,0.0,0.0,64948.4649677786,63624.80174540321,66563.3609375,62331.2181640625,64390.4767578125,,26.12593705945286,21.93249126994585,21.535240874648334,62331.2181640625,70843.88587890822,53818.55044921679,0.27314299208590637,57.775507622011645,-266273555464.0,-291909969606.5,29738702916.05,1.2884140165145184,1323.6632223753913,777.2639393318982,546.3992830434931,2024,7,0.00619673448871394,0.02818579867659987,0.06427649926166046,0.475402639557921
2024-07-26 00:00:00+00:00,65771.8125,68207.6015625,65743.765625,67912.0625,30488630457,0.0,0.0,65404.40304965882,63942.37661611408,66514.86875,62811.6443359375,64365.7685546875,,25.29132833420069,26.6511833585576,19.92493312945757,62811.6443359375,71450.82824763207,54172.46042424292,0.27508224002190923,63.34861149354757,-235784925007.0,-285770003291.35,30232618410.05,1.0084680739020904,1462.0264335447355,914.2164381744658,547.8099953702697,2024,7,0.032455548053117234,0.01801684057665498,0.11676757118767878,0.4817912056433108
2024-07-27 00:00:00+00:00,67911.8125,69398.5078125,66705.21875,67813.3359375,34691905492,0.0,0.0,65775.00810932669,64229.11434362415,66560.4859375,63409.8556640625,64357.7205078125,,24.987664692874542,28.072389851362523,18.31290622861378,63409.8556640625,71667.56668331836,55152.144644806634,0.2604551274490889,62.93491811859593,-270476830499.0,-280336964275.55,30939545709.4,1.1212803774769053,1545.8937657025454,1040.5519036800818,505.3418620224636,2024,7,-0.0014537411892032726,0.009673201428367584,0.1007800541112962,0.48101580922978504
2024-07-28 00:00:00+00:00,67808.65625,68301.8515625,67085.828125,68255.8671875,18043166945,0.0,0.0,66156.67873673797,64527.3923320594,67026.125,63987.394140625,64369.01673177083,,24.705691311643122,27.009859372103158,17.619768909890755,63987.394140625,71878.23550023565,56096.552781014354,0.24663737180073178,64.06763628262937,-252433663554.0,-275990074907.45,29853396061.7,0.6043924419087525,1629.2864046785762,1158.2988038797807,470.9876007987955,2024,7,0.006525726007755361,0.0014869702682747121,0.13156022019232672,0.47297436326736514
2024-07-29 00:00:00+00:00,68259.0546875,69987.5390625,66532.59375,66819.9140625,40780682628,0.0,0.0,66258.71494070136,64697.20875653648,67315.68125,64427.928515625,64343.2654296875,,25.07767737736614,29.27048022395115,15.791012342968433,64427.928515625,71885.37005907838,56970.48697217162,0.23149716948123863,57.88589718126779,-293214346182.0,-275074695301.1,30499954562.75,1.337073553473617,1561.5061841648858,1238.9402799368017,322.56590422808404,2024,7,-0.021037797689324123,-0.011324008382006423,0.09743456300499465,0.4807943082994004
2024-07-30 00:00:00+00:00,66819.0546875,66987.671875,65323.19140625,66201.015625,31380492109,0.0,0.0,66249.83812290116,64808.60185790414,67400.4390625,64850.8544921875,64321.7587890625,,24.68173245350826,27.774832388835836,18.696846278753586,64850.8544921875,71641.4876209297,58060.22136344529,0.20942308877549998,55.40458458668644,-324594838291.0,-274419577273.9,30760216141.9,1.0201648767433429,1441.2362649970164,1279.3994769488447,161.83678804817168,2024,7,-0.009262185475442442,0.004146115617706947,0.05620323224192392,0.47333393631420917
2024-07-31 00:00:00+00:00,66201.2734375,66810.2109375,64532.046875,64619.25,31292785994,0.0,0.0,65998.97841168559,64794.57579435568,66741.8765625,65214.5712890625,64270.29733072917,,23.859125318685063,25.829447274731454,19.819638913769104,65214.5712890625,71020.2675411342,59408.875036990794,0.17804905061287774,49.55766673396698,-355887624285.0,-273893708354.3,30889465249.5,1.0130569027738843,1204.4026173299062,1264.4001050250572,-59.997487695150994,2024,7,-0.023893373992326827,-0.011516876994963843,0.02811796093089991,0.48193171094057935
2024-08-01 00:00:00+00:00,64625.83984375,65593.2421875,62248.94140625,65357.5,40975554494,0.0,0.0,65900.28942527242,64836.27388366267,66250.709375,65587.473046875,64230.39563802083,,22.362906562177304,23.254511615960478,24.649506677701616,65587.473046875,70262.88576728538,60912.06032646463,0.1425702959182124,52.09850134144864,-314912069791.0,-272599301971.05,31658002713.15,1.2943190025370648,1064.015541609755,1224.323192341997,-160.30765073224188,2024,8,0.011424614182306447,-0.006381031618917343,0.05366011924358993,0.480344937941818
2024-08-02 00:00:00+00:00,65353.5,65523.22265625,61184.89453125,61415.06640625,43060875727,0.0,0.0,65210.25511465359,64582.85110755803,64882.54921875,65696.6287109375,64107.233723958336,,21.43513695837695,20.411791276029494,24.634489109552007,65696.6287109375,69816.1737553575,61577.08366651751,0.12541115503950206,40.39628190154343,-357972945518.0,-274311942464.45,32957043409.2,1.3065758111960826,627.4040070955598,1104.9393552927095,-477.5353481971497,2024,8,-0.06032105869640059,-0.0956677776315511,0.020625953778253603,0.5161883165270805
2024-08-03 00:00:00+00:00,61414.80859375,62148.37109375,59836.52734375,60680.09375,31753030589,0.0,0.0,64513.307212399195,64293.75796996114,63654.58515625,65691.24375,63942.439192708334,,21.11265645138712,19.07370896124801,26.843005190147135,65691.24375,69837.99818757162,61544.48931242837,0.1262498379039025,38.65319175877953,-389725976107.0,-278723405290.35,33433524135.6,0.9497362724975017,219.54924243805726,927.8613327217791,-708.3120902837219,2024,8,-0.011967302150066583,-0.10518937151350782,0.06497963978782262,0.4805841887513632
2024-08-04 00:00:00+00:00,60676.09375,61062.98828125,57210.8046875,58116.9765625,31758917219,0.0,0.0,63529.25634318394,63836.2186064455,62037.77734375,65353.5849609375,63726.341796875,,21.69542255680282,17.066141133463624,31.191951837897264,65353.5849609375,70706.28289178593,60000.88703008906,0.1638073239302112,33.262811836139306,-421484893326.0,-286627540282.15,33116743691.6,0.9589987927181256,-306.96226326156466,680.8966135251104,-987.8588767866751,2024,8,-0.04223983565450573,-0.14854240437892763,0.025671383568020234,0.5046679919970948
2024-08-05 00:00:00+00:00,58110.296875,58268.828125,49121.23828125,53991.45703125,108991085584,0.0,0.0,62061.90260288641,63106.97700828287,59912.21875,64798.300390625,63446.913346354166,,23.905354582689036,13.44674160881267,43.33185611729696,64798.300390625,72181.91531228994,57414.68546896006,0.22789532679573807,26.7874954500394,-530475978910.0,-302062096891.55,36485430632.4,2.9872495320697436,-1045.074405396459,335.7024097407965,-1380.7768151372557,2024,8,-0.07098647891315102,-0.19198553621680658,-0.07395918156233283,0.553477815418063
2024-08-06 00:00:00+00:00,53991.34765625,57059.91796875,53973.2734375,56034.31640625,49300484106,0.0,0.0,61134.58164955773,62583.0762229471,58047.58203125,64394.0765625,63225.10885416667,,25.957434321011945,12.48459702739935,40.23136443100507,64394.0765625,72754.85153422078,56033.301590779214,0.2596752812692618,33.673016182234846,-481175494804.0,-313405375730.1,37324201272.15,1.3208717782471684,-1448.4945733893692,-21.136986885236638,-1427.3575865041325,2024,8,0.03783671505322772,-0.15357316081583905,0.0033162038450142983,0.5510853941239588
2024-08-07 00:00:00+00:00,56040.6328125,57726.8828125,54620.5078125,55027.4609375,41637562185,0.0,0.0,60195.024616933464,62023.40101661768,56770.0609375,63946.7462890625,62987.136979166666,,27.52912513276959,13.131317314453298,37.33600136116444,63946.7462890625,73300.52000959952,54592.97256852548,0.2925488555197029,32.07201687963277,-522813056989.0,-325468567411.05,38044114114.55,1.0944547705758163,-1828.3763996842172,-382.5848694450328,-1445.7915302391843,2024,8,-0.017968550940289485,-0.1484354749165303,-0.02958528929656279,0.5520587577031004
2024-08-08 00:00:00+00:00,55030.02734375,62673.765625,54766.7265625,61710.13671875,45298472567,0.0,0.0,60428.1187864437,62000.19625381267,56976.06953125,63696.7453125,62854.83938802083,,26.91175953522963,21.276350465520206,31.184019484357627,63696.7453125,73006.70739465981,54386.783230340196,0.2923214376648158,49.30149781802706,-477514584422.0,-337117028234.15,38458844972.4,1.1778427719165372,-1572.0774673689666,-620.4833890298196,-951.594078339147,2024,8,0.12144256099404904,-0.055806346345101954,0.06379864679392999,0.6936457967848274
2024-08-09 00:00:00+00:00,61728.20703125,61751.86328125,59587.859375,60880.11328125,33425553115,0.0,0.0,60497.656401029286,61917.22714473395,57528.696875,63382.5685546875,62710.969921875,,26.3384914803711,20.29093766422577,29.739733630658243,63382.5685546875,72623.75758027792,54141.37952909709,0.29160033227801324,47.68372225303167,-510940137537.0,-351388245775.5,39178643565.65,0.8531574876754018,-1419.5707437046658,-780.3008599647889,-639.269883739877,2024,8,-0.013450358103773374,-0.008710454230585363,0.05433809412059021,0.6955007012128094
2024-08-10 00:00:00+00:00,60881.23046875,61464.51171875,60287.56640625,60945.8125,15745822278,0.0,0.0,60566.60349317863,61845.27050438329,58919.56796875,63022.1330078125,62604.532942708334,,25.80617114371675,19.755039951751847,28.9542866746828,63022.1330078125,72039.2620920578,54005.0039235672,0.2861575339929386,47.82964951873506,-495194315259.0,-366204781703.15,38633325179.35,0.40757098191528024,-1278.6670112046631,-879.9740902127637,-398.6929209918994,2024,8,0.001079157301276501,0.004379010208763967,0.0627936844333814,0.6947179658422954
2024-08-11 00:00:00+00:00,60944.890625,61778.66015625,58348.82421875,58719.484375,22759754812,0.0,0.0,60282.43132115115,61613.73079109564,59456.6015625,62578.8447265625,62445.837890625,,25.82026631483804,18.242953300957456,31.064660366061762,62578.8447265625,71522.8411128061,53634.848340318895,0.28584728354523914,43.41078304263203,-517954070071.0,-380026849898.75,37638857447.3,0.6046877178423133,-1331.2994699444898,-970.2391661591091,-361.0603037853807,2024,8,-0.036529632368097475,0.010367156864260707,0.014162817108291703,0.7074220940790271
2024-08-12 00:00:00+00:00,58719.39453125,60680.33203125,57688.8984375,59354.515625,37078637820,0.0,0.0,60139.67506020482,61446.381519532995,60322.0125,62250.1869140625,62322.47317708333,,25.998066585135202,17.019371553473892,30.460739353716075,62250.1869140625,71159.05800654972,53341.31582157528,0.28622793068191354,44.9724361679343,-480875432251.0,-390214702770.05,37712505905.0,0.9831920984885822,-1306.7064593281757,-1037.5326247929224,-269.17383453525326,2024,8,0.010814659848586317,0.09933161445607741,0.0020691956542671086,0.7039407620894624
2024-08-13 00:00:00+00:00,59356.20703125,61572.3984375,58506.25390625,60609.56640625,30327698167,0.0,0.0,60211.966036519465,61384.39521484537,60101.8984375,62012.05859375,62232.44772135417,,25.765434403474906,17.85169845438653,28.361036304850767,62012.05859375,70823.64083050039,53200.476356999614,0.28418931532256786,48.02520925202724,-450547734084.0,-397512623617.55,37855343697.9,0.8011470826688706,-1172.4291783259032,-1064.5119354995186,-107.91724282638461,2024,8,0.021144992390795814,0.08165085778559944,-0.0029319465931527677,0.7018238956381018
2024-08-14 00:00:00+00:00,60611.05078125,61687.7578125,58472.875,58737.26953125,29961696180,0.0,0.0,59985.089651093396,61188.31183087534,59673.3296875,61660.0607421875,62108.21888020833,,25.49675087290595,16.821678472678425,26.31296779510519,61660.0607421875,70400.51256740133,52919.60891697369,0.2835044831291788,44.09511625573918,-480509430264.0,-408224417357.55,37437640423.4,0.8003094169704338,-1203.2221797819439,-1092.2539843560037,-110.96819542594017,2024,8,-0.0308911115194338,0.06741740452032818,-0.09454090349598021,0.6671588712775247
2024-08-15 00:00:00+00:00,58733.26171875,59838.6484375,56161.59375,57560.09765625,35682112440,0.0,0.0,59612.01395957903,60919.55522534754,58996.18671875,61142.4625,61956.903059895834,,25.886524948770365,15.44762472709717,29.298001483158558,61142.4625,69543.49788151847,52741.42711848153,0.2748019964527425,41.7801058600334,-516191542704.0,-422244748242.4,37697314522.55,0.9465425559334064,-1307.5412657685083,-1135.3114406385046,-172.22982513000375,2024,8,-0.020041310813293967,-0.06725052451940283,-0.11578158125445925,0.6694422036908777
2024-08-16 00:00:00+00:00,57560.2734375,59847.359375,57110.01953125,58894.10546875,29350938673,0.0,0.0,59501.56649945149,60769.521910044015,59031.1109375,60696.5009765625,61830.29986979167,,26.244103698194195,14.517755955997627,27.497315427423853,60696.5009765625,68534.59354595635,52858.40840716865,0.25827164476649056,45.285736759357654,-486840604031.0,-433062936919.0,37430266181.6,0.7841498783524109,-1267.9554105925272,-1161.8402346293092,-106.11517596321801,2024,8,0.023175912946963972,-0.03262161821751497,-0.08148449554479897,0.6744156920485914
2024-08-17 00:00:00+00:00,58893.53125,59694.66796875,58814.83203125,59478.97265625,13589684021,0.0,0.0,59498.090523574334,60673.92566902224,59056.00234375,60257.65625,61735.93697916667,,26.576141108373463,14.21533303410652,26.9245121304868,60257.65625,67250.97961731789,53264.33288268211,0.2321140184511538,46.798267193128105,-473250920010.0,-444103799741.8,37207592035.4,0.3652395459526249,-1175.8351454479052,-1164.6392167930285,-11.195928654876752,2024,8,0.00993082725079053,-0.024067934835555804,-0.07026431181433934,0.6757502972639956
2024-08-18 00:00:00+00:00,59468.1328125,60262.71875,58445.40234375,58483.96484375,17740625837,0.0,0.0,59342.071188216745,60511.706348631706,58630.88203125,59840.8587890625,61627.99811197917,,26.566493957750186,14.970053796994284,25.732158797844324,59840.8587890625,66147.32275462426,53534.394823500734,0.21077451404204894,44.542313140203284,-490991545847.0,-453992659725.05,36055589195.85,0.492035388484012,-1169.6351604149604,-1165.6384055174149,-3.996754897545543,2024,8,-0.016728732324455264,-0.004010926420026095,-0.12331242900139361,0.6579570899410047
2024-08-19 00:00:00+00:00,58480.7109375,59612.66015625,57864.7109375,59493.453125,25911207712,0.0,0.0,59365.36071695263,60436.28018391824,58782.11875,59505.4806640625,61539.07805989583,,26.747155327934827,14.313477450689478,26.06062730221482,59505.4806640625,65055.90203811942,53955.059290005585,0.1865516020412223,47.31709997521242,-465080338135.0,-461016934717.25,35782124976.0,0.7241383156919641,-1070.9194669656135,-1146.6946178070548,75.77515084144125,2024,8,0.01726094125025579,0.0023408075786146565,-0.11420158807539471,0.6610863136625579
2024-08-20 00:00:00+00:00,59493.453125,61396.328125,58610.8828125,59012.79296875,31613400008,0.0,0.0,59311.11952492146,60330.83668649837,59072.6578125,59225.1578125,61454.35462239583,,25.931500279829567,17.793984082903002,24.236393983066886,59225.1578125,64227.3589935027,54222.956631497305,0.16892149774726092,46.133497725396644,-496693738143.0,-468057240410.15,35798155676.7,0.8831013612406927,-1019.7171615769112,-1121.2991265610262,101.58196498411507,2024,8,-0.008079210921579816,-0.026345237759947793,-0.13413240981918506,0.6579554510139903
2024-08-21 00:00:00+00:00,59014.98828125,61834.3515625,58823.4453125,61175.19140625,32731154072,0.0,0.0,59597.89981435661,60393.381480554046,59528.875,59016.0423828125,61403.06484375,,24.948138405473063,17.549403185561353,22.410271448564004,59016.0423828125,63225.73056143373,54806.354204191266,0.14266250357198598,51.95599322189438,-463962584071.0,-475509766124.15,35385935655.6,0.9249763632241312,-795.4816661974328,-1056.1356344883077,260.6539682908749,2024,8,0.03664287570061453,0.04150553633929044,-0.0948440465005308,0.6729541069698077
2024-08-22 00:00:00+00:00,61168.31640625,61408.109375,59815.25390625,60381.9140625,27625734377,0.0,0.0,59718.51739099406,60392.53204217967,59709.46328125,58964.384765625,61356.416796875,,24.035016664999166,16.82707531573151,21.487871782513366,58964.384765625,63074.29379670646,54854.47573454354,0.13940310061464248,49.828152174503366,-491588318448.0,-482190534770.65,34614178588.1,0.7981045774836745,-674.0146511856146,-979.7114378277691,305.6967866421545,2024,8,-0.012967304646127387,0.049023829373986416,-0.08411881771003304,0.6694406919836569
2024-08-23 00:00:00+00:00,60380.953125,64947.0625,60372.05078125,64094.35546875,42530509233,0.0,0.0,60391.72324911036,60666.74118488858,60831.54140625,59135.0978515625,61420.032486979166,,23.087544816521984,23.662672058617744,19.06114180222308,59135.0978515625,63792.271290678436,54477.92441244657,0.15750962147069072,58.41214412293932,-449057809215.0,-485157126426.05,35153052520.3,1.209866745098159,-275.01793577822536,-838.7727374178604,563.754801639635,2024,8,0.061482671821355916,0.08829831030813984,-0.01954620858730305,0.704917457686486
2024-08-24 00:00:00+00:00,64103.87109375,64513.7890625,63619.91796875,64178.9921875,21430585163,0.0,0.0,60974.380008862616,60926.90792582276,61768.64921875,59438.1986328125,61459.60501302083,,22.20774952865031,23.113434904199938,18.61871132533218,59438.1986328125,64580.20118231146,54296.19608331354,0.1730201341149107,58.58610802685092,-427627224052.0,-485464242962.35,34636635917.5,0.6187259413427126,47.47208303985826,-661.5237733263167,708.995856366175,2024,8,0.0013205019089592707,0.07901985056825156,-0.024297685666047286,0.7045818872879058
2024-08-25 00:00:00+00:00,64176.3671875,64996.421875,63833.51953125,64333.54296875,18827683555,0.0,0.0,61491.17431038375,61179.25126233589,62832.79921875,59955.3029296875,61518.30944010417,,21.590465357306556,23.69260868393804,18.032302701290345,59955.3029296875,64865.87945403033,55044.72640534468,0.16380791304154352,58.92399996541069,-408799540497.0,-479380421041.7,30128465816.05,0.624913451284006,311.9230480478582,-466.83440905148177,778.75745709934,2024,8,0.0024081210374646833,0.10002020452320837,-0.052693430290826515,0.6947941247179056
2024-08-26 00:00:00+00:00,64342.2265625,64489.70703125,62849.55859375,62880.66015625,27682040631,0.0,0.0,61704.94136359394,61305.28155077397,63173.89296875,60297.6201171875,61539.57376302083,,20.49523156427138,22.610940752264817,19.94794918723556,60297.6201171875,65007.75090106047,55587.48933331453,0.15622940921113979,54.42826845260826,-436481581128.0,-477145725357.9,29047543642.3,0.9529907579065822,399.6598128199694,-293.5355646771916,693.195377497161,2024,8,-0.022583597070127692,0.05693411381136748,-0.0727390226871627,0.6987974091489899
2024-08-27 00:00:00+00:00,62879.70703125,63210.796875,58116.75,59504.1328125,39103882198,0.0,0.0,61366.35543265642,61171.86312571664,62998.33671875,60521.4537109375,61525.97369791667,,20.48190052560986,19.615594613632258,29.6132905129003,60521.4537109375,64553.77945423483,56489.127967640175,0.13325277223367818,45.70133943511273,-475585463326.0,-474784345674.75,28920859642.95,1.3520995807443885,194.49230693977734,-195.9299903537978,390.4222972935751,2024,8,-0.05369739018896724,0.008325988637924553,-0.12821951775894724,0.7209011798087501
2024-08-28 00:00:00+00:00,59507.92578125,60236.44921875,57890.67578125,59027.625,40289564698,0.0,0.0,61006.55075070928,61013.03067195985,61984.990625,60387.328125,61494.977799479166,,20.541801126679324,18.40637688701828,28.381869043850916,60387.328125,64431.61207681395,56343.04417318605,0.13394478866302553,44.61417746107634,-515875028024.0,-476702367854.85,28670414249.5,1.4052662213871792,-6.479921250574989,-158.03997653315324,151.56005528257825,2024,8,-0.00800797843742207,-0.03510518491047321,-0.11661626884481602,0.7184285417752343
2024-08-29 00:00:00+00:00,59027.46875,61184.08203125,58786.2265625,59388.1796875,32224990582,0.0,0.0,60757.57058713862,60892.67133977765,61026.828125,60312.7314453125,61440.142578125,,20.127632020003333,19.748130252448593,26.578225813756646,60312.7314453125,64373.746935149466,56251.715955475534,0.13466528185742074,45.667379712956745,-483650037442.0,-475337862850.1,28610386122.85,1.1263388911855041,-135.100752639024,-153.4521317543274,18.351379115303416,2024,8,0.006108236397788236,-0.01645748384145962,-0.1029113507274837,0.7188651420163084
2024-08-30 00:00:00+00:00,59388.6015625,59896.88671875,57768.53125,59119.4765625,32292756405,0.0,0.0,60505.556121809605,60761.32357849782,59984.01484375,60221.4146484375,61377.9341796875,,20.102340837599257,18.617214652139378,27.794451128038023,60221.4146484375,64304.56520670489,56138.264090170116,0.13560460451167186,44.98090022246278,-515942793847.0,-476375286779.5,29437732829.2,1.0969851717985575,-255.7674566882124,-173.9151967411044,-81.852259947108,2024,8,-0.004524521990973862,-0.07761805029267455,-0.08511044986594551,0.7149242696571848
2024-08-31 00:00:00+00:00,59117.48046875,59432.59375,58768.78515625,58969.8984375,12403470760,0.0,0.0,60269.30109345428,60628.62541990539,59201.8625,60233.9353515625,61326.948893229164,,20.078856168224046,18.265874272569345,27.269919763291504,60233.9353515625,64299.1905894059,56168.68011371909,0.13498222269941557,44.57917091936698,-528346264607.0,-476894896506.3,28919918626.6,0.42889023721496644,-359.32432645110384,-210.99702268310432,-148.32730376799952,2024,8,-0.002530098940268344,-0.08116509113732329,-0.09773326033737517,0.7132081834364625
2024-09-01 00:00:00+00:00,58969.80078125,59062.0703125,57217.82421875,57325.48828125,24592449997,0.0,0.0,59816.40681465362,60383.9485948198,58766.13359375,60132.483984375,61279.475,,20.59819344443292,17.289627349674266,30.307143273458493,60132.483984375,64387.01131699674,55877.956651753266,0.1415051250411423,40.31620587446807,-552938714604.0,-480498060623.95,28295609235.45,0.8691260114728148,-567.5417801661752,-282.30597417971853,-285.2358059864566,2024,9,-0.027885585694078285,-0.10893313758429501,-0.06658916719145347,0.6888181003694162
2024-09-02 00:00:00+00:00,57326.96875,59403.0703125,57136.02734375,59112.48046875,27036454524,0.0,0.0,59708.11045374537,60289.76577066648,58783.1046875,60057.6296875,61315.05462239583,,20.881492615270083,17.141084034585365,28.304514349336625,60057.6296875,64329.45906595585,55785.80030904414,0.14225767485941812,46.323279375495396,-525902260080.0,-484265786923.75,28131047053.3,0.9610895205135426,-581.6553169211111,-342.17584272799706,-239.47947419311402,2024,9,0.031172733823612075,-0.05992589260571657,-0.025834061623380422,0.6970961482446776
2024-09-03 00:00:00+00:00,59106.19140625,59815.05859375,57425.16796875,57431.0234375,26666961053,0.0,0.0,59357.78937432301,60078.007079320814,58391.6734375,59992.3173828125,61327.8654296875,,20.898375666295376,17.14790230995859,26.329369718114144,59992.3173828125,64387.312027225445,55597.322738399555,0.14651858225006956,42.03605442891502,-552569221133.0,-487868776467.2,27966310296.95,0.9535387675330304,-720.2177049978054,-417.78421518195876,-302.43348981584666,2024,9,-0.02844504270361159,-0.03483975443407361,-0.011802973340540368,0.688240505739466
2024-09-04 00:00:00+00:00,57430.34765625,58511.5703125,55673.1640625,57971.5390625,35627680312,0.0,0.0,59144.52009558101,59921.97241140816,58162.0859375,60012.889453125,61322.33209635417,,21.54771796137853,15.742804640895,29.229677889669038,60012.889453125,64363.5768316293,55662.20207462069,0.14499176487419593,43.83552938402709,-516941540821.0,-487906276373.05,27963588690.55,1.2740739647640433,-777.452315827155,-489.717835310998,-287.73448051615696,2024,9,0.00941156177702851,-0.01789138454240702,0.07371688504250495,0.6389180987071508
2024-09-05 00:00:00+00:00,57971.703125,58300.58203125,55712.453125,56160.48828125,31030280656,0.0,0.0,58685.43827799162,59643.34395732237,57600.20390625,59876.20859375,61327.521744791666,,22.150678663955745,14.570436251606194,27.05294056943804,59876.20859375,64535.68602548427,55216.731162015734,0.15563702315716205,39.41973698742214,-547971821477.0,-490962837245.35,28047555789.7,1.1063452690375022,-957.9056793307536,-583.3554041149491,-374.5502752158045,2024,9,-0.031240343288065575,-0.054349054361222726,0.0022516893770105906,0.6368016835223188
2024-09-06 00:00:00+00:00,56160.19140625,56976.109375,52598.69921875,53948.75390625,49361693566,0.0,0.0,57956.71760541598,59221.52247205775,56924.85703125,59599.69765625,61281.582682291664,,23.651641026635872,12.83011803220342,32.31785960981079,59599.69765625,64961.820643339044,54237.57466916095,0.17993792579337825,34.808150453508574,-597333515043.0,-497166966997.0,29836156266.95,1.6544253597665581,-1264.8048666417744,-719.6452966203142,-545.1595700214602,2024,9,-0.03938239218868078,-0.08746225367512528,-0.01960306750251828,0.648923302078276
2024-09-07 00:00:00+00:00,53949.0859375,54838.14453125,53740.0703125,54139.6875,19061486526,0.0,0.0,57369.48220458275,58845.09025190533,55930.2984375,59382.4837890625,61217.09036458333,,25.045391791981707,12.429072242607244,31.307663016705174,59382.4837890625,65261.92052947922,53503.04704864578,0.198019226049943,35.50955100512178,-578272028517.0,-501530991130.5,29902199301.4,0.637461021975984,-1475.6080473225738,-870.8378467607662,-604.7702005618077,2024,9,0.003539165966313096,-0.08190977202749228,-0.12267756354605186,0.4790060946279878
2024-09-08 00:00:00+00:00,54147.93359375,55300.859375,53653.7578125,54841.56640625,18268287531,0.0,0.0,56980.57208176233,58548.532930004934,55412.40703125,59149.889453125,61168.741536458336,,26.018350233421298,13.181967972954983,29.802810633754817,59149.889453125,65369.08811209057,52930.690794159425,0.2102860619509408,38.14417086002173,-560003740986.0,-506277161273.05,29520053292.35,0.6188433113613028,-1567.9608482426047,-1010.2624470571338,-557.6984011854709,2024,9,0.012964221602682846,-0.04333014771393473,-0.09918751049465879,0.48133693123647125
2024-09-09 00:00:00+00:00,54851.88671875,58041.125,54598.43359375,57019.53515625,34618096173,0.0,0.0,56986.56640091428,58435.27383565272,55222.00625,59050.2265625,61163.3185546875,,25.268621706518825,19.666123819046373,26.893119860813076,59050.2265625,65342.13468170245,52758.31844329755,0.21310360638643666,45.57436560304652,-525385644813.0,-507711756606.55,29670288100.6,1.1667596908942703,-1448.7074347384405,-1097.9514445933953,-350.7559901450452,2024,9,0.039713831911113884,-0.03540614935971842,-0.06442243006851378,0.5039616771883587
2024-09-10 00:00:00+00:00,57020.09765625,58029.9765625,56419.4140625,57648.7109375,28857630507,0.0,0.0,57088.43479115824,58377.00991727103,55519.65078125,58873.9025390625,61159.139322916664,,24.572445217252245,18.744148084589238,25.63233231754013,58873.9025390625,65112.50020862068,52635.304869504325,0.21193083524296366,47.53498981605951,-496528014306.0,-509340028118.3,29476611922.35,0.9790009307385605,-1288.5751261127953,-1136.0761808972754,-152.49894521551983,2024,9,0.011034389872275785,0.003790416520034645,-0.01823540259076062,0.48991645262373495
2024-09-11 00:00:00+00:00,57650.2890625,57991.3203125,55567.33984375,57343.171875,37049062672,0.0,0.0,57127.62511174928,58300.42932154725,56198.534375,58721.9654296875,61127.65963541667,,24.26857644017553,17.420429130180278,26.30460502160482,58721.9654296875,64953.93426785373,52489.996591521274,0.21225341463164277,46.65601202095443,-533577076978.0,-511439466044.8,29947778337.1,1.2371222417558356,-1172.8042097979705,-1143.4217866774145,-29.38242312055604,2024,9,-0.005300015516934153,-0.010839235901992317,-0.033886954157078875,0.4885392833009869
2024-09-12 00:00:00+00:00,57343.171875,58534.359375,57330.1015625,58127.01171875,33835707949,0.0,0.0,57281.376897441696,58287.58357319189,56995.99921875,58423.5982421875,61083.31328125,,23.66409143893688,18.427944740447007,25.34690380910906,58423.5982421875,64121.03542623352,52726.161058141486,0.19503890056302328,49.248738015313826,-499741369029.0,-513973644035.5,29513038272.9,1.1464664409041627,-1006.2066757501962,-1115.9787644919709,109.77208874177472,2024,9,0.013669279499548104,0.03501613852877683,-0.04095978299630276,0.48498938276633624
2024-09-13 00:00:00+00:00,58130.32421875,60648.0234375,57650.11328125,60571.30078125,32490528356,0.0,0.0,57787.5190334122,58456.74781082583,58141.94609375,58243.213671875,61011.665755208334,,21.979044678916882,23.05897963136847,23.0928720737816,58243.213671875,63373.63993057151,53112.787413178485,0.17617249925801873,56.37013114765718,-467250840673.0,-515954824866.55,30066035432.55,1.0806389298944683,-669.2287774136275,-1026.6287670763022,357.39998966267467,2024,9,0.04205082955798245,0.1227562528415096,0.031224319152667546,0.49519198651361995
2024-09-14 00:00:00+00:00,60569.1171875,60656.72265625,59517.8828125,60005.12109375,16428405496,0.0,0.0,58128.68858115648,58571.44212807947,58739.06328125,58026.792578125,60926.7986328125,,20.410056884634685,22.27635331886119,22.282241986298228,58026.792578125,62382.10378467725,53671.48137157275,0.15011380133370048,54.46374014019859,-483679246169.0,-519698810150.15,29946071529.6,0.5485996879344074,-442.7535469229915,-909.8537230456402,467.1001761226487,2024,9,-0.00934732588201681,0.1083388889850907,0.042477749987529956,0.4907630238433612
2024-09-15 00:00:00+00:00,60000.7265625,60381.91796875,58696.30859375,59182.8359375,18120960867,0.0,0.0,58290.86509751702,58616.73055840692,59045.88828125,57841.9013671875,60844.53268229167,,19.365045217908186,21.09596955362349,23.68421664776306,57841.9013671875,61603.037958789384,54080.764775585616,0.13004885740963895,51.72760133675645,-501800207036.0,-522964741445.55,29468017541.4,0.6149365440529424,-325.86546088990144,-793.0560706144925,467.190609724591,2024,9,-0.013703582981947293,0.07916020303087556,0.004902535940599417,0.48730306064716344
2024-09-16 00:00:00+00:00,59185.2265625,59205.51171875,57501.33984375,58192.5078125,32032822113,0.0,0.0,58275.73320751439,58585.3066513027,59215.75546875,57776.3201171875,60748.17337239583,,18.95228826469441,19.945274398342047,26.217101542434907,57776.3201171875,61460.3710535443,54092.26918083069,0.12752805747698914,48.56328382277595,-533833029149.0,-525877119736.7,29114464537.15,1.1002373776143533,-309.5734437883075,-696.3595452492555,386.786101460948,2024,9,-0.016733367188517922,0.020571417375391032,-0.0216289015478619,0.48966169801224585
2024-09-17 00:00:00+00:00,58192.5078125,61316.08984375,57628.0703125,60308.5390625,38075570118,0.0,0.0,58588.472569819874,58712.95349657658,59652.0609375,57840.3658203125,60641.479752604166,,17.732646450754217,24.15022572819406,23.2601886584566,57840.3658203125,61658.12020347968,54022.61143714532,0.13201003586413876,54.91021163963226,-495757459031.0,-524871241287.05,29003764808.15,1.3127802673155327,-124.48092675670341,-581.9838215507451,457.5028947940417,2024,9,0.0363626062794542,0.046138553347422784,0.03119785437982303,0.5022520471660537
2024-09-18 00:00:00+00:00,60309.0,61664.06640625,59218.25390625,61649.6796875,40990702891,0.0,0.0,59059.42751100143,58930.488769978314,59867.73671875,57953.4408203125,60549.5802734375,,16.765542625916673,23.410523528770756,21.526238416049694,57953.4408203125,62085.26482882322,53821.616811801774,0.14259115421020985,58.41278385656586,-454766756140.0,-523427077221.95,29442050423.6,1.3922502781308632,128.93874102311383,-439.79930903597335,568.7380500590872,2024,9,0.02223798894564699,0.07510062090544234,0.036243089772745485,0.5045304708883198
2024-09-19 00:00:00+00:00,61651.15625,63872.44140625,61609.8671875,62940.45703125,42710252573,0.0,0.0,59656.50897565505,59227.52345599844,60454.80390625,58144.48984375,60462.67916666667,,16.818071819447145,28.53966789602598,20.038096916404932,58144.48984375,62820.80311330142,53468.17657419858,0.16085146785595478,61.51163069646091,-412056503567.0,-518232762707.95,29962925232.0,1.4254366769031626,428.9855196566132,-266.04234329745606,695.0278629540692,2024,9,0.020937291974474137,0.08280909632495925,0.06655614596278947,0.5077215556160958
2024-09-20 00:00:00+00:00,62941.42578125,64119.53125,62364.60546875,63192.9765625,35177164222,0.0,0.0,60200.58091209273,59521.260723146705,61256.83203125,58355.64375,60389.474609375,,16.963852474260932,27.750262228496624,18.94416057179105,58355.64375,63542.40324715759,53168.884252842414,0.1777637658965107,62.106515842545946,-376879339345.0,-510659416444.85,31101609905.1,1.131039979259456,679.3201889460252,-76.96983684875983,756.2900257947849,2024,9,0.004012038411551844,0.04328247449593392,0.032983716272342534,0.49262870747204834
2024-09-21 00:00:00+00:00,63184.33984375,63543.359375,62783.10546875,63394.83984375,14408616220,0.0,0.0,60692.00536311693,59808.19250985806,62297.2984375,58659.111328125,60347.2607421875,,17.09922022515945,27.061031680651897,18.473646309192628,58659.111328125,64283.815810625514,53034.406845624486,0.1917759868893092,62.60410915469516,-362470723125.0,-501136016870.9,30592418216.25,0.47098650777291184,883.8128532588671,115.18670117276558,768.6261520861016,2024,9,0.003194394254405042,0.05649049094833125,0.049897818378718206,0.48991315968387644
2024-09-22 00:00:00+00:00,63396.8046875,63993.421875,62440.7265625,63648.7109375,20183348802,0.0,0.0,61146.883143791245,60092.67535635005,62965.3328125,58885.9228515625,60318.53704427083,,17.419688300381097,27.16073477776129,17.51675346027613,58885.9228515625,64937.26230814677,52834.58339497823,0.20552754082969082,63.25756838885968,-342287374323.0,-491955272583.05,30249762930.15,0.6672233712576707,1054.2077874411916,302.9909184264508,751.2168690147408,2024,9,0.004004601863112578,0.0754589557809664,-0.006952945044704895,0.44052481825138645
2024-09-23 00:00:00+00:00,63643.1015625,64733.55859375,62628.078125,63329.80078125,31400285425,0.0,0.0,61482.71662647721,60332.46242486116,63301.35703125,59180.86171875,60277.74661458333,,18.031889702467254,27.722759424206632,16.28493588518944,59180.86171875,65502.593807026395,52859.1296304736,0.21364109628277045,61.79673750060134,-373687659748.0,-483011194513.8,30486429148.75,1.029975838488368,1150.2542016160514,472.443575064371,677.8106265516805,2024,9,-0.005010473135318549,0.08828100320581966,-0.01323161017812613,0.4408439268545984
2024-09-24 00:00:00+00:00,63326.83984375,64695.21484375,62737.41796875,64301.96875,29938335243,0.0,0.0,61916.44772240379,60626.499930427,63573.659375,59497.383203125,60217.578385416666,,18.600362432975828,25.898963427031674,15.213599499543577,59497.383203125,66187.35948768545,52807.40691856456,0.22488304272881252,64.4889457808288,-343749324505.0,-474351583698.0,30201961895.3,0.9912712077045225,1289.9477919767887,635.9444184468546,654.0033735299342,2024,9,0.01535087678718594,0.06621665438390845,-0.0004907893657487561,0.4441019339962921
2024-09-25 00:00:00+00:00,64302.58984375,64804.50390625,62945.375,63143.14453125,25078377700,0.0,0.0,62105.17030838013,60812.91804900649,63563.69296875,59846.516015625,60139.741861979164,,19.178598651939346,24.636952393455825,14.254593767487442,59846.516015625,66532.0668340872,53160.96519716279,0.22342322539600182,59.139070742048325,-368827702205.0,-465394377734.4,29904366747.5,0.8386192528921064,1292.252259373643,767.2059866322123,525.0462727414307,2024,9,-0.018021597802944433,0.024225021951781667,0.004174326006561646,0.4414273394665949
2024-09-26 00:00:00+00:00,63138.546875,65790.796875,62669.26953125,65181.01953125,36873129847,0.0,0.0,62578.377881129345,61136.48112176527,63920.92890625,60408.129296875,60088.494401041666,,20.159299464265587,25.34904098982198,12.796086147201056,60408.129296875,66891.69461885074,53924.563974899254,0.21465870231181447,64.68707421230329,-331954572358.0,-452125430600.15,29279938561.55,1.2593308476207417,1441.8967593640773,902.1441411785854,539.7526181854919,2024,9,0.032273891570151925,0.03559812886149771,0.09540323420287633,0.4095302147792005
2024-09-27 00:00:00+00:00,65180.6640625,66480.6953125,64852.9921875,65790.6640625,32058813449,0.0,0.0,63072.57575518637,61481.235413671544,64349.31953125,60990.678125,60071.340234375,,21.357544169805116,26.274686575609667,12.100804389187328,60990.678125,67190.25360791826,54791.102642081736,0.20329583711833055,66.16704205185218,-299895758909.0,-438206617119.75,29929804907.7,1.0711333918769472,1591.3403415148277,1039.983381245834,551.3569602689938,2024,9,0.00935309904070647,0.04110721857564026,0.11457413478011347,0.40799049307817503
2024-09-28 00:00:00+00:00,65792.1796875,66255.53125,65458.03515625,65887.6484375,15243637984,0.0,0.0,63505.6638601577,61807.63637839958,64860.8890625,61542.9822265625,60066.117447916666,,22.470199967806106,25.542396132391826,11.763548095607932,61542.9822265625,67394.35082400123,55691.61362912377,0.1901555103682716,66.40823310655139,-284652120925.0,-424439036116.7,29778572430.35,0.5118995552810265,1698.027481758123,1171.5922013482918,526.4352804098312,2024,9,0.0014741358273548943,0.039321947967595694,0.10944044394356145,0.40798674782479016
2024-09-29 00:00:00+00:00,65888.8984375,66069.34375,65450.015625,65635.3046875,14788214575,0.0,0.0,63833.30091051805,62091.16736425887,65127.55625,61973.770703125,60083.05169270833,,23.49547343382544,24.960590921672452,11.525092472919138,61973.770703125,67689.98769276866,56257.55371348136,0.18447213796385675,65.10767758710318,-299440335500.0,-413141770651.05,28787078350.45,0.5137101582512221,1742.1335462591815,1285.7004703304697,456.4330759287118,2024,9,-0.003829909793174213,0.031211845781931702,0.11021457739247054,0.40781793055209625
2024-09-30 00:00:00+00:00,65634.65625,65635.0546875,62873.6171875,63329.5,37112957475,0.0,0.0,63755.79307813066,62182.895707647105,65164.82734375,62257.81015625,60049.251692708334,,22.311512408762777,22.499502073754712,19.587101102587173,62257.81015625,67622.90574919494,56892.714563305075,0.17235092527282966,54.58766748084849,-336553292975.0,-405143034584.5,29199844698.85,1.2709984541959447,1572.8973704835516,1343.139850361086,229.75752012246562,2024,9,-0.035130555094979754,-4.749442541918114e-06,0.07392927032290175,0.42938053413534544
2024-10-01 00:00:00+00:00,63335.60546875,64110.98046875,60189.27734375,60837.0078125,50220923500,0.0,0.0,63306.74919111055,62083.20030800658,64296.025,62432.501953125,60039.6173828125,,21.727577974469437,19.551443427258768,25.98927541798589,62432.501953125,67331.04859716879,57533.95530908121,0.1569229645072264,45.94549618423557,-386774216475.0,-397802891559.35,29858437740.25,1.681967554260242,1223.5488831039766,1319.2216569096643,-95.67277380568771,2024,10,-0.039357521968434894,-0.05388576749448282,0.06125581545894221,0.44133813819101236
2024-10-02 00:00:00+00:00,60836.32421875,62357.6875,59996.94921875,60632.78515625,40762722398,0.0,0.0,62895.37010882431,61975.7621486172,63264.44921875,62557.790625,60038.82890625,,21.277154119073693,18.020731587334872,24.59237285065322,62557.790625,67108.5024415715,58007.07880842851,0.14548825241768987,45.31249990953774,-427536938873.0,-394192670051.55,30204788462.7,1.3495450381431418,919.6079602071113,1239.2989175691537,-319.69095736204235,2024,10,-0.0033568819965540397,-0.039756641732620834,0.025718844403826324,0.42911424612297583
2024-10-03 00:00:00+00:00,60632.484375,61469.0390625,59878.8046875,60759.40234375,36106447279,0.0,0.0,62566.75968342826,61885.66142233074,62238.8,62567.195703125,60082.8693359375,,20.918137781649094,17.05224384571157,23.66998246225492,62567.195703125,67101.36852454681,58033.02288170319,0.14493770323145053,45.81097444214976,-391430491594.0,-390401652597.6,30385584408.85,1.188275558342849,681.0982610975188,1127.6587862748268,-446.5605251773079,2024,10,0.0020882627636797935,-0.06783596235987266,0.05795437216737298,0.4156688812977819
2024-10-04 00:00:00+00:00,60754.625,62465.9921875,60459.94140625,62067.4765625,29585472513,0.0,0.0,62489.946895593144,61899.129210491425,61525.234375,62670.3134765625,60217.46966145833,,19.90542384372769,19.27350966651189,22.059407226839475,62670.3134765625,67050.33420447547,58290.29274864953,0.13977976125972347,50.800299190617935,-361845019081.0,-384309941243.2,31043437759.7,0.9530346716756769,590.8176851017197,1020.2905660402054,-429.4728809384857,2024,10,0.021528753876634443,-0.056591426048884896,0.07065428253654105,0.42046943156409855
2024-10-05 00:00:00+00:00,62067.609375,62371.0234375,61689.58203125,62089.94921875,13305410749,0.0,0.0,62428.40879146343,61913.26402591798,61277.32421875,62815.669140625,60318.396875,,18.965046615657812,18.80541122483444,21.523647299048353,62815.669140625,66890.71567430258,58740.622606947414,0.12974617923928525,50.88396738872864,-348539608332.0,-376646911308.0,30802660253.8,0.4319565465894643,515.1447655454467,919.2614059412537,-404.11664039580694,2024,10,0.0003620681473552878,-0.057639015943214855,0.10558065143247042,0.40261002920621347
2024-10-06 00:00:00+00:00,62084.98828125,62959.5703125,61833.1484375,62818.953125,14776233667,0.0,0.0,62488.49253508444,61980.35210733146,61673.71328125,63046.99140625,60448.255078125,,17.687425682957983,20.191425026553432,20.631642022504604,63046.99140625,66493.87284963233,59600.109962867675,0.10934324910674897,53.6383063011529,-333763374665.0,-366643428583.8,29939830831.5,0.4935309671641088,508.14042775298003,837.037210303599,-328.8967825506189,2024,10,0.011741093613744757,-0.04290909558368161,0.164418982395113,0.3723217644977394
2024-10-07 00:00:00+00:00,62819.109375,64443.70703125,62152.55078125,62236.66015625,34253562610,0.0,0.0,62449.74909218683,61999.337888732836,61994.48828125,63143.3974609375,60457.03046875,,17.25606712305793,23.902030122615905,18.91457785642927,63143.3974609375,66368.50760840329,59918.28731347171,0.10215193597908465,51.16996292613229,-368016937275.0,-360256402496.0,29748730456.1,1.15142939160203,450.41120345399395,759.712008933678,-309.3008054796841,2024,10,-0.009269383518558882,-0.017256410420893875,0.14955706303716654,0.3757361081985828
2024-10-08 00:00:00+00:00,62221.64453125,63174.3046875,61843.5625,62131.96875,28134475157,0.0,0.0,62400.85980877347,62009.16239697485,62269.0015625,63167.5119140625,60477.8947265625,,16.636569040009324,22.719336445901163,19.12757658126231,63167.5119140625,66352.55949907421,59982.46432905079,0.10084448440346588,50.71805776252823,-396151412432.0,-357325635310.6,29105919069.4,0.9666238365439107,391.69741179862467,686.1090895066674,-294.4116777080427,2024,10,-0.001682150134457161,0.021285743399660273,0.1329357059159264,0.3752245178130865
2024-10-09 00:00:00+00:00,62131.7265625,62508.8359375,60314.61328125,60582.1015625,27670982363,0.0,0.0,62121.05084780832,61903.45418701375,61971.9265625,63049.594140625,60471.83287760417,,15.825066155662096,20.88436149301471,23.210604036780545,63049.594140625,66438.1572363325,59661.0310449175,0.10748881549180761,44.45835483536377,-423822394795.0,-357913929872.0,28353955558.9,0.9759125955289993,217.59666079457384,592.4066037642486,-374.8099429696748,2024,10,-0.024944762232405493,-0.0008359106978079733,0.06247975183395549,0.3662080857848837
2024-10-10 00:00:00+00:00,60581.9296875,61236.72265625,58895.20703125,60274.5,30452813570,0.0,0.0,61836.96610199165,61782.79091390161,61608.83671875,62903.6703125,60497.7498046875,,15.837185463402445,19.110545261419805,26.387901995367198,62903.6703125,66510.56204924047,59296.77857575953,0.1146798499617509,43.315699689558876,-454275208365.0,-361783723323.0,28117738026.3,1.0830463510797306,54.17518809004105,484.76032062940715,-430.5851325393661,2024,10,-0.005077433013489285,-0.007980696403276588,0.045548096736226285,0.3656276273478375
2024-10-11 00:00:00+00:00,60275.4609375,63400.87109375,60046.125,62445.08984375,30327141594,0.0,0.0,61930.5236007237,61831.85009389038,61534.0640625,62856.1828125,60549.259375,,14.861735369354061,24.370769980609932,23.330461387901423,62856.1828125,66460.85435129832,59251.51127370169,0.11469584621614864,52.577941352745924,-423948066771.0,-364857590505.3,28913664295.0,1.0488861351013345,98.67350683332188,407.5429578701901,-308.8694510368682,2024,10,0.036011743668549645,0.006083915476566171,0.08897167355638191,0.3836762479964609
2024-10-12 00:00:00+00:00,62444.6171875,63448.78515625,62443.26953125,63193.0234375,16744110886,0.0,0.0,62124.75434484314,61932.67774897257,61725.33671875,62833.3984375,60592.3169921875,,13.981967133550153,23.663960925890844,22.48936790634607,62833.3984375,66422.70561328898,59244.091261711015,0.11424838589175618,55.288992616752104,-407203955885.0,-368103419583.4,28741702399.2,0.5825719942902915,192.07659587056696,364.4496854702655,-172.37308959969852,2024,10,0.011977460447594401,0.017765745223333074,0.08715417443549511,0.38313130829435166
2024-10-13 00:00:00+00:00,63192.9453125,63272.65234375,62035.63671875,62851.375,18177529690,0.0,0.0,62236.5421379442,62000.729397196825,61869.21796875,62809.4771484375,60660.885416666664,,13.043020211451857,22.58522200438149,22.966356720848157,62809.4771484375,66391.2236150834,59227.730681791596,0.11405114735093788,53.77664335238141,-425381485575.0,-370688110874.75,28080564612.45,0.6473349072881776,235.81274074737303,338.722296525687,-102.90955577831397,2024,10,-0.005406426515387475,0.0005161161303577355,0.03764281416019721,0.3571001835479055
2024-10-14 00:00:00+00:00,62848.3984375,66482.4921875,62442.15234375,66046.125,43706958056,0.0,0.0,62822.6318090297,62300.3883307378,62962.02265625,62896.6849609375,60802.31920572917,,13.6256553769643,30.442509901640157,19.79269120784906,62896.6849609375,66708.95230402015,59084.41761785486,0.12122315652884674,63.75940794117725,-381674527519.0,-372584371025.45,28768995753.1,1.5192382254528423,522.2434782919008,375.4265328789298,146.81694541297105,2024,10,0.050830232433260125,0.061209339225241965,0.10067480568553044,0.3940786593737443
2024-10-15 00:00:00+00:00,66050.3671875,67881.6796875,64809.1953125,67041.109375,48863870879,0.0,0.0,63471.62835764052,62651.552852535,64315.34453125,63091.583203125,60938.10260416667,,14.690380712623195,31.977299602800812,17.78049900572398,63091.583203125,67331.4782070338,58851.68819921621,0.13440445741417967,66.20721614358871,-332810656640.0,-370783518747.2,29958270412.05,1.631064484261604,820.0755051055166,464.3563273242472,355.7191777812694,2024,10,0.015064992457922477,0.07901150927235023,0.1327796026165209,0.39112184170880215
2024-10-16 00:00:00+00:00,67042.4609375,68375.2890625,66758.7265625,67612.71875,38195189534,0.0,0.0,64108.71918723428,63019.04662271759,65348.8703125,63213.1681640625,61073.6650390625,,15.853347128959392,31.898715764352502,16.812058374177667,63213.1681640625,67828.2152977493,58598.12103037571,0.14601537204112183,67.56270064481245,-294615467106.0,-368916563484.6,30024373396.4,1.2721394391724326,1089.672564516688,589.4195747627354,500.25298975395265,2024,10,0.008526251733136592,0.11605106138892873,0.1618801335706741,0.3838270050559448
2024-10-17 00:00:00+00:00,67617.078125,67912.2109375,66647.390625,67399.8359375,32790898511,0.0,0.0,64615.044841121315,63343.5495349237,66190.2328125,63293.6267578125,61222.262890625,,16.856296966657855,30.49901288698138,16.46060260851353,63293.6267578125,68147.79188092782,58439.46163469717,0.15338558941137512,66.49297528547956,-327406365617.0,-370292093820.0,30060977649.5,1.090812777060343,1271.495306197612,725.8347210497107,545.6605851479014,2024,10,-0.0031485616380424464,0.11821476640204409,0.11758362887303608,0.36787361562442195
2024-10-18 00:00:00+00:00,67419.109375,68969.75,67177.8203125,68418.7890625,36857165014,0.0,0.0,65200.236259794954,63719.49320363306,67303.715625,63420.1837890625,61371.01848958333,,18.17623108856884,32.28842965351042,15.427741719167495,63420.1837890625,68674.59290468808,58165.77467343693,0.16570147866811305,69.02126727045572,-290549200603.0,-370586947803.9,31141654001.0,1.1835326734031681,1480.7430561618967,876.8163880721479,603.9266680897488,2024,10,0.015118035686984221,0.09566323362969587,0.10979958710754656,0.3642245556250452
2024-10-19 00:00:00+00:00,68418.9765625,68668.0078125,68024.640625,68362.734375,14443497908,0.0,0.0,65686.77443136496,64063.43699410468,67767.0375,63556.5552734375,61526.850846354166,,19.4018842017719,31.52361750476875,15.062306657100763,63556.5552734375,69181.53665910209,57931.57388777292,0.17700711945335582,68.71409669089472,-304992698511.0,-370864565954.45,31124418167.65,0.46405680036172486,1623.3374372602775,1026.120597909774,597.2168393505035,2024,10,-0.0008192879217548965,0.081808254397149,0.08614931634604805,0.3591002940159772
2024-10-20 00:00:00+00:00,68364.1796875,69359.0078125,68105.71875,69001.703125,18975847518,0.0,0.0,66196.76346115497,64429.23448528211,68159.15625,63840.1654296875,61657.292708333334,,20.796543805203143,32.64136351310359,14.349265574053957,63840.1654296875,69966.57694329356,57713.75391608144,0.19192968791265397,70.33477458072248,-286016850993.0,-368337743855.35,30217562669.8,0.6279741263501977,1767.5289758728613,1174.4022735023916,593.1267023704697,2024,10,0.009346740674458287,0.09785510857956559,0.09192044556969026,0.35978433748735555
2024-10-21 00:00:00+00:00,69002.0,69462.734375,66829.8515625,67367.8515625,37498611780,0.0,0.0,66376.93086136189,64646.90982433529,68110.1828125,64166.7076171875,61773.725,,21.104596147815826,29.48367264106607,17.648999598598095,64166.7076171875,70315.29544710222,58018.11978727278,0.19164417369195924,61.55419245828828,-323515462773.0,-365174806170.25,29581447083.8,1.2676395334471573,1730.0210370265995,1285.5260262072334,444.49501081936614,2024,10,-0.023678423698328066,0.020012174257006077,0.06267090079480164,0.3717141060932928
2024-10-22 00:00:00+00:00,67360.703125,67801.578125,66581.3671875,67361.40625,31808472566,0.0,0.0,66528.38861346006,64847.98363364379,68102.496875,64503.138671875,61828.17584635417,,21.208033962250173,28.125694908759613,17.77405115165483,64503.138671875,70573.39666931838,58432.88067443162,0.18821589530154648,61.52156399342148,-355323935339.0,-361564155993.55,29133734592.2,1.0918089634315578,1680.4049798162741,1364.5018169290415,315.9031628872326,2024,10,-9.567341618454961e-05,0.0047776189562793725,0.058331036996895236,0.37174018212241805
2024-10-23 00:00:00+00:00,67362.375,67402.7421875,65188.03515625,66432.1953125,32263980353,0.0,0.0,66513.58964408158,64965.3326468924,67705.178125,64786.7783203125,61865.729231770834,,20.34254460916881,25.8027293573109,21.502155681456454,64786.7783203125,70646.9888709335,58926.56776969149,0.1809076080816219,56.84341368088899,-387587915692.0,-361372027198.45,28941611245.9,1.1147955820037718,1548.2569971891862,1401.2528529810704,147.0041442081158,2024,10,-0.01379441121005398,-0.017460079395195116,0.04898790921459084,0.37509461692227625
2024-10-24 00:00:00+00:00,66653.703125,68798.9609375,66454.1015625,68161.0546875,31414428647,0.0,0.0,66767.0458046075,65202.05279804852,67664.8421875,65091.4572265625,61929.52109375,,20.227025495455674,28.683674658635542,19.635731923138493,65091.4572265625,70989.88477433434,59193.02967879067,0.1812350744350767,62.5494558428333,-356173487045.0,-361088450596.65,29033059052.6,1.0820226897236562,1564.9930065589724,1434.000883696651,130.99212286232137,2024,10,0.02602442034118191,0.011294074227508277,0.06001505105549354,0.3817433047004952
2024-10-25 00:00:00+00:00,68165.296875,68722.15625,65521.79296875,66642.4140625,41469984306,0.0,0.0,66747.87169043711,65308.74622504493,67192.984375,65319.08046875,61992.2169921875,,19.519254919323856,25.464844971745386,20.70131135031065,65319.08046875,71079.554604495,59558.606333004995,0.17637952323903072,55.595846810953034,-397643471351.0,-363543643747.6,30441287730.45,1.3622940222899358,1439.1254653921787,1435.0258000357567,4.099665356422065,2024,10,-0.022280180844656217,-0.025963262787029096,0.0554180435141014,0.38485006299726576
2024-10-26 00:00:00+00:00,66628.734375,67317.921875,66360.59375,67014.6953125,19588098156,0.0,0.0,66788.92147844678,65435.11282411568,67122.353125,65528.867578125,62117.39303385417,,18.86203938434431,24.57640559566637,19.979066225296368,65528.867578125,71211.04296054898,59846.69219570102,0.17342510537511,56.86189044917369,-378055373195.0,-365758243674.1,30681880954.9,0.6384255966833648,1353.8086543311001,1418.7823708948254,-64.97371656372525,2024,10,0.00558625096700216,-0.019718916670380726,0.028132051238794586,0.3693696011191222
2024-10-27 00:00:00+00:00,67023.4765625,68221.3125,66847.2265625,67929.296875,16721307878,0.0,0.0,66964.36384714727,65619.86719825526,67235.93125,65813.4994140625,62265.754231770836,,18.72394806050146,26.682983026884877,18.956742961472166,65813.4994140625,71370.22945541127,60256.76937271373,0.16886292602035546,59.88774222234604,-361334065317.0,-365424100076.2,29805268218.3,0.5610185338890311,1344.4966488920036,1403.925226494261,-59.42857760225752,2024,10,0.01364777618155344,-0.015541735948999436,0.03250663058315295,0.37087726350937333
2024-10-28 00:00:00+00:00,67922.671875,70212.265625,67535.1328125,69907.7578125,38799856657,0.0,0.0,67417.19368797076,65937.48872523636,67931.04375,66202.2888671875,62441.08053385417,,19.479221148824376,31.30629929553897,17.118818912604436,66202.2888671875,71762.54388972872,60642.03384464627,0.16797772758872426,65.52168908518311,-322534208660.0,-361743239887.6,30338537293.3,1.2788967471272457,1479.7049627344095,1419.081173742291,60.623788992118534,2024,10,0.029125296867722028,0.03770205210780131,0.06101461306231637,0.38341808876406064
2024-10-29 00:00:00+00:00,69910.046875,73577.2109375,69729.9140625,72720.4921875,58541874402,0.0,0.0,68233.08576482142,66439.93342614477,68842.93125,66809.2083984375,62667.76412760417,,21.257363143869092,38.63313041613578,14.885289881463162,66809.2083984375,72435.95866997095,61182.458126904065,0.16844235716659192,71.62375030196903,-263992334258.0,-353751736860.75,31882081895.25,1.836199862805131,1793.1523386766494,1493.8954067291627,299.2569319474867,2024,10,0.04023493905417541,0.07955721585755948,0.10794781152816602,0.4049420693234614
2024-10-30 00:00:00+00:00,72715.3671875,72905.296875,71411.734375,72339.5390625,40646637831,0.0,0.0,68864.84781061811,66876.94125105996,69982.35625,67412.4603515625,62890.591471354164,,22.908494996410617,36.63481433502761,14.115341554167873,67412.4603515625,72663.83407577149,62161.08662735353,0.15579831078179193,69.82136993815175,-304638972089.0,-346269925046.95,32391773108.3,1.2548444845887363,1987.9065595581487,1592.6976372949598,395.2089222631889,2024,10,-0.005238593875544262,0.08892290435701544,0.1422723858944095,0.3816765979334494
2024-10-31 00:00:00+00:00,72335.046875,72662.3125,69590.5,70215.1875,40627912076,0.0,0.0,69072.59237821533,67124.21875098144,70622.4546875,67800.965234375,63105.41979166667,,23.22438256326367,32.869094476469144,18.75873360455352,67800.965234375,72638.36747951386,62963.56298923615,0.14269419995473168,60.65503392645204,-345266884165.0,-342335865916.65,32906811632.4,1.2346353250461315,1948.3736272338865,1663.8328352827452,284.5407919511413,2024,10,-0.029366396164960396,0.03013645874345161,0.1541525466933482,0.36854749846323154
2024-11-01 00:00:00+00:00,70216.8984375,71559.015625,68779.703125,69482.46875,49989795365,0.0,0.0,69135.6502815668,67298.90393609394,70933.0890625,68115.4375,63278.2529296875,,23.030548762709824,29.8767303358762,19.70679712928716,68115.4375,72486.84357606387,63744.03142393614,0.1283528737832408,57.834755969806274,-395256679530.0,-341738502098.9,34569095856.35,1.446083391151735,1836.7463454728713,1698.4155373207707,138.33080815210064,2024,11,-0.010435331387529279,0.04261632366493329,0.1459554195134607,0.37137622102743173
2024-11-02 00:00:00+00:00,69486.0234375,69867.3515625,69033.71875,69289.2734375,18184612091,0.0,0.0,69159.28461324883,67446.33871397587,70809.3921875,68437.332421875,63475.8904296875,,22.85056023362411,29.023247463824013,19.1438368045204,68437.332421875,72060.76108685546,64813.90375689455,0.10589041205300631,57.081120182204764,-413441291621.0,-341141492401.2,34569449976.4,0.526031282054367,1712.9458992729633,1701.3216097112092,11.62428956175404,2024,11,-0.0027804900426771084,0.03394148275080999,0.14038767276695285,0.3721999300226894
2024-11-03 00:00:00+00:00,69296.3828125,69361.65625,67482.5234375,68741.1171875,34868307655,0.0,0.0,69094.95116313362,67542.24823053321,70013.5171875,68572.08203125,63655.3833984375,,21.76907331621782,27.141088246782463,23.255630550559715,68572.08203125,72017.14350754269,65127.02055495731,0.10048000218872423,54.89536870263053,-448309599276.0,-344473245989.05,34127517456.35,1.0217065363631412,1552.7029326004122,1671.5978742890497,-118.89494168863757,2024,11,-0.00791112711687536,0.011950960040023162,0.10752234494791901,0.36947294487683935
2024-11-04 00:00:00+00:00,68742.1328125,69433.1796875,66803.6484375,67811.5078125,41184819348,0.0,0.0,68897.49833995922,67562.19338475297,69107.9109375,68610.601953125,63849.567057291664,,20.3980295563394,24.724800285911407,23.483691618416298,68610.601953125,72000.37141939717,65220.83248685284,0.09881182702894997,51.30724198896549,-489494418624.0,-352307434088.25,33743564879.8,1.22052366116938,1335.304955206244,1604.3392904724888,-269.03433526624485,2024,11,-0.013523338185854272,-0.029985942413177757,0.09214951317792663,0.37414427241024895
2024-11-05 00:00:00+00:00,67811.171875,70522.7890625,67458.8671875,69359.5625,46046889204,0.0,0.0,68968.58513381165,67695.33183773424,68936.7859375,68697.944140625,64106.4138671875,,19.65473758294459,25.813862131534794,21.123871085761785,68697.944140625,72069.42355268037,65326.46472856962,0.09815372073300886,56.41615063945792,-443447529420.0,-359749037203.95,34136149863.3,1.348918650415972,1273.2532960774115,1538.1220915934734,-264.86879551606194,2024,11,0.02282879023690776,-0.046217092134556714,0.10411840773572267,0.3793206397743978
2024-11-06 00:00:00+00:00,69358.5,76460.15625,69322.03125,75639.078125,118592653963,0.0,0.0,69994.8148247637,68283.7574886428,70168.1078125,69109.90625,64464.737044270834,,20.94991484777373,37.36436383108154,16.870512267682212,69109.90625,73631.02975414894,64588.78274585106,0.13083865250212062,70.1140800123087,-324854875457.0,-359621462695.95,38426237635.9,3.086241621849648,1711.0573361208953,1572.709140498958,138.3481956219373,2024,11,0.09053568676993895,0.04561183420935633,0.2153460345574807,0.4827077698284476
2024-11-07 00:00:00+00:00,75637.0859375,76943.1171875,74480.421875,75904.859375,63467654989,0.0,0.0,70904.05244787698,68848.28355429889,71491.225,69484.209765625,64815.79192708333,,22.2696241447414,36.12865475297266,15.696248659438197,69484.209765625,74912.87310468005,64055.54642656995,0.15625602873994843,70.53616651704847,-261387220468.0,-358163363689.2,39756762134.65,1.5963989918003099,2055.76889357809,1669.3210911147846,386.44780246330515,2024,11,0.003513808689745934,0.08103192596331099,0.22167156299871804,0.4818951108411511
2024-11-08 00:00:00+00:00,75902.8359375,77252.75,75648.7421875,76545.4765625,55176858003,0.0,0.0,71771.96385012667,69418.44599935082,73052.096875,69893.346875,65141.224283854164,,23.572345860587998,35.34545977714286,14.965594622989947,69893.346875,76138.18053038549,63648.51321961451,0.1786960829491824,71.57811592289184,-206210362465.0,-353224246886.9,41793430139.4,1.3202280315102208,2353.5178507758537,1806.1604430469986,547.3574077288552,2024,11,0.008439738809541852,0.1016516531373246,0.26349985537446674,0.4679114934453185
2024-11-09 00:00:00+00:00,76556.1875,76932.765625,75773.7890625,76778.8671875,29009480361,0.0,0.0,72542.25667126104,69963.66238365817,74845.56875,70282.205078125,65460.060221354164,,24.782016025302696,34.10993991983886,14.442464086574535,70282.205078125,77223.02859100497,63341.38156524503,0.19751296946829205,71.96706739258289,-177200882104.0,-347783448442.45,42295111781.55,0.6858825793115537,2578.594287602871,1960.647211958173,617.9470756446981,2024,11,0.0030490452928257916,0.10809167679836817,0.2738200596852731,0.465883336194557
2024-11-10 00:00:00+00:00,76775.546875,81474.421875,76565.4296875,80474.1875,82570594495,0.0,0.0,73762.55372183626,70742.21979968349,77068.49375,70937.521875,65845.5771484375,,26.895523376260545,42.1421159552206,12.456329978116946,70937.521875,79089.05572632216,62785.988023677855,0.22982290995972715,77.27078463469168,-94630287609.0,-336339189684.25,44548710917.3,1.8534900964538261,3020.3339221527713,2172.584553997093,847.7493681556784,2024,11,0.048129393514959595,0.1706848941732586,0.28871922038005504,0.476720570939535
2024-11-11 00:00:00+00:00,80471.4140625,89604.5,80283.25,88701.484375,117966845037,0.0,0.0,76060.85074539992,72072.53569415137,79680.975,72004.52578125,66355.15169270833,,29.868357831303324,52.036413863894445,9.722302369776035,72004.52578125,83202.50923347945,60806.542329020565,0.3110355448003075,84.36382144227973,23336557428.0,-317406165045.9,48856629540.85,2.414551436430251,3988.3150512485445,2535.7306534473832,1452.5843978011612,2024,11,0.10223522760015435,0.3080594612386609,0.40365944767192086,0.5776113312063833
2024-11-12 00:00:00+00:00,88705.5625,89956.8828125,85155.109375,87955.8125,133673285375,0.0,0.0,77890.84486149224,73249.07471680682,82091.165625,73080.706640625,66811.56022135417,,32.66092249521564,47.18454409902226,8.666963463632792,73080.706640625,86024.75493701875,60136.65834423124,0.3542398231053299,81.87009761204796,-110336727947.0,-303543605658.65,53927094791.95,2.4787777997444462,4641.770144685419,2956.9385516949906,1684.8315929904284,2024,11,-0.008406532091926988,0.2681137153943265,0.3994254302312399,0.5788291431966869
2024-11-13 00:00:00+00:00,87929.96875,93434.3515625,86256.9296875,90584.1640625,123559027869,0.0,0.0,79843.66320010883,74533.1554090804,84898.903125,74201.862109375,67321.2109375,,35.54581141504168,47.37278751571582,7.377817164237841,74201.862109375,89090.09900332564,59313.625215424356,0.4012901151188117,83.69913710085939,13222299922.0,-285073816310.3,58534324753.05,2.1108815791466324,5310.507791028431,3427.6523995616785,1882.8553914667523,2024,11,0.029882636380625716,0.19758418938953715,0.3715288226599214,0.5654593273772545
2024-11-14 00:00:00+00:00,90574.8828125,91765.21875,86682.8125,87250.4296875,87616705248,0.0,0.0,80983.16573663054,75475.17572600038,86993.215625,75232.262890625,67789.00416666667,,38.22463684059444,42.54678469036824,6.626217599451885,75232.262890625,90756.56258847965,59707.96319277037,0.4127032499454216,73.56204009086301,-74394405326.0,-268911363009.05,60841660800.15,1.4400774748046323,5507.990010630165,3843.719921775376,1664.2700888547888,2024,11,-0.03680261786927608,0.14947093514063958,0.30144668697914123,0.5892028397896937
2024-11-15 00:00:00+00:00,87284.1796875,91868.7421875,87124.8984375,91066.0078125,78243109518,0.0,0.0,82534.37220984123,76630.0521768522,89111.5796875,76434.828515625,68336.89583333333,,40.72082637945416,38.79736159781125,6.0107142808618335,76434.828515625,92972.0224159988,59897.634615251205,0.43271357368174695,76.99610183045162,3848704192.0,-249816159139.7,63774411368.25,1.2268730959538612,5904.320032989024,4255.839944018106,1648.4800889709186,2024,11,0.04373133907381366,0.18969809715854158,0.3468768819845749,0.6013192654242955
2024-11-16 00:00:00+00:00,91064.3671875,91763.9453125,90094.2265625,90558.4765625,44333192814,0.0,0.0,83768.84980255796,77661.78731652982,89482.978125,77566.2875,68841.06145833334,,43.03871666553818,37.47778016547399,5.806277003854906,77566.2875,94737.58296021208,60394.99203978793,0.44275151006065805,75.58963489121918,-40484488622.0,-233773680304.95,65155005615.05,0.6804265059223567,6107.062486028139,4626.084452420112,1480.9780336080266,2024,11,-0.005573223886622736,0.17947138164137155,0.34360084565302285,0.6020678148041053
2024-11-17 00:00:00+00:00,90558.4609375,91433.0390625,88741.6640625,89845.8515625,46350159305,0.0,0.0,84703.77315024135,78564.31059400909,89860.9859375,78563.1921875,69310.99765625,,44.39752327037304,35.38843163275574,8.284273428754393,78563.1921875,96171.87323697734,60954.51113802266,0.44826796262178903,73.55787258297374,-86834647927.0,-221988702268.3,65532520747.45,0.7072848530216744,6139.462556232262,4928.760073182542,1210.7024830497194,2024,11,-0.007869224693816235,0.11645552883028487,0.3131751203668127,0.6051115632649225
2024-11-18 00:00:00+00:00,89843.71875,92596.7890625,89393.59375,90542.640625,75535775084,0.0,0.0,85602.06045405037,79451.59430000841,89852.68125,79454.299609375,69771.03404947916,,45.811315110931574,35.451284978857636,7.731799835221223,79454.299609375,97613.24939506274,61295.349823687255,0.4570916835202994,74.28567050375617,-11298872843.0,-209354029197.55,66382215781.55,1.1378917409532163,6150.466154041962,5173.101289354427,977.3648646875354,2024,11,0.007755383808848215,0.02075676932548509,0.32444439873240505,0.6039929657725445
2024-11-19 00:00:00+00:00,90536.8125,94002.8671875,90426.984375,92343.7890625,74521048295,0.0,0.0,86639.24947073493,80406.5716898226,90871.353125,80454.512109375,70256.88092447916,,47.29815064985899,35.73852355382951,7.1579108047814035,80454.512109375,99158.92218370092,61750.102035049094,0.4649685787391997,76.1157066882056,63222175452.0,-190960971820.5,68075936304.75,1.0946753337537318,6232.6777809123305,5385.016587666008,847.6611932463229,2024,11,0.019892819836786257,0.04988842053502718,0.3382827507201476,0.6049957856265069
2024-11-20 00:00:00+00:00,92341.890625,94902.0234375,91619.5,94339.4921875,71730956426,0.0,0.0,87823.9021963911,81438.63987483573,91526.05,81660.72734375,70772.62513020834,,48.78547836682994,35.16796745170985,6.66859325611507,81660.72734375,100693.44621673896,62628.00847076103,0.466141301751353,77.9852254571293,134953131878.0,-166949971018.35,69631088522.25,1.0301570454852074,6385.262321555361,5585.065734443879,800.1965871114826,2024,11,0.02161166598491282,0.041456784018108817,0.4003636749492785,0.5935655312474728
2024-11-21 00:00:00+00:00,94334.640625,99014.21875,94132.6015625,98504.7265625,106024505582,0.0,0.0,89467.10594502323,82702.79444429235,93115.3,83111.840234375,71353.55872395834,,50.57787086431398,40.01018509923486,6.010543379453606,83111.840234375,102653.73367517405,63569.94679357596,0.47025534233608585,81.27887616054727,240977637460.0,-135138255168.85,72432824033.1,1.4637632454251601,6764.311500730881,5820.914887701279,943.3966130296012,2024,11,0.044151545428309014,0.12898844069088122,0.46233180163901344,0.6024611363274136
2024-11-22 00:00:00+00:00,98496.4296875,99655.5,97222.6640625,98997.6640625,78473580551,0.0,0.0,90933.34565540428,83909.82182341884,94945.6625,84597.259765625,71948.02311197917,,52.29716720520951,39.323586016540276,5.708228370254918,84597.259765625,104231.4041312722,64963.1153999778,0.46417920438660065,81.62916736750657,319451218011.0,-98493629687.25,75447272456.1,1.0401115639622478,7023.52383198544,6061.436676558112,962.0871554273281,2024,11,0.005004201495724558,0.08709788032358734,0.49020612064392255,0.5953812422772948
2024-11-23 00:00:00+00:00,99006.7421875,99014.6796875,97232.890625,97777.28125,44414644677,0.0,0.0,91986.25882380363,84937.04104020263,96392.590625,86049.06796875,72505.94498697917,,53.89365666461251,37.82310235443363,5.490417527532221,86049.06796875,105029.74504785029,67068.3908896497,0.44115938794347914,77.7504414603159,275036573334.0,-62326321056.75,75924589307.2,0.5849836671133382,7049.217783600994,6258.992897966688,790.2248856343058,2024,11,-0.012327389984975179,0.07971429027428334,0.43450364285415466,0.6005090697473885
2024-11-24 00:00:00+00:00,97778.09375,98647.1796875,95788.078125,98013.8203125,51712020623,0.0,0.0,92913.57597591076,85905.69135666911,97526.596875,87559.18359375,73087.12291666666,,54.48497760035001,35.48339621899414,8.276763920001375,87559.18359375,105188.1173495313,69930.2498379687,0.40267469458314264,77.96895098536518,326748593957.0,-21514170427.7,76450949370.95,0.6764078281367902,7007.884619241653,6408.771242221682,599.1133770199713,2024,11,0.002419161787646784,0.09091091695333398,0.4707423446662451,0.5885329654062187
2024-11-25 00:00:00+00:00,98033.4453125,98935.03125,92642.9140625,93102.296875,80909462490,0.0,0.0,92942.60996038603,86438.77324691584,97279.1578125,88746.3203125,73552.4775390625,,53.3724551711073,30.94642016842325,13.609760256217795,88746.3203125,104289.23696353468,73203.40366146532,0.35027743339225414,63.929547965056884,245839131467.0,12950162616.65,78194078035.25,1.034726216140382,6503.836713470198,6427.784336471386,76.05237699881218,2024,11,-0.05011051933125821,0.028270174498237877,0.3892818051451168,0.6285278100048063
2024-11-26 00:00:00+00:00,93087.28125,94991.75,90770.8125,91985.3203125,91656519855,0.0,0.0,92795.33462994202,86849.62858510725,95975.2765625,89563.632421875,73989.05514322917,,51.503887186967546,28.329574226130244,16.209403422281536,89563.632421875,103874.81367552493,75252.45116822506,0.31957572212434243,61.22932905981032,154182611612.0,36902036970.1,76847271329.85,1.192710141412628,5945.706044834777,6331.368678144065,-385.66263330928814,2024,11,-0.011997304040733403,-0.003881893450975671,0.35413326126084677,0.6337827087012254
2024-11-27 00:00:00+00:00,91978.140625,97361.1796875,91778.6640625,95962.53125,71133452438,0.0,0.0,93282.59564841248,87524.65841213634,95368.25,90566.516015625,74490.30319010417,,50.30407772886087,29.846765953986104,14.466988494232389,90566.516015625,103601.81531503491,77531.2167162151,0.28786133933121566,66.63348033440096,225316064050.0,61237201196.0,77230561202.3,0.9210531599229345,5757.937236276135,6216.682389770479,-458.74515349434387,2024,11,0.04323745271515378,0.01720423785273506,0.37270217573536923,0.6408263311145741
2024-11-28 00:00:00+00:00,95954.9453125,96650.203125,94677.3515625,95652.46875,52260008261,0.0,0.0,93647.19151019517,88126.71843716328,94943.2875,91521.865625,74990.5892578125,,49.18996894633324,28.67371296172333,13.898399449497914,91521.865625,102929.5167280027,80114.21452199732,0.24928799309542457,65.86272036983947,173056055789.0,80200522108.7,77084718715.2,0.6779554901676651,5520.473073031899,6077.4405264227635,-556.9674533908646,2024,11,-0.0032310787967048116,-0.028955542663125722,0.31534407802649334,0.6338886137552804
2024-11-29 00:00:00+00:00,95653.953125,98693.171875,95407.8828125,97461.5234375,54968682476,0.0,0.0,94234.01180670361,88818.18547422525,94832.828125,92555.9984375,75559.45631510417,,48.59078172640283,30.88019395286231,12.983298010246,92555.9984375,101899.43194413041,83212.5649308696,0.20189795722293927,68.17570415586155,228024738265.0,100461803127.15,78382678820.95,0.7012860915555754,5415.826332478362,5945.117687633884,-529.2913551555221,2024,11,0.018912786163713058,-0.01551693809694532,0.34727874549069315,0.6323232636274998
2024-11-30 00:00:00+00:00,97468.8125,97499.34375,96144.21875,96449.0546875,31634227866,0.0,0.0,94574.78763451843,89383.43504557892,95502.1796875,93354.741796875,76152.9904296875,,48.03439359361031,30.002678191491476,12.614354451926497,93354.741796875,100909.45065808995,85800.03293566004,0.16184949400112514,65.50081968888517,196390510399.0,115012843027.55,75835860489.5,0.41714075190562355,5191.35258893951,5794.36466789501,-603.0120789555003,2024,11,-0.010388394458550332,-0.013584204280582823,0.3736209803256596,0.6206204272409
2024-12-01 00:00:00+00:00,96461.3359375,97888.125,95770.1875,97279.7890625,36590695296,0.0,0.0,94990.94170036174,89968.35015794345,96561.0734375,93783.65703125,76763.773828125,,47.60310264330356,29.471080997252706,12.038559445831662,93783.65703125,101198.77032110741,86368.54374139258,0.15813231269893,66.6567935022151,232981205695.0,125495075440.9,71767053002.45,0.509853669130748,5022.5915424182895,5640.010042799666,-617.4185003813764,2024,12,0.008613193542348574,-0.007489058661928172,0.4000623583556824,0.6158267945472963
2024-12-02 00:00:00+00:00,97276.0078125,98152.6015625,94482.8671875,95865.3046875,72680784305,0.0,0.0,95125.4590829984,90405.16160457727,96541.628125,94179.131640625,77348.87220052084,,46.521575375396246,27.157921566252664,13.847013872072298,94179.131640625,101113.63774731825,87244.62553393174,0.14726205234413084,62.79838378757092,160300421390.0,139026932907.75,68717427948.95,1.0576761452566934,4720.297478421126,5456.067529923958,-735.7700515028328,2024,12,-0.01454037255458307,0.029677117592594282,0.3835518822977988,0.6206704182519801
2024-12-03 00:00:00+00:00,95854.59375,96297.203125,93629.5625,96002.1640625,67067810961,0.0,0.0,95260.33677215248,90819.7543792382,96611.5671875,94450.031640625,77914.45032552084,,45.08453048466344,25.585800845127427,14.89711742786047,94450.031640625,101214.44238022112,87685.62090102889,0.14323787132934318,63.0214199254904,227368232351.0,149734229529.2,65892867103.55,1.0178311235964825,4440.582392914279,5252.970502522023,-812.3881096077439,2024,12,0.0014276215513644441,0.043668312904207474,0.39657555754646934,0.6178664821313213
2024-12-04 00:00:00+00:00,95988.53125,99207.328125,94660.5234375,98768.53125,77199817112,0.0,0.0,95800.05899951364,91408.5526659613,96872.96875,95025.93671875,78525.76002604167,,44.50623188815161,29.275844269891977,13.466249114490125,95025.93671875,101139.40394961959,88912.46948788041,0.12866944419529858,67.29026513871949,304568049463.0,168682352268.65,65372022696.75,1.1809305254346676,4391.506333552345,5080.677668728087,-689.1713351757426,2024,12,0.02881567529768403,0.029240579249518284,0.4565157808184521,0.6137594067048149
2024-12-05 00:00:00+00:00,98741.5390625,103900.46875,91998.78125,96593.5703125,149218945580,0.0,0.0,95922.13766305,91792.62804718637,96901.871875,95302.31484375,79088.6703125,,44.868815901509876,31.439929434485975,10.597005040705728,95302.31484375,101156.28386711546,89448.34582038455,0.12285051067150153,61.298731720777646,155349103883.0,176257372253.2,68920814499.85,2.1650780923421147,4129.50961586363,4890.444058155196,-760.9344422915665,2024,12,-0.022020788503929523,0.009838758735644326,0.39264964816495196,0.6246502233565138
2024-12-06 00:00:00+00:00,97074.2265625,102039.8828125,96514.875,99920.7109375,94534772658,0.0,0.0,96537.30278219614,92394.70826128367,97430.05625,95770.4265625,79716.73782552083,,45.205501056771126,28.413348423694217,9.576878888886682,95770.4265625,101523.60486060474,90017.24826439525,0.12014519522579774,66.2494775031372,249883876541.0,190775790511.35,71430893492.05,1.3234437935250156,4142.594520912477,4740.8741507066525,-598.2796297941759,2024,12,0.03444474217316973,0.025232393392424557,0.3210196820798443,0.5630435771289403
2024-12-07 00:00:00+00:00,99916.7109375,100563.3828125,99030.8828125,99923.3359375,44177510897,0.0,0.0,97058.2309599352,92952.38438544785,98241.6625,96274.30078125,80346.5939453125,,45.51813727237085,27.61914235921336,9.309187268070538,96274.30078125,101591.37992197319,90957.22164052681,0.11045687369476531,66.25314543755923,294061387438.0,209820592279.6,71322261071.65,0.6194070439328822,4105.846574487354,4613.868635462793,-508.02206097543876,2024,12,2.627082989481444e-05,0.03602193159131373,0.316428707730545,0.5636595270304986
2024-12-08 00:00:00+00:00,99921.9140625,101399.9921875,98771.515625,101236.015625,44125751925,0.0,0.0,97700.96706225286,93565.98669948874,99288.4328125,96808.96953125,81024.1591796875,,45.96187002027055,27.825809102627748,8.852153762196027,96808.96953125,101842.29202702602,91775.64703547397,0.10398463117926826,68.11903794533465,338187139363.0,227294892889.9,69751759913.7,0.6326113058594415,4134.980362764123,4518.090980923059,-383.1106181589357,2024,12,0.013136868131795154,0.0406685355779115,0.32256039378551615,0.563774147231796
2024-12-09 00:00:00+00:00,101237.0625,101272.5078125,94355.9140625,97432.71875,110676473908,0.0,0.0,97659.69809113705,93852.41129582291,99021.2703125,97063.416015625,81643.46282552084,,44.2610573681567,24.427326487155117,15.568134700246421,97063.416015625,101640.11809410379,92486.71393714621,0.094303338298789,58.09626920179295,227510665455.0,235509317390.05,71559531194.35,1.5466349773506967,3807.2867953141395,4375.930143801275,-568.6433484871359,2024,12,-0.03756861480096407,0.016350170352135596,0.2690043799690569,0.5871876402264379
2024-12-10 00:00:00+00:00,97441.234375,98270.15625,94321.2578125,96675.4296875,104823780634,0.0,0.0,97508.2721828852,94061.52376928048,99037.6421875,97180.212890625,82213.96848958333,,42.66737800375903,22.72110619585011,14.54201923830337,97180.212890625,101580.03109897865,92780.39468227135,0.09054967214993832,56.31936864684108,122686884821.0,234896005037.2,73214172404.75,1.4317416586300062,3446.7484136047133,4190.093797761963,-743.34538415725,2024,12,-0.007772430783165474,0.007013025503900927,0.2013222213333934,0.5717792684644815
2024-12-11 00:00:00+00:00,96656.0625,101913.359375,95747.2265625,101173.03125,85391409936,0.0,0.0,98072.08127013363,94588.30210118563,99288.10625,97313.628125,82846.96861979166,,42.06281282225386,26.543269086167097,13.013487506749774,97313.628125,102032.7866306052,92594.4696193948,0.09698864581522762,63.46620234160017,208078294757.0,233251037902.05,72182517622.45,1.182992956585956,3483.7791689479927,4048.830871999169,-565.0517030511764,2024,12,0.04652269534294651,0.02434479858684746,0.14060133224236138,0.4801183133080767
2024-12-12 00:00:00+00:00,101167.8046875,102524.9140625,99339.953125,100043.0,72073983533,0.0,0.0,98375.2995362669,94992.35379739411,99312.0390625,97365.894921875,83466.82903645834,,41.631135917341325,26.137705815051298,12.294632636532734,97365.894921875,102185.66840829772,92546.1214354523,0.0990033212407697,60.77560791149457,136004311224.0,224078692562.7,71862537771.55,1.002942364241605,3382.9457388727897,3915.6538453738935,-532.7081065011039,2024,12,-0.011169293200355757,0.03571075876313912,0.13742340791860697,0.4811630780408563
2024-12-13 00:00:00+00:00,100046.6484375,101888.8046875,99233.28125,101459.2578125,56894751583,0.0,0.0,98849.75465568739,95471.383724439,99356.6875,97549.99375,84057.04791666666,,41.180184949298116,24.902549172688115,11.90346608458619,97549.99375,102705.51325846036,92394.47424153963,0.10570004795024115,62.89852693200774,192899062807.0,219971817036.35,72486543116.85,0.7849008814130414,3378.3709312483843,3808.197262548792,-429.8263313004077,2024,12,0.014156490833941326,0.015397677424076273,0.12005513173910343,0.47383666876395036
2024-12-14 00:00:00+00:00,101451.4375,102618.8828125,100634.0546875,101372.96875,40422968793,0.0,0.0,99237.94143942778,95908.53817077685,100144.7375,97717.951171875,84629.24557291667,,40.93064196830416,25.337890282995275,11.467279387544508,97717.951171875,103148.62178122227,92287.28056252773,0.11114990734497349,62.67595199390148,152476094014.0,211258192039.2,71922090525.35,0.5620382902906906,3329.403268650931,3712.43846376922,-383.03519511828927,2024,12,-0.0008504799301751742,0.014507450125631483,0.16186211475498635,0.4508278607387744
2024-12-15 00:00:00+00:00,101373.53125,105047.5390625,101227.03125,104298.6953125,51145914137,0.0,0.0,100016.51895836196,96530.03129238597,101669.390625,98277.77109375,85240.678515625,,41.21514244729164,28.036885673753087,10.65772443409169,98277.77109375,104005.30078035331,92550.24140714668,0.11655798911311616,66.94678127631703,203622008151.0,209147335873.4,70433913107.7,0.7261546587478839,3486.4876659759902,3667.248304210574,-180.7606382345839,2024,12,0.02886101293644905,0.030252866715387405,0.14530874711500896,0.4376567838607543
2024-12-16 00:00:00+00:00,104293.578125,107780.578125,103322.984375,106029.71875,91020417816,0.0,0.0,100941.62661861397,97233.71184480183,102640.728125,98979.991015625,85884.50989583334,,41.96421322808642,30.748069475080282,9.789355794186969,98979.991015625,104899.75864502793,93060.22338622206,0.11961544083123712,69.19287820884145,294642425967.0,216170326591.15,70402108005.75,1.2928649495632436,3707.914773812139,3675.3815981308876,32.53317568125158,2024,12,0.016596788984881483,0.08823524695086071,0.17084256244993634,0.4378840818578547
2024-12-17 00:00:00+00:00,106030.6875,108268.4453125,105291.734375,106140.6015625,68589364868,0.0,0.0,101741.46891767335,97893.4814535202,103860.2484375,99488.89453125,86513.20677083333,,42.73961529765114,29.95329720012438,9.247498676281554,99488.89453125,106033.42951029359,92944.35955220641,0.1315631259122678,69.3366192351991,363231790835.0,223066112930.4,70274903627.25,0.9760150683636596,3847.9874641531496,3709.9027713353403,138.08469281780935,2024,12,0.001045771070669721,0.09790669568882016,0.18136340984719568,0.4355498686171839
2024-12-18 00:00:00+00:00,106147.296875,106470.609375,100041.5390625,100041.5390625,93865656139,0.0,0.0,101479.94124764668,98052.59683196315,103576.7046875,99708.348046875,87041.18684895833,,41.15116741308094,26.536839396309926,17.507215739044646,99708.348046875,106000.71622677309,93415.97986697692,0.12621547349154572,54.322688561805215,269366134696.0,227881616875.75,72355186021.15,1.297289956680677,3427.344415683532,3653.391100204979,-226.04668452144688,2024,12,-0.057462106019896764,-0.011183733189767397,0.10491077322166409,0.48813745878710835
2024-12-19 00:00:00+00:00,100070.6875,102748.1484375,95587.6796875,97490.953125,97221662392,0.0,0.0,100866.2507672395,98010.99359441032,102800.3015625,99709.81953125,87516.00768229166,,38.28249026916331,23.34330413662476,22.88578070958289,99709.81953125,105999.9887756982,93419.6502868018,0.12616950414751887,49.495856909901605,172144472304.0,225087603577.7,74467835016.95,1.3055524223293304,2855.2571728291805,3493.7643147298195,-638.507141900639,2024,12,-0.025495268879325628,-0.025509499665144042,0.05573914731846563,0.4947547213748199
2024-12-20 00:00:00+00:00,97484.6953125,98098.9140625,92175.1796875,97755.9296875,105634083408,0.0,0.0,100387.73983189496,97992.09997167623,101491.7484375,99775.16328125,88022.47565104166,,36.327513587774206,21.08287376600877,26.248005923036555,99775.16328125,105948.7793056601,93601.54725683991,0.12375055718040105,49.99298013556868,277778555712.0,229157005843.35,78167827794.05,1.3513754493257222,2395.6398602187255,3274.1394238276007,-878.4995636088752,2024,12,0.002717960528709318,-0.03650064276878384,0.036214287577569504,0.48975737637831895
2024-12-21 00:00:00+00:00,97756.1953125,99507.1015625,96426.5234375,97224.7265625,51765334294,0.0,0.0,99901.1224058342,97935.25749692244,99730.75,99772.41015625,88520.19765625,,34.11788741879672,22.349824081761888,24.89776725085575,99772.41015625,105950.75900313974,93594.06130936026,0.12384884432908957,48.95269710366725,226013221418.0,228808606629.5,78926559743.95,0.6558671055970864,1965.864908911768,3012.484520844434,-1046.619611932666,2024,12,-0.005433973434635808,-0.040920594894780615,-0.01299430032109028,0.46534518901594296
2024-12-22 00:00:00+00:00,97218.3203125,97360.265625,94202.1875,95104.9375,43147981314,0.0,0.0,99163.24780493663,97725.60416381707,97523.6171875,99734.391796875,88998.07669270833,,32.5935515900069,21.148738326252023,27.344854832929244,99734.391796875,106022.35680432362,93446.42678942639,0.12609421673227938,44.93443312045612,182865240104.0,229936847565.2,77449919594.4,0.5571081485941247,1437.643641119561,2697.5163448994595,-1259.8727037798985,2024,12,-0.021802983021374844,-0.08814834917113434,-0.03932139812958024,0.4709702158173509
2024-12-23 00:00:00+00:00,95099.390625,96416.2109375,92403.1328125,94686.2421875,65239002919,0.0,0.0,98474.47770994638,97500.46623964544,96452.5578125,99668.595703125,89440.16315104166,,31.574701795173993,19.699951486395285,28.542654460000982,99668.595703125,106145.69059755035,93191.50080869965,0.12997263277829577,44.16332768413104,117626237185.0,224449747806.9,77358479192.3,0.8433335763598319,974.0114703009458,2352.8153699797567,-1378.803899678811,2024,12,-0.004402456102765462,-0.10698393522334981,-0.03161306003791142,0.4693885289198847
2024-12-24 00:00:00+00:00,94684.34375,99404.0625,93448.015625,98676.09375,47114953674,0.0,0.0,98505.49556226232,97587.54975893097,96689.5859375,99663.973828125,89974.0578125,,29.76467038712026,22.706462372469367,25.72586030050685,99663.973828125,106143.90428034624,93184.04337590377,0.130035562567396,52.52417579895329,164741190859.0,217458404876.7,75854236020.4,0.6211248856468484,917.9458033313567,2065.841456650077,-1147.8956533187202,2024,12,0.04213760595334648,-0.07032660172087479,0.006756939331499012,0.49266091648610477
2024-12-25 00:00:00+00:00,98675.9140625,99478.75,97593.46875,99299.1953125,33700394629,0.0,0.0,98627.60321614504,97714.3383184546,96998.2390625,99799.255078125,90512.1328125,,28.063103945392147,22.096397613981694,24.8885935746926,99799.255078125,106120.31068527733,93478.19947097267,0.12667540658903864,53.69041721335004,198441585488.0,219613028956.95,70078308472.85,0.4808962339902415,913.2648976904457,1835.3261448581507,-922.061247167705,2024,12,0.0063146152104343045,-0.00742035515403483,0.06656010265589907,0.45771099530559406
2024-12-26 00:00:00+00:00,99297.6953125,99884.5703125,95137.8828125,95795.515625,47054980873,0.0,0.0,98191.89743289196,97572.20330412462,96712.396875,99592.9953125,90976.56979166667,,27.078043486415854,20.304605363427566,27.065370273337148,99592.9953125,106161.72666819775,93024.26395680226,0.13191151315585142,46.73799326802394,151386604615.0,214688165360.65,67704318883.6,0.6950070785572605,619.6941287673399,1592.1997416399886,-972.5056128726487,2024,12,-0.03528406928650052,-0.0173907162219058,0.04142177577417461,0.473869964130015
2024-12-27 00:00:00+00:00,95704.9765625,97294.84375,93310.7421875,94164.859375,52419934565,0.0,0.0,97572.35311629319,97319.80745752278,96524.38125,99305.071484375,91380.85481770833,,26.569084757126653,18.91796142695833,28.3489490668216,99305.071484375,106303.5921163554,92306.5508523946,0.1409499137832365,43.88945312109194,98966670050.0,204933429491.25,68116440067.0,0.7695636253661999,252.54565877041023,1324.268925066073,-1071.7232662956628,2024,12,-0.017022260795415023,-0.03673506378569269,-0.018733060201556517,0.453488429757753
2024-12-28 00:00:00+00:00,94160.1875,95525.8984375,94014.2890625,95163.9296875,24107436185,0.0,0.0,97201.82643494039,97160.11280789146,96619.91875,99001.4671875,91754.912109375,,26.096480222786678,18.404407443371547,27.579378001779748,99001.4671875,106172.00091421366,91830.93346078636,0.1448571204128378,46.05861850903799,123074106235.0,194177777834.85,67115524280.0,0.3591931441141087,41.713627048928174,1067.757865462644,-1026.044238413716,2024,12,0.010609799867287384,-0.02119622186517789,-0.005107438092129768,0.4549518900583108
2024-12-29 00:00:00+00:00,95174.0546875,95174.875,92881.7890625,93530.2265625,29635885267,0.0,0.0,96636.9649161034,96891.23234526988,95590.7453125,98806.342578125,92108.090234375,,25.91758988913278,17.622863017750227,28.505465441584395,98806.342578125,106358.83482904556,91253.85032720443,0.15287464455935912,43.12287796317435,93438220968.0,187474155610.5,63063494847.95,0.4699372487752853,-254.26742916647345,803.3528065368206,-1057.620235703294,2024,12,-0.017167251608511402,-0.016557614976614676,-0.0403369118021335,0.45358247389705847
2024-12-30 00:00:00+00:00,93527.1953125,94903.3203125,91317.1328125,92643.2109375,56188003691,0.0,0.0,96022.5412270875,96576.56409284247,94259.5484375,98604.731640625,92481.890625,,26.097281825083698,16.446597819706362,29.514980770304806,98604.731640625,106599.08653933316,90610.37674191684,0.16214951890634216,41.573469764029234,37250217277.0,183202322233.3,60631706000.8,0.9267099245114203,-554.0228657549742,531.8776720784616,-1085.900537833436,2024,12,-0.00948373223930199,-0.021576854279995006,-0.03945962728542163,0.4533601907294644
2024-12-31 00:00:00+00:00,92643.25,96090.6015625,91914.03125,93429.203125,43625106843,0.0,0.0,95623.56613445866,96343.42624337265,93786.2859375,98217.540234375,92881.00286458334,,25.812527225865573,17.372070106935826,27.235017120163086,98217.540234375,106435.14281089748,89999.93765785253,0.16733472568978897,43.51033219743804,80875324120.0,176842173701.45,58543390846.15,0.7451756075702083,-719.8601089139993,281.53011587996946,-1001.3902247939687,2024,12,0.008484077565384274,-0.053172865134824,-0.03958258929844194,0.4533257095737555
2025-01-01 00:00:00+00:00,93425.1015625,94929.8671875,92788.125,94419.7578125,24519888919,0.0,0.0,95438.36485415733,96200.93228553023,93837.265625,97936.378125,93299.84427083333,,25.54811224087732,16.661304354132163,26.120715984669467,97936.378125,106274.90655550291,89597.8496944971,0.17028459884150746,45.942478637051316,105395213039.0,175311718792.2,56165686115.45,0.43656350727379606,-762.567431372896,72.71060642939636,-835.2780378022924,2025,1,0.010602195613021781,-0.049138741604543124,-0.015078936844900914,0.45240645679864877
2025-01-02 00:00:00+00:00,94416.2890625,97739.8203125,94201.5703125,96886.875,46009564411,0.0,0.0,95661.21256890237,96251.74285697244,94181.8546875,97707.758984375,93768.940234375,,24.26430780921113,20.919396370892603,24.34836119424193,97707.758984375,105888.84061563718,89526.67735311283,0.1674602245778753,51.53889498973877,151404777450.0,173237004524.35,55621426756.85,0.8271913737871484,-590.5302880700765,-59.9375724704982,-530.5927155995782,2025,1,0.026129247147606893,0.011392593566406761,0.009215531192859672,0.4616588112629743
2025-01-03 00:00:00+00:00,96881.7265625,98956.9140625,96034.6171875,98107.4296875,35611391163,0.0,0.0,96037.55366407122,96389.20114071523,95097.2953125,97544.48203125,94273.872265625,70818.492375,22.667990428427053,22.099221221484946,22.962543566319898,97544.48203125,105545.93908144439,89543.0249810556,0.16405760497310337,54.07216791642003,187016168613.0,174964008254.3,55380847875.35,0.6430271931400064,-351.64747664400784,-118.27955330520014,-233.3679233388077,2025,1,0.012597729955682757,0.04186880688473393,-0.006693443287383083,0.45255442628532777
2025-01-04 00:00:00+00:00,98106.9921875,98734.4296875,97562.9765625,98236.2265625,22342608078,0.0,0.0,96375.81103306026,96526.01783862521,96215.8984375,97241.35859375,94755.15,70956.072796875,21.185695717698987,21.569244797854097,22.411863223570336,97241.35859375,104598.87795516619,89883.83923233382,0.15132489853734055,54.34339003068581,209358776691.0,175250846681.3,53940682572.4,0.41420699576820175,-150.20680556494335,-124.66500375714878,-25.54180180779457,2025,1,0.0013128146911018934,0.032284258175222735,0.017005854993098035,0.445496558748637
2025-01-05 00:00:00+00:00,98233.90625,98813.3046875,97291.765625,98314.9609375,20525254825,0.0,0.0,96674.14178758945,96658.53214224556,97193.05,96855.620703125,95133.08138020833,71106.78521875,19.90324864092064,20.869196219727616,22.26298533947153,96855.620703125,102978.46242952233,90732.77897672766,0.12643234707389137,54.5202019021558,229884031516.0,172012926958.75,50415924422.85,0.4071184860729707,15.609645343894954,-96.61007393694004,112.219719280835,2025,1,0.0008014800420892421,0.051157091678834865,-0.016070241944179053,0.4286807624808193
2025-01-06 00:00:00+00:00,98314.953125,102482.875,97926.1484375,102078.0859375,51823432705,0.0,0.0,97505.51781065261,97059.98057152367,98724.715625,96652.494921875,95569.30182291666,71282.081515625,19.456266497935253,26.522574399672273,20.153404354036564,96652.494921875,101643.25961881506,91661.73022493493,0.10327234079108134,62.079054262589125,281707464221.0,167936710628.05,49577627814.7,1.0452987565014982,445.537239128942,11.819388676236372,433.71785045270565,2025,1,0.03827621924594227,0.1018409757663199,0.02156403186286493,0.44930773901786714
2025-01-07 00:00:00+00:00,102248.8515625,102712.484375,96132.875,96922.703125,58685738547,0.0,0.0,97415.8540128599,97049.81187178119,98731.88125,96496.553125,95908.922265625,71433.27859375,18.398115066641633,23.116414027671443,21.065428202689468,96496.553125,101229.70081786484,91763.40543213517,0.09809982925988235,49.85437283962499,223021725674.0,165619490176.95,47818631935.1,1.2272567443303055,366.0421410787094,82.66393915673098,283.3782019219784,2025,1,-0.05050430525956884,0.0373919490175465,-0.04260650197828253,0.48133036662359047
2025-01-08 00:00:00+00:00,96924.1640625,97258.3203125,92525.84375,95043.5234375,63875859171,0.0,0.0,97050.88007818915,96901.19791368628,98119.1,96374.181640625,96213.333203125,71561.89334375,17.84718509224755,21.024919197293812,26.055507742350848,96374.181640625,101125.5965423754,91622.7667388746,0.09860348115781067,46.277110688974474,159145866503.0,164969559886.9,46151341774.05,1.3840520495314428,149.68216450286855,96.06758422595848,53.61458027691006,2025,1,-0.019388436629511285,0.006606304013601516,-0.024521488706790273,0.46800628778807746
2025-01-09 00:00:00+00:00,95043.484375,95349.71875,91220.84375,92484.0390625,62777261693,0.0,0.0,96348.2891526985,96574.00096174655,96968.6625,96110.587109375,96413.49739583333,71676.263609375,17.680032601022827,19.377647176913317,26.490433476548926,96110.587109375,101117.32093337296,91103.85328537704,0.10418693662333443,41.87031794585375,96368604810.0,155899062341.8,44008500688.3,1.4264803551848748,-225.71180904805078,31.711705571156635,-257.4235146192074,2025,1,-0.026929603222076492,-0.04544305859281761,-0.04335528312155967,0.4764291962341192
2025-01-10 00:00:00+00:00,92494.4921875,95770.609375,92250.09375,94701.453125,62058693684,0.0,0.0,96094.92976382181,96435.29371458016,96245.9609375,95984.4234375,96513.496875,71798.944890625,17.37295562257687,18.879502323237467,24.71253289730154,95984.4234375,101000.10575868814,90968.74111631185,0.1045103391063049,46.613470342269956,158427298494.0,152519766195.6,44523168657.8,1.393851685646546,-340.363950758343,-42.70342569474329,-297.6605250635997,2025,1,0.023976181025154863,-0.03471680558087198,-0.06396544657250247,0.45398149163060897
2025-01-11 00:00:00+00:00,94700.8359375,94977.6875,93840.046875,94566.59375,18860894100,0.0,0.0,95859.80114631077,96296.87149498162,94743.6625,95957.50625,96623.6765625,71924.56346875,17.087812714019915,18.448613103208235,24.148515697973213,95957.50625,100998.77453773672,90916.23796226329,0.10507293248331406,46.365679762971865,139566404394.0,150354824410.1,43308814297.1,0.4354978173868626,-437.0703486708517,-121.57681028996498,-315.49353838088666,2025,1,-0.001424047578467369,-0.03735518902657875,-0.05474052407464791,0.45275506090321715
2025-01-12 00:00:00+00:00,94565.7265625,95367.5390625,93712.5078125,94488.4375,20885130965,0.0,0.0,95648.82212380141,96162.91342127929,94256.809375,95947.616015625,96688.74778645833,72053.177953125,16.666007320737492,18.624917328908637,23.31484709003189,95947.616015625,101000.14904577026,90895.08298547973,0.10531857361255254,46.21235978297245,118681273429.0,150407576222.3,41091120699.4,0.5082638440986827,-514.0912974778767,-200.07970772754732,-314.01158975032934,2025,1,-0.0008264678561502592,-0.03892106960132513,-0.06870561112700335,0.4491941279415059
2025-01-13 00:00:00+00:00,94488.890625,95837.0,89260.1015625,94516.5234375,72978998252,0.0,0.0,95474.62232590889,96040.958607666,94151.409375,95739.6375,96809.84934895833,72186.49228125,17.495939087314895,16.227448995155214,29.027966952737337,95739.6375,100659.98754230434,90819.28745769565,0.10278605958382377,46.28110446264233,191660271681.0,151753530263.4,42384322928.3,1.7218394257578653,-566.3362817571178,-273.3310225334614,-293.0052592236564,2025,1,0.00029724205673309356,-0.07407625672595164,-0.0676358342568516,0.4492521614165872
2025-01-14 00:00:00+00:00,94519.0078125,97352.6640625,94322.15625,96534.046875,53769675818,0.0,0.0,95637.61071807676,96077.48366450556,94961.4109375,95601.380078125,96900.98333333334,72320.428625,17.66239302139045,18.255992646000255,27.28510453972497,95601.380078125,100248.39595590945,90954.36420034055,0.09721650197909128,51.11448656051735,245429947499.0,154102948363.95,43387786987.75,1.2392813635132207,-439.8729464288044,-306.63940731253,-133.23353911627441,2025,1,0.021345722040169157,-0.004009960901510956,-0.07444626621872441,0.44346891619202644
2025-01-15 00:00:00+00:00,96534.046875,100697.234375,96501.640625,100504.4921875,57805923627,0.0,0.0,96386.36171337264,96405.41022176441,96122.01875,95836.82890625,97066.75026041667,72479.275484375,16.657490960263782,23.305735964173675,25.04328578211834,95836.82890625,100976.33923379635,90697.31857870365,0.10725543376594705,58.94356438555774,303235871126.0,161695411689.5,43925334125.45,1.3160041870576846,-19.048508391773794,-249.1212275283788,230.072719136605,2025,1,0.041129999632577796,0.05745755789021323,-0.05211016899448295,0.46439777216398465
2025-01-16 00:00:00+00:00,100505.296875,100781.5859375,97364.4453125,99756.90625,54103781805,0.0,0.0,96904.90702669992,96653.6691868189,97160.08125,96116.43125,97231.93450520834,72635.128265625,15.69724184260746,21.905026693605464,23.359841042296477,96116.43125,101476.65837181768,90756.2041281823,0.1115361245128978,57.08963046983262,249132089321.0,169203682653.05,44009526487.45,1.2293652334666345,251.23783988102514,-149.04941404649801,400.2872539275231,2025,1,-0.0074383335632930425,0.07863916045648756,-0.060143764200742855,0.4647563223551293
2025-01-17 00:00:00+00:00,100025.765625,105884.2265625,99948.90625,104462.0390625,71888972663,0.0,0.0,98067.54272451533,97232.06695538785,99154.8015625,96581.33671875,97463.92447916667,72807.18284375,15.767677087420688,28.95625327610359,20.675946916155123,96581.33671875,103084.7177653005,90077.95567219949,0.13467158909777158,64.6299389136195,321021061984.0,179101030440.5,46398603311.35,1.5493779452929042,835.4757691274717,47.85562258829593,787.6201465391758,2025,1,0.04716598568833419,0.10306690779725036,0.04418664528179983,0.4500324232867388
2025-01-18 00:00:00+00:00,104124.953125,104913.203125,102226.6171875,104408.0703125,50445655726,0.0,0.0,99043.0085072822,97763.62275961837,101133.1109375,97125.22890625,97664.99583333333,72973.209328125,15.833081243318688,27.46617684622054,19.611971516040047,97125.22890625,104335.28687015301,89915.170942347,0.14846931214674414,64.48995630084134,270575406258.0,187957889705.0,47439091834.3,1.0633773492587426,1279.3857476638223,294.1616476034012,985.224100060421,2025,1,-0.000516635042589142,0.1040692719515448,0.07095137513560945,0.43933418005785324
2025-01-19 00:00:00+00:00,104411.2890625,106299.796875,99570.53125,101089.609375,76789928525,0.0,0.0,99357.87017923877,98009.99213853553,102044.2234375,97547.548828125,97777.49778645833,73131.356609375,15.02496889353099,24.118333742179306,22.032541101722874,97547.548828125,104640.75076792258,90454.34688832742,0.14543065458867713,56.400776853080835,193785477733.0,195784652727.8,48469188076.0,1.5843039995758315,1347.8780407032464,504.9049262233703,842.9731144798761,2025,1,-0.03178356737719257,0.0698622185915605,0.03410207133374832,0.4553512651380484
2025-01-20 00:00:00+00:00,101083.75,109114.8828125,99471.359375,102016.6640625,126279678351,0.0,0.0,99766.91539204819,98306.78265142179,102346.6578125,97976.921875,97836.030078125,73274.353296875,14.999778528515634,24.921560202010326,18.544140546623698,97976.921875,105060.0996592267,90893.7440907733,0.14458869800509752,57.98624391728084,320065156084.0,207744144326.0,52601916651.4,2.400666865199465,1460.1327406264027,695.9504891039768,764.1822515224259,2025,1,0.009170622908047932,0.07935269254755806,0.04928723041375238,0.455445106514209
2025-01-21 00:00:00+00:00,102052.578125,107180.921875,100103.953125,106146.265625,88733878242,0.0,0.0,100748.3538894254,98887.48509390907,103624.5296875,98563.247265625,97955.1734375,73438.01203125,14.976387475287089,22.149958066669797,16.481790552463572,98563.247265625,106316.32336276711,90810.17116848289,0.15732184789423187,64.22680555939385,408799034326.0,222914335390.35,55812616117.55,1.589853413341398,1860.8687955163332,928.9341503864481,931.9346451298851,2025,1,0.040479676535688514,0.09957335324858674,0.11609626603245493,0.46636595949131476
2025-01-22 00:00:00+00:00,106136.3828125,106294.34375,103360.265625,103653.0703125,53878181052,0.0,0.0,101195.23333912919,99240.49140639728,103462.7359375,98901.55703125,98053.10325520833,73584.4168125,14.954667211574867,21.10212768825252,15.702099648327303,98901.55703125,106932.16167943724,90870.95238306277,0.16239591952328508,58.57036851655655,354920853274.0,233090139181.55,56206046949.6,0.9585833549246507,1954.7419327319076,1134.0957068555401,820.6462258763675,2025,1,-0.023488299826845638,0.03132773527302679,0.0947004329017902,0.47533624197296725
2025-01-23 00:00:00+00:00,103657.671875,106820.328125,101257.8046875,103960.171875,104104515428,0.0,0.0,101620.60849849392,99590.09736703451,103373.15625,99194.194140625,98152.20911458334,73732.49428125,14.19537041345451,19.243521065991594,17.64813687725858,99194.194140625,107523.93311002613,90864.45517122386,0.16794811514053504,59.04878249608754,459025368702.0,246690599186.0,59630703162.85,1.7458206914597854,2030.5111314594105,1313.3787917763143,717.1323396830962,2025,1,0.002962783076025932,0.04213508400577526,0.0535497294652485,0.45424274113265445
2025-01-24 00:00:00+00:00,103965.671875,107098.546875,102772.125,104819.484375,52388229265,0.0,0.0,102112.74324872562,99977.45936762454,104119.13125,99523.35703125,98347.49557291667,73886.65875,13.577076309352837,18.36321195771248,16.435616806714755,99523.35703125,108206.50274835328,90840.21131414671,0.17449463073028784,60.42585901939339,511413597967.0,261793340249.8,61132984222.2,0.856955208903013,2135.2838811010733,1477.7598096412662,657.5240714598071,2025,1,0.008265785680243276,0.0034217723079876805,0.055592485368359146,0.45452618024938923
2025-01-25 00:00:00+00:00,104824.03125,105243.7890625,104120.375,104714.6484375,23888996502,0.0,0.0,102513.0363546909,100328.36226168938,104658.728125,99843.34140625,98559.65104166667,74019.7245625,13.002946069829852,18.017057748707796,16.12579857075833,99843.34140625,108806.15731921964,90880.52549328035,0.17953757930638706,60.16006616641134,487524601465.0,274675368747.25,61301171306.05,0.3896988588151548,2184.674093001522,1619.1426663133175,565.5314266882046,2025,1,-0.0010001569662844156,0.002936345093654147,0.0931059533873666,0.43433913807970637
2025-01-26 00:00:00+00:00,104713.2109375,105438.6484375,102507.7109375,102682.5,22543395879,0.0,0.0,102539.10768473845,100502.74283489758,103965.975,99873.562109375,98671.65052083334,74149.9084375,12.271326939638568,17.110817961123917,18.082244406154494,99873.562109375,108872.10936942617,90875.01484932382,0.18019878474338485,55.10057838820812,464981205586.0,283839055815.5,59837169464.75,0.37674569303082234,2036.364849840873,1702.5871030188287,333.77774682204426,2025,1,-0.019406534499448846,0.015757214167195333,0.09045455684354109,0.4358148906209037
2025-01-27 00:00:00+00:00,102680.3046875,103214.109375,97795.9375,102087.6875,89006608428,0.0,0.0,102469.65842554792,100620.14614342368,103652.8984375,100131.811328125,98778.90416666666,74281.76984375,12.96968883356748,15.55336635740559,24.351818530235583,100131.811328125,109070.04063680474,91193.58201944525,0.17852926437912495,53.67759242303832,375974597158.0,291486699389.7,61353212958.8,1.4507244875304224,1849.5122821242403,1731.9721388399112,117.54014328432913,2025,1,-0.005792734886665207,0.0006961944712924328,0.07275611500319812,0.43603262708682916
2025-01-28 00:00:00+00:00,102095.4140625,103730.8203125,100238.1875,101332.4765625,47180685494,0.0,0.0,102294.7073696944,100672.91135965157,103127.359375,100446.258984375,98843.42005208334,74415.3815,13.418622343638487,15.508254289125958,22.904546019875916,100446.258984375,109067.65350896269,91824.86445978732,0.17166183413418692,51.846799278317576,328793911664.0,299969101647.75,60518454274.95,0.7796082378384405,1621.7960100428318,1709.9369130804955,-88.14090303766375,2025,1,-0.007397669160641884,-0.04535052678637275,0.0834195562948441,0.43177042978540864
2025-01-29 00:00:00+00:00,101317.5234375,104750.8046875,101283.8203125,103703.2109375,47432049818,0.0,0.0,102511.40022627987,100897.37799504775,102904.1046875,101007.217578125,98964.32265625,74556.0899375,13.440230531029343,16.339311335557774,21.536272002459143,101007.217578125,108874.23608537111,93140.19907087888,0.15577141309058032,56.82505653957595,376225961482.0,313961969481.35,59751193681.2,0.7938259789598803,1614.0222312321275,1690.753976710822,-76.73174547869439,2025,1,0.023395602825692086,0.00048373506784549214,0.11938273606968797,0.43510002876716036
2025-01-30 00:00:00+00:00,103709.3359375,106418.765625,103321.6484375,104735.3046875,41915744521,0.0,0.0,102853.5393741599,101181.66886115533,102908.2359375,101508.91015625,99088.58125,74697.967375,12.846659933669255,18.3781827201062,20.365845176853075,101508.91015625,108951.03018832779,94066.79012417221,0.1466298873787991,58.82100294491351,418141706003.0,326947689856.8,58744046223.05,0.7135317911511702,1671.870513004571,1686.977283969572,-15.106770965001033,2025,1,0.009952379879751394,0.007456055511643411,0.12101250127728735,0.4353198688402863
2025-01-31 00:00:00+00:00,104737.5625,106026.3515625,101543.8828125,102405.0234375,45732764360,0.0,0.0,102784.53692236607,101272.28771866234,102852.740625,101900.831640625,99197.5765625,74833.51509375,12.836187406494172,16.94299643855539,21.872593676800044,101900.831640625,108591.19671832565,95210.46656292434,0.1313112949126,52.87726125517256,372408941643.0,338589816719.25,60087639736.05,0.7611010277802991,1512.24920370373,1652.0316679164039,-139.78246421267386,2025,1,-0.022249243050878498,-0.023034466844561785,0.08457197741236788,0.4441039721475564
2025-02-01 00:00:00+00:00,102402.796875,102755.7265625,100297.7109375,100655.90625,27757944848,0.0,0.0,102457.0552804636,101226.62983209477,102566.384375,102209.205078125,99275.13893229167,74958.5605,13.180728492618016,16.196087139876997,23.14333585353352,102209.205078125,107964.18547389375,96454.22468235625,0.11261178269354226,48.88432502104133,344650996795.0,349888302887.55,60431280430.2,0.45933074147024383,1230.4254483688273,1567.7104240068886,-337.28497563806127,2025,2,-0.017080384621634526,-0.03876002305372306,0.03890136047839299,0.44131029091054924
2025-02-02 00:00:00+00:00,100661.5390625,101430.6640625,96216.078125,97688.9765625,63091816853,0.0,0.0,101723.50470846919,100964.58144175442,101837.684375,102367.827734375,99257.14635416666,75076.13153125,14.482507095764323,14.714140958241675,28.187749474301256,102367.827734375,107353.51121721255,97382.14425153744,0.09740723415123072,42.95853912544581,281559179942.0,354383248300.6,59936921360.25,1.052636929310859,758.9232667147735,1405.9529925484658,-647.0297258336923,2025,2,-0.02947596219670423,-0.04863071543349651,-0.0042652541844475644,0.452294698004448
2025-02-03 00:00:00+00:00,97681.1015625,102514.171875,91242.890625,101405.421875,115400897748,0.0,0.0,101674.56888793547,100997.23628866149,101378.1265625,102611.396484375,99337.34388020834,75211.44084375,16.57170973802601,12.130465620553284,30.98577884564157,102611.396484375,106811.08695444424,98411.70601430576,0.08185621897678277,50.975260716174205,396960077690.0,361959754810.15,63018482456.75,1.8312230515420678,677.3325992739847,1260.2289138935696,-582.8963146195849,2025,2,0.03804365081173988,-0.006683133311252587,0.032260963428635936,0.4712547014461007
2025-02-04 00:00:00+00:00,101398.71875,101745.6171875,96208.109375,97871.8203125,73002130211,0.0,0.0,101089.53064556078,100765.72399413101,100005.4296875,102479.762890625,99303.195703125,75329.46815625,18.51168362012615,11.099308818188144,28.35181592676329,102479.762890625,107101.35156082782,97858.17422042218,0.09019514760461281,44.562433017384485,323957947479.0,362995858627.8,63778292785.95,1.1446234607753873,323.80665142976795,1072.9444614008094,-749.1378099710414,2025,2,-0.034846278405663456,-0.03415150174352577,-0.00450735697572735,0.487889302669552
2025-02-05 00:00:00+00:00,97878.0078125,99113.2109375,96174.828125,96615.4453125,49125911241,0.0,0.0,100401.2098250899,100458.29594363982,98847.5140625,102322.68984375,99248.06419270833,75445.96428125,20.318685400013585,10.585121011649008,27.090857298273452,102322.68984375,107512.52753017278,97132.85215732723,0.10144060314184122,42.514509741243636,274832036238.0,364280855973.65,63529399257.75,0.7732783847315712,-57.08611854992341,846.9383454106628,-904.0244639605862,2025,2,-0.012836943218062724,-0.0683466361448698,-0.053514332433159506,0.46987764410233684
2025-02-06 00:00:00+00:00,96610.640625,99168.609375,95707.3515625,96593.296875,45302471947,0.0,0.0,99815.37706353761,100171.99971633317,98034.9921875,101929.252734375,99170.685546875,75561.50971875,22.07942443873696,9.997589203448781,26.336822333478544,101929.252734375,107606.38592091511,96252.11954783488,0.11139359966337785,42.47744920424323,229529564291.0,359706281089.0,62200074221.95,0.7283346927424253,-356.6226527955587,606.2261457694185,-962.8487985649772,2025,2,-0.00022924323774897726,-0.0777389041526485,-0.003398649020087352,0.4353972093503413
2025-02-07 00:00:00+00:00,96581.3203125,100154.140625,95653.8828125,96529.0859375,55741290456,0.0,0.0,99309.79381337798,99902.15425123442,97803.0140625,101535.303515625,99155.625,75676.61965625,23.251051399652766,10.855876912655583,24.43757391443403,101535.303515625,107570.37803037926,95500.22900087074,0.1188763770982482,42.362156137937994,173788273835.0,354866924467.85,62464855958.45,0.8923624268513107,-592.3604378564341,366.50882904424805,-958.8692669006822,2025,2,-0.0006647556256734743,-0.05737938728744307,0.015630339093824608,0.429690457071005
2025-02-08 00:00:00+00:00,96533.2578125,96877.8046875,95702.4921875,96482.453125,22447526395,0.0,0.0,98874.8183228583,99648.84305669853,96818.4203125,101304.945703125,99152.40872395833,75787.33034375,24.338990720503155,10.640070887915952,23.95177477326959,101304.945703125,107749.4692902856,94860.42211596441,0.12723018688636048,42.27241963323476,151340747440.0,352744687953.2,59747735851.95,0.3757050551777081,-774.0247338402405,138.4021164673503,-912.4268503075908,2025,2,-0.00048309597099249757,-0.04146257562506428,0.043233557952609525,0.4179831443392108
2025-02-09 00:00:00+00:00,96481.3125,97325.28125,94745.2578125,96500.09375,27732901800,0.0,0.0,98509.4760808801,99415.60236731346,96544.075,101029.1171875,99074.52643229166,75891.05965625,25.560078271328326,10.162482830042762,24.542022807631707,101029.1171875,107808.88402293676,94249.35035206324,0.13421411617116658,42.3221941286279,179073649240.0,345695112611.0,54820397024.4,0.505886555102043,-906.1262864333694,-70.50356411279364,-835.6227223205758,2025,2,0.00018283765004545316,-0.012170081562266843,0.01899274578845067,0.4101471744515917
2025-02-10 00:00:00+00:00,96499.4609375,98333.21875,95320.84375,97437.5546875,40078962391,0.0,0.0,98344.56509728315,99269.08031695691,96708.496875,100593.681640625,99031.10234375,75996.47859375,26.172591372016615,11.407118578843427,23.23089523543645,100593.681640625,107102.89637019062,94084.46691105938,0.1294159757035248,45.03449360816795,219152611631.0,336212791476.25,52387651231.85,0.765045987910855,-924.5152196737617,-241.30589522498727,-683.2093244487745,2025,2,0.009714611676219231,-0.039128747892702376,0.030359145060144366,0.41120926027669286
2025-02-11 00:00:00+00:00,97438.1328125,98492.8984375,94875.0390625,95747.4296875,37488783272,0.0,0.0,97945.00580347035,99008.21730736751,96539.3234375,100198.399609375,98935.90520833334,76096.43965625,26.85422404347174,10.669858710654324,22.525857855447732,100198.399609375,106883.15452189301,93513.644696857,0.13343037291171572,41.26676459862416,181663828359.0,327549940230.5,51568181342.85,0.7269750899834259,-1063.2115038971533,-405.6870169594205,-657.5244869377328,2025,2,-0.017345724709743937,-0.021705845648082644,0.013324298938692802,0.4162499469781261
2025-02-12 00:00:00+00:00,95745.6953125,98151.0234375,94101.203125,97885.859375,49340445530,0.0,0.0,97935.90635293645,98925.07968274769,96810.678125,99894.683984375,98877.78671875,76210.61275,27.684261072973634,9.898621274633655,22.27880201411823,99894.683984375,106409.61101118053,93379.75695756948,0.13043591043993005,47.277047702439795,231004273889.0,316148885489.85,48829977847.95,1.0104539814381963,-989.1733298112376,-522.384279529784,-466.7890502814537,2025,2,0.02233406885677658,0.013149181876571436,0.035648115429552485,0.42304393363551585
2025-02-13 00:00:00+00:00,97888.75,98111.0859375,95269.7109375,96623.8671875,37147280860,0.0,0.0,97734.05417363853,98754.61949791452,96838.9609375,99484.903125,98749.87291666666,76319.885125,28.45500974322539,9.386010250549063,21.125069671099812,99484.903125,105720.56421532932,93249.24203467068,0.1253589417983226,44.39007137995386,193856993029.0,300271055242.95,48067930427.7,0.7728079933849871,-1020.5653242759872,-622.0204884790246,-398.5448357969626,2025,2,-0.012892487184132717,0.00031648482336787964,0.0009304521607418348,0.419572788922098
2025-02-14 00:00:00+00:00,96623.3671875,98819.46875,96342.8046875,97508.96875,32697987277,0.0,0.0,97699.42564692492,98662.34907214307,97040.7359375,99124.619140625,98607.86041666666,76431.32903125,28.739613713897302,10.276833286174252,20.145759835007865,99124.619140625,104903.97383947145,93345.26444177855,0.11660785683620054,46.84186404565828,226554980306.0,287222574185.0,48508379966.45,0.6740688371702994,-962.9234252181486,-690.2010758268494,-272.7223493912992,2025,2,0.009160278803397981,0.010151166386620947,-0.02980487112866148,0.3944464018901638
2025-02-15 00:00:00+00:00,97508.3828125,97975.0390625,97240.1953125,97580.3515625,17047266288,0.0,0.0,97681.1065570134,98582.20110846582,97069.2953125,98869.51171875,98465.18958333334,76543.6013125,29.003888829521223,10.126827515926164,19.851702304139,98869.51171875,104434.04449246019,93304.97894503981,0.11256316890770911,47.044644700593466,243602246594.0,276153626235.4,48233573486.9,0.35343154271225524,-901.094551452421,-732.3797709519638,-168.7147805004572,2025,2,0.0007320640697474623,0.011379255003783895,-0.021818586495107928,0.39374552901030274
2025-02-16 00:00:00+00:00,97580.4921875,97725.59375,96060.9765625,96175.03125,16536755396,0.0,0.0,97449.40266362672,98403.89223006094,97154.815625,98573.87890625,98400.74778645833,76658.9733125,29.623829137704444,9.778626088501676,21.604895030115888,98573.87890625,104046.00373442701,93101.75407807299,0.11102585976922642,43.5245269649917,227065491198.0,268708170937.4,44610080835.3,0.3706954815225183,-954.4895664342184,-776.8017300484148,-177.68783638580362,2025,2,-0.014401672980240199,-0.0033685200435362717,-0.07933032790544947,0.3566975664387338
2025-02-17 00:00:00+00:00,96179.0078125,97032.234375,95243.546875,95773.3828125,27336550690,0.0,0.0,97191.55345576108,98209.03968061198,96732.3203125,98295.92421875,98372.12161458333,76769.10209375,30.443265373328675,9.404434019104555,22.52692504225241,98295.92421875,103742.74761588412,92849.1008216159,0.11082501009935315,42.54470327165833,199728940508.0,262254922379.6,43617874095.1,0.626728176398468,-1017.4862248509016,-824.9386290089122,-192.5475958419894,2025,2,-0.004176223623530095,-0.017079368220367375,-0.08270134170812493,0.3566591097226211
2025-02-18 00:00:00+00:00,95773.8125,96695.375,93388.8359375,95539.546875,37325720482,0.0,0.0,96937.39859718246,98011.29947278887,96515.45625,97887.741015625,98335.18190104167,76884.2346875,31.700760856290966,8.738718961161192,24.9029231773295,97887.741015625,102828.4217736209,92947.0602576291,0.10094585300946436,41.95256617870418,162403220026.0,251563785306.8,43112557628.3,0.8657737451767092,-1073.900875606414,-874.7310783284127,-199.1697972780014,2025,2,-0.0024415545387781457,-0.0021711581520097445,-0.05490240326690354,0.3408857878150868
2025-02-19 00:00:00+00:00,95532.53125,96855.59375,95011.96875,96635.609375,28990872862,0.0,0.0,96890.96948607746,97909.39650258228,96340.784375,97482.75625,98325.36328125,77006.73275,32.75358406255481,8.736749706897227,23.88758307103955,97482.75625,101248.18073495037,93717.33176504965,0.07725313952538881,45.76305533456256,191394092888.0,240226404651.05,42466314045.35,0.68267928389171,-1018.427016504822,-903.4702659636945,-114.95675054112746,2025,2,0.011472343504350446,-0.012772529229276075,-0.05274682069787462,0.3419049487830138
2025-02-20 00:00:00+00:00,96632.6796875,98767.1953125,96442.671875,98333.9375,31668022771,0.0,0.0,97112.96456514247,97940.84398387247,96491.5015625,97279.201953125,98379.17994791667,77135.3045,32.450267080293415,12.59233731070266,22.63450470475795,97279.201953125,100288.47221231583,94269.93169393417,0.061868728336009156,51.11758495005729,223062115659.0,232759063351.85,41763076965.9,0.7582780070744615,-827.8794187300082,-888.3520965169573,60.472677786949134,2025,2,0.017574558032842136,0.017698218486552397,-0.07359965118885925,0.3146282139540387
2025-02-21 00:00:00+00:00,98340.671875,99497.96875,94852.9609375,96125.546875,49608706470,0.0,0.0,96961.0541512744,97806.37753136341,96481.6046875,97052.683984375,98403.168359375,77253.2505,32.67332413940236,11.31502065393228,23.810104616635055,97052.683984375,99644.86619525678,94460.50177349323,0.053418042746743624,44.908926629571035,173453409189.0,224199183971.55,42855615047.0,1.1575777506773348,-845.3233800890157,-879.7463532313691,34.422973142353385,2025,2,-0.02245807176184722,-0.014187637226960259,-0.07262229102143847,0.31377905906594344
2025-02-22 00:00:00+00:00,96134.203125,96950.15625,95765.34375,96577.7578125,18353824477,0.0,0.0,96902.08548377064,97715.36866329945,96642.4796875,96997.123046875,98368.19609375,77373.60034375,32.880448551432096,11.00828809630043,23.16464982605946,96997.123046875,99579.4980119714,94414.7480817786,0.05324642389338576,46.34600143945727,191807233666.0,219711586657.75,40618715428.2,0.4518563495550047,-813.2831795288075,-866.4537184908568,53.17053896204925,2025,2,0.0047043783073406065,-0.010274545376666722,-0.07101194553022183,0.31421077615887577
2025-02-23 00:00:00+00:00,96577.8046875,96671.875,95270.453125,96273.921875,16999478976,0.0,0.0,96805.44492857516,97608.59482712911,96789.3546875,96740.548046875,98317.77486979167,77498.133046875,33.23133298029019,10.640849499641506,23.570157349418608,96740.548046875,98293.09732238065,95187.99877136936,0.032097177592034516,45.48743801885892,174807754690.0,208603970507.75,35698644489.6,0.47619396251732804,-803.1498985539511,-853.7929545034756,50.64305594952452,2025,2,-0.0031460239332733453,0.0010282359539135477,-0.08152646953907516,0.31188383255582486
2025-02-24 00:00:00+00:00,96277.9609375,96503.453125,91371.7421875,91418.171875,44046480529,0.0,0.0,95976.6336895636,97150.04497882325,95745.8671875,96417.865625,98244.819140625,77603.964546875,34.56219436661672,9.403147199796837,29.665443905576506,96417.865625,99186.67217844409,93649.05907155592,0.057433475331488036,34.490698042855456,130761274161.0,198944136841.85,34250862005.5,1.285996262573684,-1173.4112892596459,-917.7166214547098,-255.6946678049361,2025,2,-0.05043681513571874,-0.04547412662687711,-0.12697819035735136,0.3533962302496587
2025-02-25 00:00:00+00:00,91437.1171875,92511.078125,86008.234375,88736.171875,92139104128,0.0,0.0,94862.71648732305,96526.79511928078,93826.3140625,96023.901953125,98154.341015625,77699.594609375,36.66100241893527,8.115028810336533,36.900325213009836,96023.901953125,100431.55343089595,91616.25047535404,0.09180321541031712,30.15447695575601,38622170033.0,187133643531.6,36401521649.85,2.53118825675189,-1664.078631957731,-1066.9890235553141,-597.0896084024168,2025,2,-0.029337712021491935,-0.07121004047571267,-0.13581991210771072,0.3603511155555183
2025-02-26 00:00:00+00:00,88638.890625,89286.25,82131.8984375,84347.0234375,64597492134,0.0,0.0,93244.91755658104,95624.58980951924,91470.609375,95411.58828125,97974.05924479167,77780.59790625,39.030776379199274,6.981835954464664,39.31349209706568,95411.58828125,102229.62674737509,88593.54981512492,0.14291845653018956,24.6849696253158,-25975322101.0,174358399212.0,37366272659.2,1.7287646729756272,-2379.672252938195,-1329.5256694318905,-1050.1465835063045,2025,2,-0.04946290046952739,-0.1271641583985199,-0.17377868474589553,0.3927824320741424
2025-02-27 00:00:00+00:00,84076.859375,87000.78125,83144.9609375,84704.2265625,52659591954,0.0,0.0,91930.96509595319,94815.67401344374,89095.903125,94820.3453125,97826.95924479167,77862.4045,41.23128077087299,6.458392927686103,36.366076341276695,94820.3453125,103120.17739068618,86520.51323431381,0.17506437148762485,25.863519692726598,26684269853.0,167003199012.9,37212187734.1,1.415116798030784,-2884.708917490556,-1640.5623190436236,-1244.1465984469323,2025,2,0.004234922709094535,-0.13860637826589628,-0.16409595979571268,0.3944047561764968
2025-02-28 00:00:00+00:00,84705.625,85036.3203125,78248.9140625,84373.0078125,83610570576,0.0,0.0,90768.20243696038,94042.1431837442,86715.7203125,94214.873046875,97689.12252604167,77947.17334375,43.690751347469494,5.654714677708732,40.81704898333035,94214.873046875,103688.01052156885,84741.73557218115,0.20109643346822015,25.465591691532936,-56926300723.0,156589846604.75,40270339943.15,2.076232053020506,-3273.940746783832,-1967.2380045916652,-1306.7027421921666,2025,2,-0.003910297790814532,-0.12226238959953906,-0.18639927298538472,0.38025541052083445
2025-03-01 00:00:00+00:00,84373.8671875,86522.3046875,83794.234375,86031.9140625,29190628396,0.0,0.0,90039.5426870434,93448.79287846686,85638.46875,93691.4640625,97565.834375,78050.19134375,45.22941887244387,8.149694858259135,38.7308707442222,93691.4640625,103770.37408552507,83612.55403947494,0.21515108390880924,31.176986369530056,-27735672327.0,146249380526.4,40343226272.95,0.7235571146071732,-3409.25019142346,-2255.6404419580244,-1153.6097494654355,2025,3,0.019661575342751147,-0.10919536743101999,-0.17857770768706438,0.3870413290834233
2025-03-02 00:00:00+00:00,86036.2578125,95043.4375,85040.2109375,94248.3515625,58398341092,0.0,0.0,90687.05174480595,93508.0194476545,86740.9046875,93532.00390625,97562.97760416666,78179.9661875,43.491328727738086,21.08630241446627,32.2266633628483,93532.00390625,103461.16783285301,83602.83997964699,0.21231586006764736,51.1451930083844,30662668765.0,136824883383.1,41259195208.0,1.4154018467300784,-2820.9677028485457,-2368.705894136129,-452.26180871241695,2025,3,0.09550452979612856,-0.02103965718909795,-0.07965109133516479,0.5208956148174061
2025-03-03 00:00:00+00:00,94248.421875,94429.75,85081.3046875,86065.671875,70072228536,0.0,0.0,89976.07022637427,92956.73444227269,87084.634375,93047.916015625,97382.62421875,78280.983765625,41.87738787908272,18.03769123725088,27.567403327531014,93047.916015625,103454.85285428251,82640.97917696749,0.22368984248738963,39.00720108706672,-39409559771.0,125771213976.6,42888367471.2,1.6338283004839076,-2980.6642158984178,-2491.097558488587,-489.5666574098309,2025,3,-0.08682040111941614,-0.05854962848435319,-0.14495159716472172,0.5968758180033978
2025-03-04 00:00:00+00:00,86064.0703125,88911.2734375,81529.2421875,87222.1953125,68095241474,0.0,0.0,89552.39716270131,92531.95376599322,87588.228125,92514.7328125,97201.20364583333,78383.45334375,41.02753031167644,16.0627965707831,29.817394192350722,92514.7328125,102970.58715277011,82058.8784722299,0.22603652461410717,41.13363935731186,28685681703.0,115655284367.3,43826107268.4,1.5537597500268705,-2979.556603291916,-2588.789367449253,-390.767235842663,2025,3,0.013437685575495406,-0.017061549202648685,-0.1071439339248631,0.5932455943414878
2025-03-05 00:00:00+00:00,87222.953125,90998.2421875,86379.7734375,90623.5625,50498988027,0.0,0.0,89717.19182997802,92390.59144999372,88838.3390625,92214.717578125,97074.32591145833,78504.667046875,39.60952391584404,18.063672440627506,27.768927492916628,92214.717578125,102517.34457526483,81912.09058098517,0.22344864827919397,46.98742577828155,79184669730.0,109921668202.35,44493692626.75,1.1349695888499838,-2673.399620015698,-2605.711417962542,-67.68820205315615,2025,3,0.03899657851208138,0.0744132846270602,-0.10632428893487111,0.5940902456139117
2025-03-06 00:00:00+00:00,90622.359375,92804.9375,87852.140625,89961.7265625,47749810486,0.0,0.0,89754.81255805833,92210.6755324016,89624.3015625,91837.35546875,96935.10533854166,78620.9644375,37.77870161231073,19.417303758510958,25.72767401904079,91837.35546875,101872.90715960515,81801.80377789485,0.21855053729786467,46.02829876989987,31434859244.0,100165662149.25,45246283787.2,1.0553311010153776,-2455.8629743432684,-2575.741729238687,119.87875489541875,2025,3,-0.007303133084179958,0.06206892162719524,-0.08082095259640065,0.5833372082822232
2025-03-07 00:00:00+00:00,89963.28125,91191.046875,84717.6796875,86742.671875,65945677657,0.0,0.0,89291.40629912628,91805.63822444592,88123.165625,91295.471484375,96679.51510416667,78717.221953125,36.692417930584476,17.59663148766258,27.8555121348947,91295.471484375,101194.80103106471,81396.14193768529,0.21686353957619808,41.58233394413274,-34510818413.0,86260008898.9,47691204355.65,1.3827639403949625,-2514.2319253196474,-2563.4397684548794,49.207843135232,2025,3,-0.0357824911826653,0.028085570538934013,-0.10218628507654015,0.5939213753082012
2025-03-08 00:00:00+00:00,86742.65625,86847.265625,85247.484375,86154.59375,18206118081,0.0,0.0,88808.81975310686,91387.04233744992,88140.95,90794.449609375,96500.04661458333,78810.43240625,35.6837259404101,17.168198769043606,27.177302058105628,90794.449609375,100668.20544561767,80920.69377313234,0.21749690380243566,40.8068627677231,-52716936494.0,72270887514.3,47774672489.9,0.3810830536797283,-2578.222584343064,-2566.396331632516,-11.826252710548033,2025,3,-0.006779571257010009,0.0014259788223573988,-0.10806860789220785,0.5939596626759213
2025-03-09 00:00:00+00:00,86154.3046875,86471.1328125,80052.484375,80601.0390625,30899345977,0.0,0.0,87546.08426224427,90588.07913189808,86816.71875,90035.832421875,96259.33854166667,78884.7205,35.63794881737155,15.534002783166748,32.29445606608882,90035.832421875,100605.78337513274,79465.88146861727,0.23479431841604592,34.30125948259966,-83616282471.0,58103626365.35,47952812254.25,0.6443698403582457,-3041.994869653805,-2661.5160392367743,-380.4788304170306,2025,3,-0.0644603432710168,-0.14480160420577648,-0.16500774580330102,0.6308822280769527
2025-03-10 00:00:00+00:00,80597.1484375,83955.9296875,77420.59375,78532.0,54061099422,0.0,0.0,86159.30206805284,89695.03623323896,84398.40625,89185.455078125,96026.80455729166,78958.1528125,35.97025820231178,14.065901588639921,33.04837607768842,89185.455078125,100594.34178110289,77776.56837514711,0.2558463528158015,32.23911183046809,-137677381893.0,43099596269.4,48789581201.25,1.1080459821740578,-3535.7341651861207,-2836.3596644266436,-699.3745007594771,2025,3,-0.02567012890361897,-0.08753399248357407,-0.18604888809930953,0.6344860916917199
2025-03-11 00:00:00+00:00,78523.875,83577.7578125,76624.25,82862.2109375,54702837196,0.0,0.0,85652.05727873702,89188.90102614718,82978.503125,88496.78515625,95829.48385416667,79061.69084375,36.38821935893244,12.691521036830528,30.93823155849168,88496.78515625,99672.56815950619,77321.00215299381,0.2525692426798153,40.324990723423895,-82974544697.0,29381164390.15,50075179417.95,1.0924142026417016,-3536.8437474101665,-2976.4564810233483,-560.3872663868183,2025,3,0.05513944554449135,-0.049987097428344174,-0.14132507319455323,0.6695463549401963
2025-03-12 00:00:00+00:00,82857.375,84358.578125,80635.25,83722.359375,40353484454,0.0,0.0,85355.1806781621,88783.9720149511,82374.440625,87766.20625,95648.74661458333,79169.93078125,36.509211386771305,13.133142892814725,29.28801330387093,87766.20625,98114.01824132152,77418.39425867848,0.23580401690933336,41.81038805362626,-42621060243.0,16097005595.05,50509452502.1,0.798929357872613,-3428.7913367889996,-3066.923452176479,-361.8678846125208,2025,3,0.010380466895202334,-0.07615241483140767,-0.1407588209339523,0.6697279292595373
2025-03-13 00:00:00+00:00,83724.921875,84301.6953125,79931.8515625,81066.703125,31412940153,0.0,0.0,84695.41490075254,88212.3224675473,81356.8625,87013.2640625,95425.05104166667,79260.9834375,36.73187657097812,12.303674189334552,28.454867466732058,87013.2640625,96984.62399160136,77041.90413339865,0.229191722354861,38.614553426883106,-74034000396.0,3722635115.8,49599664186.25,0.633329694230234,-3516.907566794762,-3156.9202751001353,-359.9872916946265,2025,3,-0.0317197970748182,-0.09887564164656482,-0.15332763093917912,0.6750669983477878
2025-03-14 00:00:00+00:00,81066.9921875,85263.2890625,80797.5625,83969.1015625,29588112414,0.0,0.0,84583.67438717523,87898.00980791418,82030.475,86382.83125,95249.26067708334,79373.46340625,36.58537194974657,12.903487285538901,26.605538027501215,86382.83125,95352.03661855329,77413.62588144671,0.20766175960580796,43.681229299150964,-44445887982.0,-8090020966.6,50161378583.1,0.5898584379012384,-3314.3354207389493,-3188.403304227898,-125.93211651105139,2025,3,0.03580259620308812,-0.03197469310718071,-0.14217332208511346,0.6834951407999159
2025-03-15 00:00:00+00:00,83968.40625,84672.671875,83639.59375,84343.109375,13650491277,0.0,0.0,84546.66438530212,87634.68384992053,83192.696875,85786.290625,95046.07838541667,79484.015453125,36.449331944317265,12.697891108037625,26.18162185679677,85786.290625,93482.23816709181,78090.34308290818,0.17942138507266453,44.31901232813431,-30795396705.0,-18370178536.35,49993929198.15,0.27304297733623883,-3088.01946461841,-3168.3265363060004,80.30707168759045,2025,3,0.004454112352525463,-0.021025975472143688,-0.12709859551231806,0.6834860825946252
2025-03-16 00:00:00+00:00,84333.3203125,85051.6015625,82017.90625,82579.6875,21330270174,0.0,0.0,84244.05255679411,87260.23967585235,83136.1921875,85344.36640625,94747.331640625,79582.297296875,36.625301491016415,12.088756805729927,27.490001765425742,85344.36640625,92685.51815290596,78003.21465959404,0.1720360008699613,41.90916760372471,-52125666879.0,-27514525588.35,48858118680.4,0.43657575752209393,-3016.187119058246,-3137.89865285645,121.71153379820407,2025,3,-0.020907717157540473,0.024548671586798188,-0.15310674947528868,0.6843000072811941
2025-03-17 00:00:00+00:00,82576.3359375,84725.328125,82492.15625,84075.6875,25092785558,0.0,0.0,84218.15024036425,87024.34692208552,83206.8578125,85111.3421875,94485.97799479167,79687.6300625,36.78870178437991,11.645874394895348,26.482880979444843,85111.3421875,92293.31690046802,77929.36747453199,0.16876657160795683,44.658395766657996,-27032881321.0,-30797278156.05,45505802751.9,0.5514194682996182,-2806.196681721267,-3071.5582586294136,265.3615769081466,2025,3,0.018115835083536647,0.07059144679875717,-0.13839532084335948,0.6887739103376717
2025-03-18 00:00:00+00:00,84075.71875,84075.71875,81179.9921875,82718.5,24095774594,0.0,0.0,83987.43481876975,86705.39529822733,83537.2171875,85029.916015625,94123.58567708333,79789.12440625,37.19051853145293,11.079073758630868,27.39937576314608,85029.916015625,92284.93271693679,77774.89931431321,0.17064621585604334,42.68475147617222,-51128655915.0,-32054944846.75,43480716874.9,0.5541715115536585,-2717.960479457586,-3000.838702795048,282.8782233374618,2025,3,-0.016142449028442418,-0.0017343362658811534,-0.13991709776543482,0.6891211388809797
2025-03-19 00:00:00+00:00,82718.8046875,87021.1875,82569.7265625,86854.2265625,34931960257,0.0,0.0,84428.47970242056,86716.4198363216,84114.2421875,85137.416015625,93831.02161458334,79904.943453125,36.3257121305183,15.186812946340513,25.356346421252702,85137.416015625,92435.69887349533,77839.13315775467,0.17144713098952646,49.9443925643586,-16196695658.0,-34198993122.3,42594335290.05,0.8201081204607993,-2287.9401339010365,-2858.258989016246,570.3188551152093,2025,3,0.049997601050550955,0.037407775066061966,-0.09312771448682611,0.714755962809519
2025-03-20 00:00:00+00:00,86872.953125,87443.265625,83647.1953125,84167.1953125,29028988961,0.0,0.0,84388.28210397124,86527.58839011259,84079.059375,85127.125390625,93548.98138020834,80004.684421875,35.357982004810495,14.926098415113987,23.731278784222994,85127.125390625,92430.52503983754,77823.72574141248,0.17158807173857296,45.87846676218186,-45225684619.0,-33613962317.1,39865256209.3,0.7281776594785297,-2139.306286141349,-2714.468448441267,575.1621622999178,2025,3,-0.030937253791171848,0.0382461857702443,-0.11903292337548044,0.7215666953992025
2025-03-21 00:00:00+00:00,84164.5390625,84782.2734375,83171.0703125,84043.2421875,19030452299,0.0,0.0,84335.19903989874,86343.56274547461,84371.7703125,85027.691796875,93249.42434895833,80097.70621875,34.58019065394453,14.501290929010324,23.896909342873364,85027.691796875,92333.37437296822,77722.0092207818,0.17184242972385885,45.69366837127617,-64256136918.0,-35439985546.65,39357247404.45,0.4835310788743902,-2008.3637055758736,-2573.2474998681882,564.8837942923146,2025,3,-0.0014727011460912154,0.0008829512716033161,-0.1303077330286665,0.7195900109636263
2025-03-22 00:00:00+00:00,84046.2578125,84513.875,83674.78125,83832.484375,9863214091,0.0,0.0,84257.85832222202,86157.55694025426,84323.1296875,84506.8984375,92877.52799479167,80173.555546875,33.85795582814041,14.273456222318634,23.521456884356066,84506.8984375,90391.85123598727,78621.94563901273,0.1392774532564271,45.35911550695676,-74119351009.0,-40679086535.35,36930491054.4,0.26707508645013994,-1899.698618032242,-2438.537723500999,538.8391054687572,2025,3,-0.0025077306278807887,-0.00605414009257943,-0.14747149858613162,0.715423922489944
2025-03-23 00:00:00+00:00,83831.8984375,86094.78125,83794.9140625,86054.375,12594615537,0.0,0.0,84534.24550341863,86149.91383356876,84990.3046875,84506.33359375,92584.21640625,80257.384453125,32.49575622098219,16.687385662713226,22.478979224933386,84506.33359375,90390.65857928433,78622.00860821566,0.13926352582806953,49.552565690704846,-61524735472.0,-41784845320.4,34056610404.45,0.3698141238199773,-1615.6683301501325,-2273.963844830826,658.2955146806935,2025,3,0.026503933905394295,0.042076781896274396,-0.10477102292168361,0.7204320022381806
2025-03-24 00:00:00+00:00,86070.9296875,88758.7265625,85541.1953125,87498.9140625,34582604933,0.0,0.0,84990.34835866191,86249.83977645256,85119.2421875,84520.16953125,92309.862109375,80350.9049375,30.216671737673806,20.825327036239187,21.071923128945976,84520.16953125,90432.61647088174,78607.72259161825,0.13990617795544552,52.12505372936274,-26942130539.0,-44566235932.5,32380978577.4,1.0679913471526954,-1259.4914177906467,-2071.06935942279,811.5779416321434,2025,3,0.016786352378946434,0.04071601035079264,-0.09400553456237859,0.7232842171564703
2025-03-25 00:00:00+00:00,87512.8203125,88542.3984375,86346.078125,87471.703125,30005840049,0.0,0.0,85372.09524579084,86340.34817264126,85780.14375,84362.5765625,92020.732421875,80444.895484375,28.100379003173167,19.90921911099278,20.144967420398476,84362.5765625,89733.24388973859,78991.90923526142,0.127323454215738,52.071188232945055,-56947970588.0,-51372867948.4,31356321178.5,0.9569311360917562,-968.252926850415,-1850.5060729083152,882.2531460579003,2025,3,-0.0003109860024155253,0.057462395050683845,-0.09142889973287482,0.7233245203898119
2025-03-26 00:00:00+00:00,87460.234375,88292.15625,85861.453125,86900.8828125,26704046038,0.0,0.0,85607.29333297687,86381.86925707525,86351.671875,84209.534375,91723.836328125,80525.658390625,26.315851506155113,18.9173897810285,20.134639198748744,84209.534375,89057.39663827629,79361.67211172372,0.11513808499849659,50.88328813900092,-83652016626.0,-57127211741.9,30304032956.1,0.8812043623594547,-774.5759240983753,-1635.3200431463272,860.7441190479519,2025,3,-0.00652577110204744,0.0005371788092134455,-0.049413469661991116,0.702615904165757
2025-03-27 00:00:00+00:00,86896.2578125,87786.7265625,85837.9375,87177.1015625,24413471941,0.0,0.0,85848.80229136505,86440.77535377338,87020.5953125,84231.255859375,91465.41302083334,80605.712203125,24.667975512532195,18.137251148091764,19.354064642764886,84231.255859375,89130.52827470831,79331.98344404169,0.11632908390948604,51.46034358807022,-59238544685.0,-58363598055.5,28227422670.3,0.8648849108950738,-591.9730624083313,-1426.650646998728,834.6775845903967,2025,3,0.003178549412391707,0.035761037763283765,-0.017569726973304833,0.6952456351770656
2025-03-28 00:00:00+00:00,87185.234375,87489.859375,83557.640625,84353.1484375,34198619509,0.0,0.0,85618.70169846274,86286.13632293831,86680.35,84141.18359375,91169.83736979167,80670.506703125,23.979121240979545,16.645599118401087,22.53158548884023,84141.18359375,88957.10023813072,79325.26694936928,0.1144722819120991,45.56620753326519,-93437164194.0,-60399609440.5,29027047741.7,1.1781638909102894,-667.4346244755725,-1274.807442494097,607.3728180185244,2025,3,-0.032393289916566204,0.003687461858130181,7.261667039792918e-05,0.6823759426249065
2025-03-29 00:00:00+00:00,84352.0703125,84567.3359375,81634.140625,82597.5859375,16969396135,0.0,0.0,85153.91465831464,86012.9103684614,85700.084375,84241.0109375,90857.58919270833,80730.556046875,23.943861616160312,15.614028374264038,25.199217789654142,84241.0109375,88825.14290027741,79656.8789747226,0.10883373577219914,42.32096935343262,-110406560329.0,-61739123333.4,28330550249.6,0.5989786991602676,-858.9957101467589,-1191.6450960246293,332.6493858778704,2025,3,-0.020812056603918605,-0.014730548029282309,-0.024870549091733807,0.6862867244976503
2025-03-30 00:00:00+00:00,82596.984375,83505.0,81573.25,82334.5234375,14763760943,0.0,0.0,84720.1621628047,85740.43726246426,84672.6484375,84431.137109375,90501.44440104166,80796.183453125,23.92961052241013,14.956630968503712,24.270967887477592,84431.137109375,88273.74292139678,80588.53129735323,0.09102342911819213,41.84010368012872,-125170321272.0,-61113770302.35,26365683325.65,0.5599612481363984,-1020.2750996595569,-1157.371096751615,137.09599709205804,2025,3,-0.0031848691098436133,-0.04322675706493717,-0.024160385268355844,0.6862422461142251
2025-03-31 00:00:00+00:00,82336.0625,83870.125,81293.890625,82548.9140625,29004228247,0.0,0.0,84386.12399352706,85504.02813654098,83802.2546875,84415.472265625,90131.67122395833,80864.890578125,23.7274007855301,14.911937212217971,22.887014990861235,84415.472265625,88287.45037547697,80543.49415577302,0.09173621863224926,42.41437062374128,-96166093025.0,-61773347718.75,25080752878.2,1.156433715839936,-1117.9041430139187,-1149.4777060040756,31.573562990156915,2025,3,0.0026038970780313253,-0.05657213067197886,-0.04048497627833425,0.6826005691731986
2025-04-01 00:00:00+00:00,82551.921875,85487.3671875,82429.359375,85169.171875,28175650319,0.0,0.0,84506.59289836904,85479.22396901941,83400.66875,84487.812890625,89844.40703125,80942.458359375,22.73912750167103,17.491806972977106,21.332103080685847,84487.812890625,88359.32865788246,80616.29712336755,0.09164672713849006,49.03750806470437,-67990442706.0,-63041816841.9,24471861171.45,1.151348895026873,-972.6310706503718,-1114.108378933335,141.47730828296312,2025,4,0.0317418810684309,-0.026323155577634094,-0.09633250382611969,0.6007473445267221
2025-04-02 00:00:00+00:00,85180.609375,88466.953125,82343.5390625,82485.7109375,47584398470,0.0,0.0,84195.68798131227,85257.48226298094,83027.18125,84558.76328125,89541.57044270834,81000.752953125,21.62607210091788,21.474494220834067,18.606180124355678,84558.76328125,88212.16124220403,80905.36532029595,0.08641086551378507,43.51738932401329,-115574841176.0,-65118858880.9,25280434087.3,1.8822619226267452,-1061.79428166867,-1103.645559480402,41.85127781173196,2025,4,-0.031507420800550134,-0.05080698529296079,-0.041595689193009044,0.5303349339204337
2025-04-03 00:00:00+00:00,82487.4765625,83909.296875,81282.1015625,83102.828125,36852112080,0.0,0.0,84027.55569572576,85097.87825276011,83128.2296875,84515.449609375,89298.46796875,81061.910921875,20.162575639715936,20.27727700268872,19.821307321365957,84515.449609375,88218.48616969197,80812.41304905804,0.0876298138963269,45.049357863988,-78722729096.0,-66832700936.6,25643634070.6,1.43708617813457,-1070.3225570343493,-1096.9809589911915,26.658401956842226,2025,4,0.007481504135517403,-0.046735591852397396,-0.0472284281855222,0.5286924566334743
2025-04-04 00:00:00+00:00,83100.25,84696.1484375,81670.75,83843.8046875,45157640207,0.0,0.0,83999.28630984487,85004.9839145927,83430.0859375,84490.484375,89005.77434895834,81124.262671875,19.10669639318292,20.647885104903697,18.539499500896873,84490.484375,88205.12735932165,80775.84139067835,0.08793044593837782,46.91126896748286,-33565088889.0,-66971185545.8,27218991517.1,1.6590489834507742,-1005.6976047478238,-1078.724288142518,73.02668339469415,2025,4,0.008916382019940938,-0.0060382304565358424,-0.07481230736763411,0.5099575196232898
2025-04-05 00:00:00+00:00,83844.703125,84207.015625,82377.734375,83504.796875,14380803631,0.0,0.0,83923.21101217643,84893.85894869694,83621.2625,84536.73984375,88766.32395833333,81191.002203125,18.12623709283083,19.813559239626812,17.790367864203844,84536.73984375,88173.42031860667,80900.05936889331,0.08603786901596602,46.14096390550643,-47945892520.0,-66762196827.85,26871518189.95,0.5351690041978517,-970.6479365205159,-1057.1090178181175,86.4610812976016,2025,4,-0.004043325726492686,0.010983504265929422,-0.07177418591465246,0.5096771599286535
2025-04-06 00:00:00+00:00,83504.5078125,83704.71875,77097.7421875,78214.484375,36294853736,0.0,0.0,83044.94537568775,84399.09046175642,82230.325,84243.6796875,88459.64127604167,81239.056078125,18.331871259277154,17.122441011187046,26.22831797248915,84243.6796875,88851.71667124241,79635.64270375759,0.10939780885250538,36.161840370790124,-84240746256.0,-69622590074.6,27431621598.85,1.323102741309379,-1354.1450860686746,-1116.5162314682289,-237.62885460044572,2025,4,-0.06335339642726368,-0.05004023695634208,-0.09831594203472882,0.5407138574025652
2025-04-07 00:00:00+00:00,78221.3359375,81119.0625,74436.6796875,79235.3359375,91262424987,0.0,0.0,82458.85161596656,84016.59012662631,81580.25,84069.521484375,88170.34192708334,81297.520421875,19.19787740927694,14.915807016316618,27.980195142700083,84069.521484375,89158.46172047818,78980.58124827182,0.12106504583944856,38.907577987979955,7021678731.0,-66715073342.3,30789954118.5,2.9640325099466582,-1557.7385106597503,-1204.760687306533,-352.9778233532172,2025,4,0.013051950296130821,-0.0401407839537562,-0.08031211699027951,0.5434121516229272
2025-04-08 00:00:00+00:00,79218.4765625,80823.890625,76198.0234375,76271.953125,48314590749,0.0,0.0,81507.02107889479,83442.91331169104,80214.075,83540.4078125,87832.723046875,81341.178234375,20.00202597713389,13.608379751058575,25.527624525717098,83540.4078125,89530.9354202836,77549.88020471639,0.14341628834824172,34.29616443851472,-41292912018.0,-67969884160.3,31459085643.1,1.5357913226444,-1935.89223279625,-1350.9869964044765,-584.9052363917735,2025,4,-0.03739976334343409,-0.10446524903468779,-0.053710051233249234,0.5117882174535863
2025-04-09 00:00:00+00:00,76273.5625,83541.0,74589.671875,82573.953125,84213627038,0.0,0.0,81671.16447060328,83378.54589045465,79960.1046875,83460.745703125,87600.91471354167,81425.81378125,19.592393182075934,16.194786751914595,21.584873982929377,83460.745703125,89458.54794802869,77462.9434582213,0.14372750193817452,48.32332483212371,42920715020.0,-63562564178.35,34218317546.95,2.4610686052127733,-1707.381419851372,-1422.2658810938556,-285.11553875751633,2025,4,0.0826253916648998,0.0010697875607432739,0.05146886778638016,0.5819823874942697
2025-04-10 00:00:00+00:00,82565.9765625,82700.9296875,78456.1328125,79626.140625,44718000633,0.0,0.0,81356.54541743355,83100.58994486542,79184.3734375,83239.890625,87319.68216145833,81501.59796875,19.212019872379262,15.010799970772515,20.006822609984646,83239.890625,89468.24861665173,77011.53263334827,0.14964839441490396,43.63107532480588,-1797285613.0,-60439621613.1,35502694963.65,1.2595663703497786,-1744.0445274318772,-1486.6216103614602,-257.42291707041704,2025,4,-0.0356990599146636,-0.04183597091028601,-0.039053632239439695,0.5637906312476132
2025-04-11 00:00:00+00:00,79625.046875,84247.4765625,78936.3203125,83404.8359375,41656778779,0.0,0.0,81671.66703590531,83123.12668506058,80222.44375,83218.508203125,87085.803515625,81602.74940625,18.24083502516056,16.275974037575306,18.21265982368667,83218.508203125,89441.23397221381,76995.7824340362,0.14955148568392945,50.293931054146036,39859493166.0,-54740679404.35,37092373198.05,1.1230550969758375,-1451.4596491552657,-1479.5892181202212,28.129568964955524,2025,4,0.04745546227457886,-0.005235553797160231,-0.0037925763185648886,0.5874690988205872
2025-04-12 00:00:00+00:00,83404.515625,85856.1875,82769.375,85287.109375,24258059104,0.0,0.0,82227.88893422757,83283.42169913015,81432.7984375,83180.144921875,86911.46484375,81727.932015625,17.12664252395877,18.180715301798113,17.24472555577106,83180.144921875,89338.38350255594,77021.90634119407,0.14806991708093112,53.257776476356526,64117552270.0,-48458565017.25,37675545376.4,0.6438674971164524,-1055.5327649025858,-1394.777927476694,339.24516257410824,2025,4,0.022567917271733462,0.02134383372811488,0.052060908946702567,0.5806753983442349
2025-04-13 00:00:00+00:00,85279.46875,86015.1875,83027.0078125,83684.9765625,28796984817,0.0,0.0,82452.0562616541,83313.16650382422,82915.403125,82989.448046875,86674.78346354167,81838.53465625,16.149429997226463,17.505617381640672,16.339429712128002,82989.448046875,88811.62558510089,77167.2705086491,0.14031127270390684,50.49771748271344,35320567453.0,-45345430117.65,37386264370.6,0.7702557423641802,-861.1102421701216,-1288.0443904153797,426.93414824525803,2025,4,-0.01878516957885823,0.06994218821761544,-0.0033836851259926304,0.5719940865051059
2025-04-14 00:00:00+00:00,83694.5234375,85785.0,83690.640625,84542.390625,34090769777,0.0,0.0,82773.64616370732,83404.22014242984,83309.090625,82842.982421875,86473.42552083333,81956.594375,15.242018365260751,16.836669115859156,15.715045382715529,82842.982421875,88328.01075440075,77357.95408934925,0.13241986640687156,51.93339067858871,69411337230.0,-39027464726.75,37590510857.0,0.9068982836303144,-630.5739787225175,-1156.5503080768071,525.9763293542896,2025,4,0.010245734631468162,0.0669783831255053,0.00236274488190813,0.5728774260873073
2025-04-15 00:00:00+00:00,84539.6953125,86429.3515625,83598.8203125,83668.9921875,28040322885,0.0,0.0,82911.39170582927,83423.83288650912,84117.6609375,82681.387890625,86242.75924479167,82044.429796875,14.656959334344213,17.148186326721987,14.889170786584947,82681.387890625,87844.00199371931,77518.77378753069,0.12487971561202311,50.33205806589362,41371014345.0,-32776313178.2,37657324699.35,0.7446180287333052,-512.4411806798453,-1027.7284825974148,515.2873019175695,2025,4,-0.01033089354397465,0.09698242616623687,0.013190951921439487,0.5690758928240035
2025-04-16 00:00:00+00:00,83674.5078125,85428.28125,83100.6171875,84033.8671875,29617804112,0.0,0.0,83084.08024147093,83469.02061250845,84243.4671875,82524.226171875,86016.98450520834,82137.0448125,13.883105514122748,16.385585178788563,15.178874055353866,82524.226171875,87286.43571003017,77762.01663371982,0.11541361268233695,51.011643590951834,70988818457.0,-26264945021.1,37917541307.9,0.7811108814122719,-384.94037103751907,-899.1708602854357,514.2304892479166,2025,4,0.004360934564412222,0.017680079580179253,-0.0004974126735508566,0.5658403543740237
2025-04-17 00:00:00+00:00,84030.671875,85449.0703125,83749.75,84895.75,21276866029,0.0,0.0,83362.79866586001,83574.70427084116,84165.1953125,82551.35625,85828.996484375,82232.8445625,13.173823804114033,15.873365533548489,14.666091454969898,82551.35625,87363.35848773937,77739.35401226062,0.11658202739072203,52.65939083087897,92265684486.0,-16979802587.1,37271453633.9,0.5708622539381659,-211.90560498114792,-761.7178092245781,549.8122042434302,2025,4,0.01025637449930672,0.06617938950246582,0.02632119779734876,0.5636124033122091
2025-04-18 00:00:00+00:00,84900.1875,85095.046875,84298.8828125,84450.8046875,12728372364,0.0,0.0,83530.18420765077,83639.60059800108,84318.3609375,82644.0171875,85640.28684895833,82335.76984375,12.515205073391652,15.607333196271203,14.420292630502471,82644.0171875,87530.56224816323,77757.47212683676,0.11825526461466185,51.692738367338904,79537312122.0,-7482608964.55,37059402445.35,0.3434586508179676,-109.41639035030676,-631.2575254497239,521.8411350994171,2025,4,-0.005241078764249063,0.012540864546317199,-0.027671904639787526,0.5357676358604486
2025-04-19 00:00:00+00:00,84450.8671875,85597.703125,84353.4609375,85063.4140625,15259300427,0.0,0.0,83766.06572378143,83745.06826203804,84422.565625,82780.46171875,85465.68463541666,82438.6054375,12.154458956165097,16.287429614907694,14.024701917253775,82780.46171875,87781.66968119684,77779.25375630315,0.12083063705149784,52.972726714459135,94796612549.0,3515737726.5,37084179419.55,0.41147736489904957,20.997461743390886,-500.8065280111009,521.8039897544918,2025,4,0.007254038339443714,-0.0026228502072502824,0.01064807668441925,0.5249637817386017
2025-04-20 00:00:00+00:00,85066.0703125,85306.3828125,83976.84375,85174.3046875,14664050812,0.0,0.0,83982.71787204583,83850.93762688708,84723.628125,82911.73125,85274.662890625,82536.864390625,11.599518887820459,15.788995925051863,14.462382818249079,82911.73125,88023.93792551334,77799.52457448666,0.12331684789209711,53.214385069136505,109460663361.0,13797075545.8,36367170547.8,0.40322220813758325,131.78024515874858,-374.289173377131,506.0694185358796,2025,4,0.0013036230231544543,0.01779683984123115,0.01345810169337125,0.5249074502452222
2025-04-21 00:00:00+00:00,85171.5390625,88460.09375,85143.8359375,87518.90625,41396190190,0.0,0.0,84526.74685326955,84122.63900637692,85420.6359375,83029.21796875,85094.41236979167,82651.9909375,12.486670718768945,21.813248842559556,13.363837701739484,83029.21796875,88458.06066632079,77600.37527117922,0.13076945273925275,58.11519051893892,150856853551.0,24739440358.65,37028197541.35,1.1179639555442091,404.107846892628,-218.6097693231792,622.7176162158072,2025,4,0.027527099529631727,0.0352073747027426,0.04397366847092199,0.5329131627196058
2025-04-22 00:00:00+00:00,87521.875,93817.3828125,87084.53125,93441.890625,55899038456,0.0,0.0,85898.30743353578,84812.95394108974,87129.8640625,83577.026953125,85049.684765625,82795.518109375,14.79249668378441,30.039157248587966,11.460495501301738,83577.026953125,90716.53954450948,76437.51436174051,0.17084868537830972,67.40425957161462,206755892007.0,40855977017.8,37443929540.65,1.492873187770389,1085.35349244604,42.18288303066464,1043.1706094153753,2025,4,0.06767662701452015,0.11680430446203038,0.08584706617182447,0.5746436710419024
2025-04-23 00:00:00+00:00,93427.5859375,94535.734375,91962.9609375,93699.109375,41719568821,0.0,0.0,87098.43080914566,85471.18767693493,88979.525,84106.841015625,85001.70729166667,82934.738125,17.083288513944673,29.921901184951714,10.825982960488416,84106.841015625,92551.55495752204,75662.12707372797,0.20080920505213626,67.73887188355346,248475460828.0,57215886514.0,37687302377.7,1.1069927054711652,1627.2431322107295,359.1949328666777,1268.048199344052,2025,4,0.0027527134594511615,0.11501603473673883,0.0708602544263719,0.5725429679973404
2025-04-24 00:00:00+00:00,93692.3984375,94016.1953125,91696.7109375,93943.796875,31483175315,0.0,0.0,88151.56405004633,86098.78835827307,90755.6015625,84611.840625,84962.871875,83072.597421875,19.053970684562746,28.395525907839293,10.859286706927799,84611.840625,94130.06347739416,75093.61777260584,0.22498559970061305,68.07461801088446,279958636143.0,72892072765.6,37003579133.1,0.8508143280345021,2052.775691773262,697.9110846479946,1354.8646071252676,2025,4,0.0026114175645013393,0.10657832547565693,0.0739907137826179,0.5724393820861947
2025-04-25 00:00:00+00:00,93954.25,95768.390625,92898.59375,94720.5,40915232364,0.0,0.0,89162.16958080843,86737.43366506766,92664.840625,85172.62578125,85017.91067708333,83217.5435625,21.261740664274996,30.47419629542707,10.168158174644725,85172.62578125,95685.81087064267,74659.44069185732,0.24686769940365183,69.17138270278073,320873868507.0,91333060816.95,38330300569.75,1.0674383387509883,2424.7359157407773,1043.2760508665513,1381.459864874226,2025,4,0.008267742531563593,0.12160565373535248,0.08998317317871041,0.5717276664902258
2025-04-26 00:00:00+00:00,94714.6484375,95251.359375,93927.25,94646.9296875,17612825123,0.0,0.0,90005.97882799176,87323.3222593219,94090.4453125,85994.248046875,85116.42330729167,83358.15746875,23.311812788293516,29.5400265666386,9.856458877567235,85994.248046875,96782.63340159674,75205.86269215326,0.2509094642897756,68.92982728622638,303261043384.0,110708150298.95,37396199139.1,0.47097901734576875,2682.6565686698596,1371.152154427213,1311.5044142426466,2025,4,-0.0007767095032226168,0.11266319052229146,0.0856856673497528,0.5719050452078132
2025-04-27 00:00:00+00:00,94660.90625,95301.203125,93665.3984375,93754.84375,18090367764,0.0,0.0,90582.72727753149,87799.7312586314,94153.0359375,86720.2234375,85273.2203125,83497.125671875,25.040840979940043,28.382485966797443,10.097490780900877,86720.2234375,97547.59737754679,75892.84949745321,0.24970816519747946,65.92361190004843,285170675620.0,124615600143.4,33737596277.95,0.5362079626230926,2782.9960189000994,1653.5209273217904,1129.475091578309,2025,4,-0.00942540809771053,0.10074093465137812,0.11145636513456303,0.5594023588178668
2025-04-28 00:00:00+00:00,93755.3046875,95598.4921875,92860.8046875,94978.75,32363449569,0.0,0.0,91259.03846560357,88331.5104246587,94408.9640625,87655.56328125,85444.46236979167,83632.33990625,26.107078039955166,26.510186788366568,11.370123737155954,87655.56328125,97898.83395107788,77412.29261142212,0.23371638459413036,67.98648452693568,317534125189.0,142556952003.75,32940039218.95,0.9824957813159404,2927.528040944875,1908.3223500464073,1019.2056908984678,2025,4,0.013054325526514532,0.08523693987549108,0.14989740828344056,0.5529791175502404
2025-04-29 00:00:00+00:00,94981.859375,95485.4140625,93796.6328125,94284.7890625,25806129921,0.0,0.0,91724.53855743379,88772.49402746175,94477.1625,88241.105078125,85609.65872395833,83767.95140625,27.09715530996921,25.397212634969634,10.892773126939478,88241.105078125,98599.50883987042,77882.70131637956,0.23477502355788796,65.56295167791166,291727995268.0,154997316016.15,30019664363.1,0.8596408543701357,2952.0445299720304,2117.066786031532,834.9777439404984,2025,4,-0.007306486319308303,0.009020562746131722,0.1451428286224481,0.5539392759183265
2025-04-30 00:00:00+00:00,94286.46875,95249.3203125,92979.640625,94207.3125,28344679831,0.0,0.0,92106.50377936705,89175.0731735757,94374.525,88970.163671875,85745.91536458333,83888.403234375,27.44818529099175,23.942372320770083,12.330768595453891,88970.163671875,98815.3441667983,79124.98317695169,0.2213142044164978,65.2831518511315,263383315437.0,168256346068.65,29200998323.0,0.9706750268423006,2931.430605791349,2279.9395499834955,651.4910558078536,2025,4,-0.0008217291810309613,0.005423777540574992,0.14123018539860022,0.5542490772906632
2025-05-01 00:00:00+00:00,94212.859375,97437.9609375,94153.6328125,96492.3359375,32875889623,0.0,0.0,92781.24718831059,89717.0926375701,94743.60625,89624.538671875,85783.31510416667,84017.656609375,28.458357929768546,27.441452366868635,11.320233696932771,89624.538671875,99650.3167110773,79598.76063267268,0.22372841607381114,69.42723668004754,296259205060.0,181076331663.35,28761953865.2,1.143033946062252,3064.1545507404953,2436.7825501348952,627.3720006056001,2025,5,0.02425526614507767,0.027128337870897967,0.1329490919451306,0.5502722092902805
2025-05-02 00:00:00+00:00,96494.96875,97905.8984375,96375.9453125,96910.0703125,26421924677,0.0,0.0,93416.4507458782,90249.90579867602,95374.6515625,90205.68671875,85964.055078125,84147.96271875,29.52746679740355,27.56559237013209,10.873205385211358,90205.68671875,100516.26470517625,79895.10873232376,0.22860150754294084,70.1292237210474,322681129737.0,194004510536.7,28870147143.85,0.9151988226921273,3166.5449472021864,2582.735029548354,583.8099176538326,2025,5,0.0043291974532626565,0.02311611860684848,0.1748710074879447,0.5346805234039055
2025-05-03 00:00:00+00:00,96904.6328125,96943.8828125,95821.2890625,95891.796875,15775154889,0.0,0.0,93797.27322728156,90667.8236561815,95557.2609375,90816.027734375,86108.5484375,84280.007265625,30.12515261152198,26.7314664831099,12.039269603399744,90816.027734375,100944.93324107575,80687.12222767426,0.2230642709087974,66.14243289709694,306905974848.0,207583780906.45,28219055647.45,0.5590249045214067,3129.4495711000636,2692.077937858696,437.3716332413678,2025,5,-0.010507405827035687,0.013152747707825707,0.15389330349580077,0.5376253607452472
2025-05-04 00:00:00+00:00,95877.1875,96318.921875,94173.4296875,94315.9765625,18198688416,0.0,0.0,93877.07374039208,90938.05720479767,95563.4984375,91304.70703125,86170.088671875,84419.254640625,29.598372179111823,25.164221901410645,15.836471306378405,91304.70703125,101096.64702765761,81512.76703484239,0.21448927037367788,60.418177505585646,288707286432.0,218548578366.55,27424451579.4,0.6635935221278965,2939.0165355944046,2741.4656574058376,197.5508781885669,2025,5,-0.016433317174712747,0.005985107436115911,0.12490096214063229,0.542644343161334
2025-05-05 00:00:00+00:00,94319.5625,95193.1875,93566.265625,94748.0546875,25816260327,0.0,0.0,94011.07080917791,91220.2792405534,95671.646875,91858.66015625,86249.86080729167,84562.136359375,28.74307220507141,24.01445154028799,16.818059364903185,91858.66015625,101067.9820108849,82649.3383016151,0.2005106941244298,61.40449299963975,314523546759.0,232206204987.25,27313248451.5,0.9451918680724413,2790.7915686245105,2751.330839649572,39.46072897493832,2025,5,0.0045811763897039,-0.00242891502046505,0.13464205929786588,0.5418054228639482
2025-05-06 00:00:00+00:00,94748.3828125,96889.1796875,93399.859375,96802.4765625,26551275827,0.0,0.0,94440.51784815054,91633.77533847536,95733.675,92497.090625,86417.52421875,84711.793546875,28.605528459068367,26.361851984739364,15.212631583083066,92497.090625,101177.58550832201,83816.59574167799,0.187692279285071,65.77182178036679,341074822586.0,245710505193.7,27159922037.25,0.9775902813927361,2806.742509675183,2762.413173654694,44.32933602048888,2025,5,0.02168299794413664,0.026703008248033067,0.2376540910041638,0.4858668473155572
2025-05-07 00:00:00+00:00,96800.1953125,97625.8046875,95829.3359375,97032.3203125,76983822462,0.0,0.0,94839.25668881969,92033.66755877348,95758.125,93103.919140625,86598.81966145833,84863.444921875,28.737143044692388,27.097866625116097,14.447943304106895,93103.919140625,101225.8883251807,84981.94995606931,0.17447104825497625,66.23219465243795,418058645048.0,262000153221.8,29945269858.9,2.570817455469339,2805.58913004621,2771.0483649329976,34.540765113212274,2025,5,0.0023743581586117557,0.029987139400670104,0.22460918685367948,0.4857414353041825
2025-05-08 00:00:00+00:00,97034.25,103969.5390625,96913.875,103241.4609375,69895404397,0.0,0.0,96131.90349630897,92863.87447571619,97228.0578125,94043.451953125,86976.16002604166,85040.531171875,30.42487316552021,38.11083075956211,11.914751925223719,94043.451953125,102297.05400116074,85789.84990508926,0.17552741581943768,75.72930734092606,487954049445.0,282420990087.95,32803621460.55,2.1307221972749866,3268.029020592774,2870.444496064953,397.58452452782103,2025,5,0.06399043746457878,0.06994467420056605,0.3535966591585824,0.4974838451791165
2025-05-09 00:00:00+00:00,103239.125,104297.4921875,102343.09375,102970.8515625,58198593958,0.0,0.0,97184.04935264605,93612.53944510758,98959.0328125,94938.823828125,87383.47421875,85223.112625,32.05071490816233,37.05064055864371,11.322554794254069,94938.823828125,102972.9983938221,86904.64926242789,0.16924950703501412,74.74267932515973,429755455487.0,299168932234.85,34950586137.1,1.6651678953167046,3571.509907538464,3010.6575783596554,560.8523291788088,2025,5,-0.002621130818400763,0.06254026264201618,0.24701370911264586,0.4255012954370419
2025-05-10 00:00:00+00:00,102973.7109375,104961.765625,102830.484375,104696.328125,42276713994,0.0,0.0,98339.78454839281,94433.56082880333,100948.6875,95914.925,87747.376171875,85405.448015625,33.68162513422444,36.72619404388679,10.698100972265763,95914.925,103693.57866004104,88136.27133995897,0.16219902502224826,76.81671114395695,472032169481.0,317297507540.85,36331219296.2,1.163646990466457,3906.223719589485,3189.770806605621,716.4529129838638,2025,5,0.016756941758927724,0.09181735598799112,0.31484870801497555,0.39664743053594775
2025-05-11 00:00:00+00:00,104701.0703125,104937.9921875,103364.7421875,104106.359375,46285517406,0.0,0.0,99226.94990633237,95150.0644248179,102409.4640625,96744.29765625,88087.10950520834,85592.149359375,35.196041772710686,35.18364702231686,10.24876707800209,96744.29765625,104287.29282897053,89201.30248352946,0.15593673953832732,74.56220458090124,425746652075.0,331041997467.05,36575685657.0,1.265472309666509,4076.885481514473,3367.1937415873917,709.6917399270815,2025,5,-0.005635047193781384,0.10380407614199116,0.24820531333474283,0.3751295028279373
2025-05-12 00:00:00+00:00,104106.9609375,105747.453125,100814.40625,102812.953125,63250475404,0.0,0.0,99778.64270920432,95717.68581001658,103565.590625,97212.85078125,88449.54700520834,85771.515015625,35.064912559600735,30.81341490809425,15.397384613839781,97212.85078125,105050.56705999369,89375.13450250632,0.16124856365708776,69.73040811125182,362496176671.0,338829011700.25,36943257504.4,1.712097949036215,4060.9568991877313,3505.9463731074597,555.0105260802716,2025,5,-0.01242389281274392,0.08511940919631344,0.20549229395195456,0.3774044646058415
2025-05-13 00:00:00+00:00,102812.4921875,104997.421875,101515.09375,104169.8125,52608876410,0.0,0.0,100454.20729240365,96343.76926853387,103751.2609375,97736.3859375,88786.22552083334,85963.5523125,34.94314971885578,28.15480116597029,14.068882127204674,97736.3859375,105974.45788494343,89498.31399005657,0.16857738023404042,71.79529391322271,415105053081.0,347160491312.9,37487722883.85,1.403362817554979,4110.438023869778,3626.844703259924,483.5933206098539,2025,5,0.013197358248725033,0.07610689518613012,0.2447851069445055,0.36684748810941875
2025-05-14 00:00:00+00:00,104167.328125,104303.5625,102618.296875,103539.4140625,45956071155,0.0,0.0,100928.85448780308,96876.77999401285,103864.9734375,98216.166796875,89106.16393229166,86161.914953125,34.830084223878316,26.943231339756263,13.463463784045313,98216.166796875,106639.82145898169,89792.5121347683,0.17153295504859217,69.42569585326652,369148981926.0,351620008602.05,38211367675.85,1.2026806144404179,4052.0744937902346,3711.890661365986,340.1838324242485,2025,5,-0.006051642240404331,0.06706109602494714,0.22470411940163904,0.3697047025650576
2025-05-15 00:00:00+00:00,103538.828125,104153.6171875,101440.8125,103744.640625,50408241840,0.0,0.0,101362.05235506414,97385.510411123,103674.6359375,98667.373828125,89458.91315104166,86360.334765625,34.018394985117375,25.072832470747368,15.541983199385943,98667.373828125,107267.53148491796,90067.21617133204,0.1743262706429001,69.77543312680748,419557223766.0,356554176365.0,38686018149.65,1.3030093106249565,3976.5419439411344,3764.8209178810157,211.72102606011867,2025,5,0.00198211052629782,0.004873814094946027,0.23994132010710723,0.36492238361900203
2025-05-16 00:00:00+00:00,103735.65625,104533.484375,103137.4765625,103489.2890625,44386499364,0.0,0.0,101689.3195408235,97837.64216307686,103551.221875,99109.491796875,89782.47317708333,86554.92565625,33.40204656495643,25.15204218994101,14.966211346847672,99109.491796875,107748.45384651507,90470.52974723492,0.1743316788939981,68.72208650313391,375170724402.0,360149660415.9,40024701861.7,1.1089776387934533,3851.677377746644,3782.1922098541413,69.48516789250289,2025,5,-0.0024613470244020386,0.00503479860691769,0.23151882123418432,0.36640229705319727
2025-05-17 00:00:00+00:00,103489.2890625,103716.9453125,102659.1796875,103191.0859375,37898552742,0.0,0.0,101920.36052492759,98234.19355377488,103626.8484375,99581.30390625,90123.68294270833,86739.611859375,32.53461650739036,24.41401974452445,15.853862882957728,99581.30390625,108017.25993223468,91145.34788026533,0.16942851107727286,67.4416579252939,337272171660.0,362754735217.9,41015111110.6,0.9240143867903713,3686.1669711527065,3762.9871621138545,-76.820190961148,2025,5,-0.0028814878109744146,-0.014377220428426596,0.21550355509551422,0.36785793943544104
2025-05-18 00:00:00+00:00,103186.953125,106597.171875,103142.6015625,106446.0078125,49887082058,0.0,0.0,102616.61395378488,98842.47609145823,104082.0875,100154.666796875,90450.21263020833,86934.801046875,32.71937159836929,29.92959619279214,14.370778432806825,100154.666796875,108828.90195523822,91480.43163851177,0.17321679429987136,73.29125072440644,387159253718.0,366235991644.35,41891292735.05,1.190869958908191,3774.13786232665,3765.2173021564136,8.920560170236513,2025,5,0.03154266519659865,0.022473636111626893,0.2604498939517579,0.37513263626342624
2025-05-19 00:00:00+00:00,106430.53125,107068.71875,102112.6875,105606.1796875,61761126647,0.0,0.0,103076.5471435872,99343.4911726465,104495.440625,100720.736328125,90807.52903645833,87127.853078125,32.278126091726946,26.150138714054872,15.180253169505015,100720.736328125,109258.65204707165,92182.82060917835,0.1695364039264384,69.80633164215577,325398127071.0,367919498234.5,43689042571.35,1.4136525547827214,3733.0559709406953,3758.78503591327,-25.729064972574633,2025,5,-0.007889709931436006,0.027168041356656625,0.24149942547457925,0.3791715355983865
2025-05-20 00:00:00+00:00,105605.40625,107307.1171875,104206.515625,106791.0859375,36515726122,0.0,0.0,103648.01465034302,99895.16485893195,105104.7296875,101349.925,91186.659765625,87322.509375,31.95015129248994,24.702609653516575,13.989990950493889,101349.925,109719.83237082815,92980.01762917185,0.16516849658898416,71.84074843534634,361913853193.0,372846025122.3,44097594885.9,0.8280661613514829,3752.849791411063,3757.5979870128285,-4.748195601765474,2025,5,0.011220046530480143,0.025163465063354984,0.25379463124836565,0.3787350973111394
2025-05-21 00:00:00+00:00,106791.3125,110724.4609375,106127.234375,109678.078125,78086364051,0.0,0.0,104575.71672336716,100619.82510086292,106342.4875,102009.212109375,91617.41966145833,87518.936484375,32.64709759711505,30.22508172094899,12.433356462781623,102009.212109375,110833.00390385669,93185.42031489332,0.17299990093092288,76.07123763046086,440000217244.0,380033075731.5,46358118607.3,1.6844161583102675,3955.8916225042485,3797.2567141111126,158.6349083931359,2025,5,0.027034018449719976,0.05928818622437326,0.25319297080452263,0.37841483272190224
2025-05-22 00:00:00+00:00,109673.4921875,111970.171875,109285.0703125,111673.28125,70157575642,0.0,0.0,105667.64972746452,101438.59963042862,108038.9265625,102747.37265625,92044.40143229166,87725.609125,33.588769972062224,31.282644114550095,11.620098162070818,102747.37265625,112221.1819627384,93273.56334976159,0.18440976273298645,78.47772631206212,510157792886.0,389406908888.95,48544901155.55,1.4452099802860363,4229.050097035899,3883.6153906960703,345.4347063398286,2025,5,0.018191448638679386,0.07642458036612432,0.19510939368902558,0.3135687174130873
2025-05-23 00:00:00+00:00,111679.359375,111798.90625,106841.3046875,107287.796875,67548133399,0.0,0.0,105916.90313477768,101871.87350039688,108207.284375,103317.17265625,92374.21614583333,87918.02896875,33.10900028260292,27.68234500718279,15.955882886424568,103317.17265625,112418.35985675306,94215.98545574694,0.17617956369719723,63.387876292700305,442609659487.0,396192093120.9,51133550081.05,1.3210139583880214,4045.0296343808004,3915.8982394330164,129.13139494778397,2025,5,-0.03927066820202352,0.036704357010376,0.14502472425448287,0.3511945439470907
2025-05-24 00:00:00+00:00,107278.5078125,109454.5234375,106895.2890625,107791.15625,45903627163,0.0,0.0,106205.2497678888,102310.33888925637,108644.2796875,103990.931640625,92712.87369791667,88116.4235625,32.663499856676424,26.01768010763621,14.996383314570554,103990.931640625,112241.81503673331,95740.04824451669,0.15868467117155882,64.23785366497529,488513286650.0,406182393131.8,52518797018.4,0.8740418625148179,3894.910878632436,3911.7007672729005,-16.789888640464596,2025,5,0.004691674073487251,0.04457817524360719,0.14740046533806872,0.3511148645982749
2025-05-25 00:00:00+00:00,107802.2734375,109313.3046875,106683.375,109035.390625,47518041841,0.0,0.0,106640.65605359821,102808.49086968183,109093.140625,104705.2984375,93081.78216145834,88311.33096875,32.132865056356195,24.39426198630392,14.56343743829952,104705.2984375,112005.99066915954,97404.60620584045,0.13945220233563302,66.31933182826577,536031328491.0,417257782218.4,53603886094.1,0.8864663609944905,3832.1651839163824,3895.7936506015967,-63.628466685214335,2025,5,0.011543009819045436,0.0243257860554158,0.15112769279089533,0.35171265125763074
2025-05-26 00:00:00+00:00,109023.78125,110376.8828125,108735.640625,109440.3671875,45950461571,0.0,0.0,107071.38084342926,103299.740967298,109045.5984375,105337.19296875,93452.83658854167,88502.49371875,31.988362982684073,26.020605753307024,13.977301473811432,105337.19296875,111909.15858112263,98765.22735637736,0.1247795850098704,66.99272746749142,581981790062.0,429303130592.2,54573845381.3,0.8419868757634797,3771.6398761312594,3870.9628957075297,-99.32301957627033,2025,5,0.003714175371671846,0.03630646910385149,0.1563012931200638,0.35115452585645107
2025-05-27 00:00:00+00:00,109440.40625,110744.2109375,107609.5546875,108994.640625,57450176272,0.0,0.0,107367.2669636709,103721.58538638703,108509.8703125,105935.308984375,93863.528125,88686.710453125,31.21102537701845,24.031248660070304,15.65517610745489,105935.308984375,111410.74956183638,100459.86840691364,0.10337328752718271,65.44188142064726,524531613790.0,434626779029.3,53597163071.8,1.0718883795218492,3645.6815772838745,3825.906632022799,-180.22505473892443,2025,5,-0.004072780217708405,0.020634256765491132,0.16254943494586116,0.34887329325698024
2025-05-28 00:00:00+00:00,108992.171875,109298.2890625,106812.9296875,107802.328125,49155377493,0.0,0.0,107434.19945002923,104023.86262628429,108612.7765625,106163.35234375,94283.60716145833,88865.147859375,30.05597625057136,22.558624518647637,16.66000954996833,106163.35234375,111545.50614671051,100781.19854078948,0.1013938178126375,61.350540360751715,475376236297.0,433997888371.9,52560161726.6,0.9352211994454941,3410.3368237449467,3742.7926703672288,-332.455846622282,2025,5,-0.010939184653144474,-0.01710232374661247,0.13501523367068957,0.35209122740619697
2025-05-29 00:00:00+00:00,107795.5703125,108910.046875,105374.3984375,105641.7578125,56022752042,0.0,0.0,107158.43919810165,104143.70671415213,108182.896875,106296.89765625,94672.06106770833,89034.13553125,28.25414622552676,20.622548215662103,18.722063445000092,106296.89765625,111474.16203266926,101119.63327983074,0.09741139187639972,54.67944708774587,419353484255.0,433477789810.3,52451369630.8,1.068089402361437,3014.732483949527,3597.1806330836885,-582.4481491341617,2025,5,-0.020041963379443528,-0.05401044341123451,0.12045388087437559,0.36012778761547815
2025-05-30 00:00:00+00:00,105646.2109375,106308.9453125,103685.7890625,103998.5703125,57655287183,0.0,0.0,106672.3055233937,104132.9558695853,107175.5328125,106262.009765625,95029.55533854167,89195.53496875,26.64631691475851,19.29915781532428,21.651588105746633,106262.009765625,111493.80442535058,101030.21510589942,0.09846971031820306,50.207935257908595,361698197072.0,427961091189.85,53220298290.25,1.0833326575616449,2539.3496538084,3385.614437228631,-846.2647834202307,2025,5,-0.015554336978341854,-0.030657974702679835,0.10393309768283654,0.3662090071487906
2025-05-31 00:00:00+00:00,103994.71875,104927.1015625,103136.1171875,104638.09375,38997843858,0.0,0.0,106359.34986594852,104170.37349035675,106215.078125,106288.596484375,95354.03736979167,89360.768140625,25.383282746547707,18.42957051841702,22.058890828944463,106288.596484375,111479.51153430814,101097.68143444185,0.09767586028283358,51.858027330385994,400696040930.0,426708560632.6,52855914612.85,0.7378141905904905,2188.9763755917666,3146.286824901258,-957.3104493094916,2025,5,0.006149348357177731,-0.029251588068014645,0.08441870261878792,0.35864656053201743
2025-06-01 00:00:00+00:00,104637.296875,105884.546875,103826.953125,105652.1015625,37397056873,0.0,0.0,106250.54243464874,104280.13112533033,105546.5703125,106430.55390625,95740.14388020833,89526.168671875,23.741830177420976,19.913507292911905,20.894092190185795,106430.55390625,111370.4790355719,101490.6287769281,0.0928290786435869,54.4363432648118,438093097803.0,430488406689.2,51563243686.3,0.725265793993021,1970.4113093184133,2911.111721784689,-940.7004124662758,2025,6,0.009690618169351017,-0.031029274468653778,0.09020766595060858,0.35940726303129666
2025-06-02 00:00:00+00:00,105649.8125,105958.3125,103727.546875,105881.53125,45819706290,0.0,0.0,106193.77148316431,104398.75335678735,105162.4109375,106516.13984375,96119.78893229166,89697.12221875,22.264242853351373,18.757097366779952,19.939513979676153,106516.13984375,111349.30512374679,101682.97456375322,0.09074991427752868,55.02328231483521,483912804093.0,433928794239.8,51223785180.3,0.8945005943766463,1795.0181263769628,2687.893002703144,-892.874876326181,2025,6,0.0021715582000447764,-0.0325184941256893,0.10417715279673123,0.3560924620226396
2025-06-03 00:00:00+00:00,105888.4765625,106813.578125,104920.84375,105432.46875,46196508367,0.0,0.0,106076.64798575442,104475.3248673957,105120.553125,106610.792578125,96479.6,89858.128015625,20.885176636206822,20.088846264720534,18.934793980803555,106610.792578125,111269.4986402497,101952.08651600029,0.08739651867254962,53.568735551145636,437716295726.0,437357159929.8,51235807040.9,0.9016449829729962,1601.3231183587195,2470.5790258342595,-869.25590747554,2025,6,-0.004241178746647534,-0.03268208284897034,0.11786435970509701,0.3500007864713785
2025-06-04 00:00:00+00:00,105434.3671875,105997.6953125,104232.703125,104731.984375,44544857105,0.0,0.0,105869.77666102297,104494.3366827738,105267.2359375,106660.159765625,96833.38645833333,90013.893296875,19.536044892197925,19.12127040843301,19.900668160368376,106660.159765625,111210.6525367378,102109.66699451218,0.08532694458947114,51.29102306714889,393171438621.0,436037870672.55,50942637804.15,0.8744120647276571,1375.4399782491673,2251.551216317241,-876.1112380680738,2025,6,-0.0066439151364365845,-0.028481237867514775,0.10537345300047796,0.35190301990759026
2025-06-05 00:00:00+00:00,104750.78125,105936.6875,100436.8828125,101575.953125,57479298400,0.0,0.0,105209.18842471176,104278.16012293872,104654.8078125,106564.49296875,97222.74427083334,90156.646515625,19.839537332180008,16.46073831903448,26.73476166292809,106564.49296875,111462.82500737433,101666.16093012567,0.09193178519717188,42.519028306325175,335692140221.0,434063941463.5,51597277755.95,1.1139986623300433,931.0283017730399,1987.4466334084009,-1056.418331635361,2025,6,-0.030134359325224014,-0.03848671937773185,0.04931151280430335,0.3644108598082078
2025-06-06 00:00:00+00:00,101574.3671875,105376.7734375,101169.5703125,104390.34375,48856653697,0.0,0.0,105083.21232090995,104286.47002123954,104402.45625,106624.455859375,97641.99440104167,90311.666671875,20.121351740734802,14.767949248571552,23.98541279003437,106624.455859375,111376.07626940415,101872.83544934585,0.08912815304391282,50.62799521772317,384548793918.0,436427772576.4,52145182803.7,0.936935131302931,796.7422996704117,1749.3057666608033,-952.5634669903916,2025,6,0.027707252931573167,0.003767104070015348,0.07583064502428605,0.37547648488586693
2025-06-07 00:00:00+00:00,104390.6484375,105972.7578125,103987.3125,105615.625,38365033776,0.0,0.0,105165.12196384688,104384.92594559217,104349.275,106582.93671875,98131.05559895834,90480.811171875,20.039023350135416,15.525374496511027,22.794101792157427,106582.93671875,111355.58748152888,101810.28595597112,0.08955750159845764,53.6909685833487,422913827694.0,438215501275.2,51569080389.6,0.7439541967038281,780.1960182547045,1555.4838169795837,-775.2877987248792,2025,6,0.011737496074678777,0.009342020816391239,0.022996226912531448,0.3057528613407684
2025-06-08 00:00:00+00:00,105617.5078125,106497.0625,105075.328125,105793.6484375,36626232328,0.0,0.0,105261.81834440891,104489.27575980757,104421.5109375,106592.31015625,98518.05052083333,90660.637734375,19.66047386546099,16.313049571350096,21.953245261645513,106592.31015625,111357.61441356258,101827.00589893741,0.08941178308880426,54.13617235308503,459540060022.0,444922597922.75,50312335673.65,0.7279771816910936,772.5425846013386,1398.8955705039348,-626.3529859025962,2025,6,0.0016855786016509722,0.0013397450018186596,0.02741355278864188,0.3055006964325432
2025-06-09 00:00:00+00:00,105793.0234375,110561.421875,105400.234375,110294.1015625,55903193732,0.0,0.0,106036.01576257676,104919.2628563033,105533.934375,106767.4609375,99029.183203125,90859.283,19.0790207369254,24.18239296817617,19.18626693900398,106767.4609375,111812.8086442251,101722.1132307749,0.09451096171854384,63.65010442631627,515443253754.0,452599067950.8,51281709054.15,1.0901195526258696,1116.7529062734538,1342.4670376578385,-225.7141313843847,2025,6,0.04253991795791734,0.041674598585860645,0.05346675989263594,0.33410842211787023
2025-06-10 00:00:00+00:00,110295.6875,110380.125,108367.7109375,110257.234375,54700101509,0.0,0.0,106685.43401064187,105314.66815398454,107270.190625,106796.41875,99476.72317708333,91057.274328125,18.539099974713782,22.966875156698073,18.221877301021365,106796.41875,111918.17501073211,101674.66248926788,0.095916254883446,63.53383560413547,460743152245.0,453636214700.85,50112395927.05,1.0915483184764991,1370.7658566573227,1348.1268014577354,22.639055199587347,2025,6,-0.0003342625487465778,0.04576166793969727,0.05908260587467118,0.33311686232126764
2025-06-11 00:00:00+00:00,110261.796875,110384.21875,108086.328125,108686.625,50842662052,0.0,0.0,106993.3095474662,105564.44273517087,108129.446875,106647.0859375,99866.71510416667,91243.750921875,17.894009017645367,21.629929223737847,17.873967255797467,106647.0859375,111325.07302640921,101969.09884859079,0.08772836215423127,58.62102082775644,409900490193.0,448623349566.2,49146650247.55,1.0345092045115434,1428.866812295324,1364.2748036252533,64.59200867007075,2025,6,-0.014244955298426398,0.03775962661836085,0.05712968742235036,0.3341724543956974
2025-06-12 00:00:00+00:00,108685.9140625,108780.6953125,105785.6875,105929.0546875,54843867968,0.0,0.0,106829.57803054832,105591.45102793598,108192.1328125,106579.148828125,100237.44973958333,91419.10734375,17.00912769224258,19.99608655957609,22.326212899750082,106579.148828125,111257.42279172686,101900.87486452315,0.0877896664599241,51.143481632999624,355056622225.0,444245697703.1,48511436976.0,1.130534805537359,1238.1270026123384,1339.0452434226704,-100.91824081033201,2025,6,-0.025371753999169577,0.04285563096949763,0.016888214975907756,0.34481878079295686
2025-06-13 00:00:00+00:00,105924.59375,106182.546875,102822.0234375,106090.96875,69550440846,0.0,0.0,106715.94583354089,105628.45234068147,108251.596875,106494.139453125,100596.59270833334,91592.19540625,17.266053056242022,18.323610753090453,27.835116254210085,106494.139453125,111141.36840661378,101846.91049963621,0.08727670794568616,51.53439597914496,424607063071.0,441050386524.15,49693777660.15,1.3995804730654091,1087.4934928594157,1288.7348933100195,-201.2414004506038,2025,6,0.0015285141831733462,0.01629101829641222,0.024643317818659805,0.34395902976249537
2025-06-14 00:00:00+00:00,106108.0859375,106203.7578125,104379.3671875,105472.40625,38007870453,0.0,0.0,106524.63205145768,105616.89337100135,107287.2578125,106315.990234375,100959.98294270833,91765.138390625,17.49402906461632,17.523558533959584,26.53743119694508,106315.990234375,110824.12881234063,101807.85165640937,0.08480640716466781,49.89201524551288,386599192618.0,433578779730.5,49218269090.75,0.772230945036284,907.7386804563284,1212.5356507392814,-304.796970282953,2025,6,-0.0058304915798971235,-0.0013560375181229656,0.016654022941245294,0.34474779226284685
2025-06-15 00:00:00+00:00,105464.84375,106157.1015625,104519.8828125,105552.0234375,36744307742,0.0,0.0,106374.99995700266,105612.088190742,106346.215625,106121.573046875,101318.61888020833,91938.818609375,17.70572107239245,16.768061633152932,25.393317289612373,106121.573046875,110391.46006366634,101851.68603008366,0.08047161183532943,50.112397798530786,423343500360.0,425646865245.4,48757961399.3,0.7536063175628898,762.9117662606586,1122.6108738435569,-359.69910758289825,2025,6,0.0007548627203146641,-0.002283927282673792,0.019931863419742513,0.34455814667232626
2025-06-16 00:00:00+00:00,105555.59375,108915.375,104997.625,106796.7578125,50366626945,0.0,0.0,106439.88578092532,105699.8414960574,105968.2421875,106011.67890625,101683.63567708334,92123.677234375,16.55579511378258,22.131348097513246,22.854156128896314,106011.67890625,110078.5285757546,101944.82923674541,0.07672455924598749,53.551879130407755,473710127305.0,423105790921.15,48403783932.95,1.0405514373580582,740.0442848679231,1046.09755604843,-306.05327118050695,2025,6,0.011792615001237072,-0.031709254624266325,0.034941699103582025,0.3463736767341584
2025-06-17 00:00:00+00:00,106794.1171875,107750.1953125,103396.53125,104601.1171875,55964092176,0.0,0.0,106156.99830501372,105618.45451023834,105702.6546875,105851.618359375,102019.47421875,92300.983703125,16.114282931327182,19.76601247991204,24.34205933065166,105851.618359375,109873.46362263507,101829.77309611494,0.0759902460745677,47.350425889225676,417746035129.0,420224280862.75,48744219667.1,1.1481175113317705,538.5437947753817,944.5868037938205,-406.04300901843885,2025,6,-0.020559056941174436,-0.05129928407475526,-0.0173317033011674,0.3366655002994664
2025-06-18 00:00:00+00:00,104602.0703125,105581.8515625,103602.265625,104883.328125,47318089133,0.0,0.0,105961.04904655008,105564.0007039244,105461.1265625,105813.696875,102349.80611979167,92470.73665625,15.704307333332885,18.78301084511826,23.131482126949308,105813.696875,109858.11266202088,101769.2810879791,0.07644408817506193,48.18105019034373,465064124262.0,422509812863.1,48308986521.65,0.9794883424390217,397.0483426256833,835.0791115601932,-438.03076893450987,2025,6,0.0026979724986506692,-0.03499323743836924,-0.006844784695734574,0.3357380921732603
2025-06-19 00:00:00+00:00,104886.7734375,105250.890625,103940.7734375,104684.2890625,37333806920,0.0,0.0,105764.62443361929,105498.8368786337,105303.503125,105847.9828125,102674.97252604166,92636.70171875,15.323615706623894,18.14003627950555,22.339651956845408,105847.9828125,109838.88134174008,101857.08428325993,0.07540811687095797,47.61054177719911,427730317342.0,425811418876.6,47292912508.5,0.7894165307177891,265.7875549855962,721.2208002452738,-455.4332452596776,2025,6,-0.0018977187896134229,-0.011750936781907195,-0.01972820911506612,0.3332903197283058
2025-06-20 00:00:00+00:00,104681.03125,106539.3828125,102372.2109375,103309.6015625,50951862476,0.0,0.0,105386.92860729324,105336.67129966083,104855.01875,105781.558203125,102938.15078125,92798.534625,15.599514267568779,16.23620262563988,23.94555280121847,105781.558203125,109899.44833325008,101663.6680729999,0.07785648462878168,43.75680747298153,376778454866.0,424615539573.4,47890613439.4,1.0639216918879866,50.257307632418815,587.0281017227029,-536.7707940902841,2025,6,-0.013131746055793259,-0.026216813931204674,-0.05806517283464663,0.3207100102775637
2025-06-21 00:00:00+00:00,103315.078125,104015.78125,100973.0625,102257.40625,38360555118,0.0,0.0,104905.46362924813,105108.57759227854,103947.1484375,105611.8234375,103085.07604166666,92943.37975,16.35382516908838,14.998427746668334,25.625626178289068,105611.8234375,110021.68155651234,101201.96531848767,0.08351068991100312,41.01995795648117,338417899748.0,419631779670.65,47938788351.65,0.8001986791282695,-203.11396303040965,428.9996887720804,-632.11365180249,2025,6,-0.010184874363913243,-0.03048190625687941,-0.08431627417592336,0.3135793056900876
2025-06-22 00:00:00+00:00,102212.03125,103351.6328125,98286.203125,100987.140625,65536997201,0.0,0.0,104302.64470551764,104803.28596507272,103224.353125,105367.10390625,103206.54322916667,93079.163875,17.85297056033307,13.194974379672802,28.922377063635597,105367.10390625,110233.52433121053,100500.68348128948,0.09237077312650453,37.935137976882714,272880902547.0,409080184593.35,48924652897.2,1.3395495587614223,-500.64125955507916,243.07149910664847,-743.7127586617277,2025,6,-0.012422235919953284,-0.04324770538579947,-0.05872668125845515,0.2871496921205646
2025-06-23 00:00:00+00:00,100987.4765625,106116.859375,99705.75,105577.7734375,65237759656,0.0,0.0,104498.81835659184,104860.65540747474,103363.2421875,105374.369140625,103400.44283854167,93231.02409375,17.835133420949493,17.410515509113555,24.849684408451253,105374.369140625,110241.63423760296,100507.10404364704,0.09238043628014446,51.98755754128655,338118662203.0,404100302917.2,49876715461.65,1.3079802679902015,-361.8370508828957,122.08978910873964,-483.92683999163535,2025,6,0.04545759771084712,-0.011414057879361228,-0.020533992671592616,0.3308252104064102
2025-06-24 00:00:00+00:00,105571.515625,106316.828125,104740.2421875,106045.6328125,48822986421,0.0,0.0,104736.78981134694,104948.43151155068,103635.5109375,105440.0515625,103589.19505208333,93385.60728125,17.72559087354546,17.240578352086704,23.956303621904297,105440.0515625,110306.27096092072,100573.83216407927,0.09230305422482188,53.15175357781639,386941648624.0,403788813417.35,50090621927.45,0.9746931569688632,-211.64170020373422,55.343491246244874,-266.9851914499791,2025,6,0.004431419225533917,0.013809753316598616,-0.02742006788220286,0.32847556473223394
2025-06-25 00:00:00+00:00,106047.40625,108168.3984375,105881.390625,107361.2578125,51624120283,0.0,0.0,105140.55411921663,105127.15938569508,104445.8421875,105729.316796875,103801.10052083334,93541.37715625,16.79812470923438,20.628972340168367,22.682392095597823,105729.316796875,110307.68061777335,101150.95297597666,0.0866053798435907,56.35649781106001,438565768907.0,408932494851.65,49797863021.6,1.036673406258575,13.394733521548915,46.95373970130568,-33.559006179756764,2025,6,0.012406215749838134,0.02362558217590882,-0.01899764619245059,0.3313605216161062
2025-06-26 00:00:00+00:00,107375.0703125,108305.546875,106666.3515625,106960.0,43891990613,0.0,0.0,105420.46887010639,105262.92535712507,105386.3609375,105857.799609375,104021.18645833334,93695.76621875,15.878050981762076,20.145508152815143,21.78808582794072,105857.799609375,110422.15344563968,101293.44577311032,0.0862355698513962,55.11807165079141,394673778294.0,409438744070.45,49549629867.4,0.8858187383126688,157.54351298131223,69.071694357307,88.47181862400524,2025,6,-0.003737454466123835,0.021738801093078353,-0.018667345599131413,0.3313170151595813
2025-06-27 00:00:00+00:00,106954.921875,107772.46875,106449.9921875,107088.4296875,45353692675,0.0,0.0,105677.07822662848,105398.1479001158,106606.61875,105931.43984375,104223.014453125,93848.113125,15.114211124643724,19.478256786428087,21.60830449977716,105931.43984375,110526.76108887125,101336.11859862876,0.08676029046521776,55.45547320465625,440027470969.0,410294426234.2,49899062812.35,0.9089087072748585,278.93032651268004,111.04342078838161,167.88690572429843,2025,6,0.0012007263229245613,0.03657770495527357,-0.006622291465470109,0.3291945211259238
2025-06-28 00:00:00+00:00,107090.546875,107567.8828125,106883.9765625,107327.703125,30037708335,0.0,0.0,105931.02051868563,105541.07791677388,106956.6046875,106008.142578125,104440.39635416666,94007.95253125,14.404931257319541,19.125466551570632,21.216934835492857,106008.142578125,110644.8051910184,101371.4799652316,0.0874774805053548,56.11735751783659,470065179304.0,410820682198.3,49569636612.7,0.6059699119784183,389.9426019117527,166.82325701305584,223.11934489869688,2025,6,0.002234353778444831,0.04958366401944603,0.01595908045653993,0.3212670319721004
2025-06-29 00:00:00+00:00,107327.8203125,108526.3046875,107230.109375,108385.5703125,35534874438,0.0,0.0,106308.64356388785,105751.78105719804,107424.5921875,105912.716015625,104676.70065104167,94172.0491875,13.482461461448331,21.07964685764615,20.4605508122429,105912.716015625,110246.64906643733,101578.78296481268,0.08183971129912203,59.016802788829416,505600053742.0,410328522197.7,48551220648.0,0.7319048617877295,556.8625066898094,244.83110694840656,312.0313997414028,2025,6,0.009856422495764683,0.07326110672816166,0.04218327220093254,0.3173247824841479
2025-06-30 00:00:00+00:00,108383.4375,108798.7890625,106759.6484375,107135.3359375,42064804590,0.0,0.0,106435.82700598202,105854.26660388707,107379.4078125,105756.62109375,104854.083984375,94334.86175,12.648260726549418,19.878999052767988,20.609266122473336,105756.62109375,109632.36976106992,101880.87242643008,0.07329562210358789,54.43880382255753,463535249152.0,410468127043.05,47919455802.05,0.8778230863840583,581.560402094954,312.17696597771607,269.383436117238,2025,6,-0.011535062936840146,0.014752750027656525,0.023865516830480216,0.32005449217472737
2025-07-01 00:00:00+00:00,107144.3828125,107550.6796875,105270.2265625,105698.28125,44110692247,0.0,0.0,106322.35842813863,105842.71213322876,107127.0640625,105607.20390625,105000.55416666667,94485.01065625,12.572466464236344,18.602880142853518,23.478962622237066,105607.20390625,109229.4670097291,101984.9408027709,0.06859878814128373,49.669486430480646,419424556905.0,410944330378.65,47582857311.8,0.927029075995843,479.6462949098641,345.67083176414565,133.97546314571844,2025,7,-0.013413452013053329,-0.003275491439747924,0.0004370919917071614,0.32222511618981303
2025-07-02 00:00:00+00:00,105703.1015625,109763.65625,105157.3984375,108859.3203125,56248657737,0.0,0.0,106712.66025650193,106066.16459095255,107481.2421875,105753.7171875,105216.67955729166,94653.87828125,11.942722378408961,22.210144320113592,20.602095501951688,105753.7171875,109656.94399885491,101850.4903761451,0.07381729768296533,58.31958301575819,475673214642.0,416975159999.5,47653096800.25,1.1803778036248194,646.4956655493734,405.8357985211912,240.6598670281822,2025,7,0.02990624847553991,0.013953473818425932,0.028123781620319255,0.3385242504761576
2025-07-03 00:00:00+00:00,108845.015625,110541.4609375,108605.796875,109647.9765625,50494742270,0.0,0.0,107164.24738050163,106331.48399625237,107945.296875,105931.567578125,105472.212890625,94824.41140625,11.698047763909527,23.154384437264536,19.519713018781033,105931.567578125,110205.99594996942,101657.13920628058,0.08070169203702211,60.15933282858782,526167956912.0,422053204691.55,46700311871.45,1.081250643657258,832.7633842492651,491.221315666806,341.5420685824591,2025,7,0.007244728772290987,0.025130670928384502,0.03998301341587429,0.33862467042070743
2025-07-04 00:00:00+00:00,109635.65625,109751.984375,107296.3828125,108034.3359375,42616442656,0.0,0.0,107298.10715850137,106457.62117708553,107875.05,106059.6640625,105693.65091145833,94984.8315625,10.892073205465843,21.60374442081,21.783543052028755,106059.6640625,110428.66097291786,101690.66715208214,0.08238753062320185,54.82691384409076,483551514256.0,426900820773.45,46930740481.6,0.9080709619893704,840.4859814158408,561.0742488166129,279.4117325992279,2025,7,-0.014716556343200904,0.008832945377575285,0.03153145223216347,0.34220741653592307
2025-07-05 00:00:00+00:00,108015.8359375,108381.34375,107842.2734375,108231.1796875,30615537520,0.0,0.0,107441.65677834731,106588.99588156067,108094.21875,106193.621875,105884.129296875,95138.12525,10.143668258339567,21.26703376110307,21.44403009497222,106193.621875,110660.28255421147,101726.96119578852,0.08412295579237633,55.34687701937173,514167051776.0,431441998344.25,46624301970.5,0.6566433431940918,852.6608967866487,619.3915784106201,233.26931837602854,2025,7,0.0018220480395592098,0.008417925066818599,0.06551970577435817,0.32300709419193707
2025-07-06 00:00:00+00:00,108231.1875,109731.625,107847.015625,109232.0703125,36746020463,0.0,0.0,107717.1050143708,106784.77917274136,108800.9765625,106315.3875,106087.45846354167,95284.1715625,10.032273730932836,24.05950458823819,20.255445105409294,106315.3875,110979.68374205602,101651.09125794398,0.0877445184885588,57.99445708382133,550913072239.0,435302145590.95,45943271646.4,0.7998128811072454,932.3258416294411,681.9784310543844,250.34741057505676,2025,7,0.009247710575546852,0.007810080230784777,0.046380981119242604,0.3108892159541728
2025-07-07 00:00:00+00:00,109235.328125,109710.25,107527.0546875,108299.8515625,45415696597,0.0,0.0,107806.7583294676,106897.00675716792,108689.0828125,106500.32421875,106171.76497395833,95428.0128125,9.755434583216848,22.50343647443315,19.893272223232586,106500.32421875,111171.73165733612,101828.91678016388,0.08772569422401229,54.73901383508111,505497375642.0,439689712616.6,45415851867.45,0.9999965811397649,909.7515722996759,727.5330593034427,182.21851299623324,2025,7,-0.008534295352390808,0.010869575521556651,0.02541505163180169,0.31064238722660487
2025-07-08 00:00:00+00:00,108298.2265625,109198.96875,107499.5546875,108950.2734375,44282204127,0.0,0.0,107982.68373070336,107049.10058534067,108549.5421875,106703.671484375,106271.42200520834,95582.95315625,9.482710969575349,21.346119911547124,18.95341407151815,106703.671484375,111432.42558802142,101974.91738072857,0.08863339073274293,56.57077039590627,549779579769.0,443925485391.95,45264057617.15,0.9783083191866124,933.5831453626888,768.7430765152919,164.84006884739688,2025,7,0.006005750382996888,0.03076674614801278,0.029837566305928487,0.3111339564861822
2025-07-09 00:00:00+00:00,108950.2734375,111925.375,108357.6796875,111326.5546875,57927418065,0.0,0.0,108497.12541636439,107365.94903735246,109207.9859375,107035.784765625,106381.92578125,95750.3295,10.44323714680305,27.082609307784004,16.979201876921916,107035.784765625,112089.23501237677,101982.33451887322,0.09442543459306166,62.536214576623976,607706997834.0,452924319416.55,46293738174.4,1.2513013714030403,1131.1763790119294,841.2297370146194,289.94664199730994,2025,7,0.021810695604753683,0.022664429356322957,0.009360909698465925,0.283571037607761
2025-07-10 00:00:00+00:00,111329.1953125,116608.78125,110660.75,115987.203125,95911605728,0.0,0.0,109649.44506384678,108004.56045125228,110759.190625,107669.66484375,106579.93984375,95937.12121875,12.714076173348104,35.22107227430297,14.304116822004382,107669.66484375,113817.14746837485,101522.18221912514,0.11419154380290995,70.96125044687405,703618603562.0,469266326851.35,48541725337.0,1.9758590174151311,1644.8846125944983,1001.9607121305953,642.923900463903,2025,7,0.041864660687494615,0.057814350626767874,0.051969095565299606,0.3182470871924224
2025-07-11 00:00:00+00:00,115986.234375,118856.4765625,115245.6875,117516.9921875,86928361085,0.0,0.0,110859.83692902421,108709.18502430766,112416.175,108432.644140625,106825.00716145833,96132.22471875,15.29565477674937,37.745007521465865,12.968383589709054,108432.644140625,115474.5396992079,101390.74858204208,0.12988515800556077,73.09964574612317,790546964647.0,491872780096.3,50970115635.35,1.7054770231816268,2150.6519047165493,1231.6989506477862,918.9529540687631,2025,7,0.013189291760499877,0.08777446695730062,0.08124612561573241,0.31518591071324903
2025-07-12 00:00:00+00:00,117530.7109375,118219.8984375,116977.0234375,117435.2265625,45524560304,0.0,0.0,111871.43533417434,109355.55847158117,114243.25,109255.0484375,107046.09739583333,96330.71959375,17.692834908479117,36.48216469980939,12.534497595238447,109255.0484375,116475.3179052305,102034.77896976948,0.13217273839498428,72.79110517027576,745022404343.0,515479855186.1,49969493790.5,0.9110470579282703,2515.87686259317,1488.534533036863,1027.3423295563068,2025,7,-0.0006957770402219454,0.0850406223195126,0.1086214911380472,0.29881512406132443
2025-07-13 00:00:00+00:00,117432.203125,119449.5703125,117265.4375,119116.1171875,49021091807,0.0,0.0,112986.00177314752,110078.5628209085,116276.41875,109931.965625,107305.70911458334,96529.7458125,20.166455192308277,37.66227959767384,11.788100585346962,109931.965625,118167.73320215665,101696.19804784334,0.14983390009145317,75.11632937497212,794043496150.0,538276096883.45,49158660398.05,0.9972015390587116,2907.4389522390265,1772.3154168772958,1135.1235353617308,2025,7,0.014313342548076147,0.0904866752659994,0.12277339523775432,0.301040584245655
2025-07-14 00:00:00+00:00,119115.7890625,123091.609375,118959.1953125,119849.703125,181746419401,0.0,0.0,114041.95582727867,110802.35099158194,117981.0484375,110622.169140625,107574.12682291666,96706.5883125,23.068867334893604,43.123401902704856,10.512595002339484,110622.169140625,119751.79342018593,101492.54486106407,0.16505957803006333,76.07719415468752,975789915551.0,567718510229.8,55804832047.05,3.256822263128872,3239.604835696722,2065.7733006411813,1173.8315350555408,2025,7,0.006158578325259345,0.10664697500378906,0.13631334854465793,0.29901790476269025
2025-07-15 00:00:00+00:00,119853.8515625,119935.5625,115765.6875,117777.1875,98321661181,0.0,0.0,114616.60685385119,111319.00554776106,118339.0453125,111142.965625,107812.25846354167,96874.077625,24.112813300857866,38.5863278298064,17.464188949856084,111142.965625,120669.0942695959,101616.8369804041,0.1714211707601427,68.07899084711886,877468254370.0,589663634502.95,58139709091.95,1.6911275050499621,3297.6013060901314,2312.1389017309716,985.4624043591598,2025,7,-0.01729262210051885,0.08101782385671208,0.11582121937945433,0.3082595620538375
2025-07-16 00:00:00+00:00,117777.1875,120065.515625,117064.8203125,118738.5078125,72162029070,0.0,0.0,115250.7454628741,111868.5983081121,118583.3484375,111731.891015625,108071.38216145833,97042.84975,25.11005771835538,36.00384923932899,16.14758828455745,111731.891015625,121618.6950909815,101845.0869402685,0.17697371780763815,69.67171579464811,949630283440.0,617411459760.25,59553211014.8,1.211723563521478,3382.147154762002,2526.1405523371777,856.0066024248245,2025,7,0.00816219450392297,0.06657848296667201,0.11181753308434494,0.30733114612240725
2025-07-17 00:00:00+00:00,118738.5078125,120999.609375,117508.21875,119289.84375,72363841798,0.0,0.0,115872.145199355,112418.32019269638,118954.271875,112341.96171875,108285.44609375,97212.89365625,26.24051876834051,35.205504534170466,14.753876367378444,112341.96171875,122523.72499887446,102160.19843862554,0.18126376154289844,70.57841472946359,1021994125238.0,646509792473.7,60903718470.95,1.1881678757023069,3453.825006658619,2711.6774432014663,742.1475634571525,2025,7,0.004643278306736054,0.028474181082207117,0.14042609636922054,0.29464155162072214
2025-07-18 00:00:00+00:00,119284.109375,120851.9140625,116925.984375,118003.2265625,77945799785,0.0,0.0,116200.00387060808,112832.01696082998,118731.69375,112875.737890625,108492.06354166666,97363.0098125,26.987291602772423,31.874067612573747,14.761125619187029,112875.737890625,123069.99047097823,102681.48531027176,0.18062787930974716,65.6461935533965,944048325453.0,670208949781.15,63299123043.45,1.2313883042502214,3367.9869097781047,2842.9393365167944,525.0475732613104,2025,7,-0.01078563897020779,0.004137566542072646,0.12509040923895642,0.2993965737409127
2025-07-19 00:00:00+00:00,117998.125,118541.3984375,117388.4140625,117939.9765625,47564562765,0.0,0.0,116467.691977053,113210.38433873146,118349.7484375,113353.458203125,108677.87838541667,97479.96378125,27.6807235204592,30.947841596680053,14.332183234470103,113353.458203125,123557.21196491852,103149.70444133149,0.18003427374061734,65.40421757019662,896483762688.0,689753135228.45,63900607459.8,0.7443522785745497,3257.3076383215375,2925.812996877743,331.49464144379454,2025,7,-0.0005360022928398989,0.004298114073389758,0.1266253763454983,0.299093415847176
2025-07-20 00:00:00+00:00,117944.109375,118865.03125,116550.1328125,117300.7890625,57515447231,0.0,0.0,116595.86075942946,113513.37728123282,118254.46875,113861.730859375,108804.92356770833,97597.3436875,27.857473453571348,29.118314201138993,15.625667059144238,113861.730859375,123769.76439936063,103953.69731938938,0.17403623614720118,62.88167087528112,838968315457.0,708524788543.7,64673139591.85,0.8893251138568198,3082.4834781966347,2957.1470931415215,125.33638505511317,2025,7,-0.00541960002562214,-0.015239987399375154,0.13542969180396702,0.2946785561223579
2025-07-21 00:00:00+00:00,117306.46875,119671.5625,116584.3984375,117439.5390625,69820091744,0.0,0.0,116725.65742144031,113804.2040798452,117994.675,114448.79375,108901.02786458333,97704.7651875,28.257234040065843,28.884087038819107,14.40282936146136,114448.79375,123689.08659398774,105208.50090601225,0.16147470919041895,63.2133461876721,908788407201.0,732992981058.5,65958609566.7,1.0585440202979888,2921.453341595101,2950.0083428322378,-28.55500123713682,2025,7,0.0011828564931994912,-0.02010988763139665,0.14846976242857712,0.2902529214661401
2025-07-22 00:00:00+00:00,117426.5,120269.96875,116233.2265625,119995.4140625,79217583118,0.0,0.0,117228.69690468027,114262.81222670853,118135.7890625,115005.5984375,109112.821484375,97835.745125,28.80130229671288,27.48844873789627,12.973170664755832,115005.5984375,124169.5031515015,105841.6937234985,0.1593644977028078,68.75236871601896,988005990319.0,758609619842.35,67107055835.75,1.1804657815996504,2965.8846779717423,2953.183609860139,12.70106811160349,2025,7,0.02176332622218302,0.018834093508133698,0.1882246919742412,0.2893112729458102
2025-07-23 00:00:00+00:00,119997.4453125,120113.3515625,117391.390625,118754.9609375,66608604537,0.0,0.0,117463.50675588331,114595.56398306345,118286.1359375,115460.94765625,109295.5515625,97946.5009375,29.306508535027984,25.64027500994484,12.100925256531793,115460.94765625,124406.37529646783,106515.52001603218,0.15495157144994381,63.736389425321164,921397385782.0,778371091285.85,67912748949.1,0.9807967659639658,2867.9427728198643,2936.135442452084,-68.1926696322198,2025,7,-0.010337504434577038,0.00013856604148987373,0.1248102424493791,0.256870831620407
2025-07-24 00:00:00+00:00,118770.984375,119535.453125,117247.96875,118368.0,72627318560,0.0,0.0,117602.65956267048,114875.00368802171,118371.740625,115977.630859375,109451.09505208333,98057.73903125,29.678502532381994,24.16958007508018,11.766461974361738,115977.630859375,124288.12353557616,107667.13818317384,0.1433119924009792,62.21159650008981,848770067222.0,796632018934.15,69413292744.3,1.0463027424378153,2727.6558746487717,2894.4395288914216,-166.78365424264985,2025,7,-0.0032584822936673197,-0.007727763915358454,0.11619872370687112,0.2581112588863195
2025-07-25 00:00:00+00:00,118368.0,118486.9765625,114759.8203125,117635.8828125,104857024569,0.0,0.0,117607.77083187502,115079.51325279787,118438.759375,116447.866015625,109587.68697916667,98168.89915625,28.510456646913735,21.959414450394316,16.79504887170167,116447.866015625,123936.4572289869,108959.2748022631,0.1286170622028759,59.32009508908989,743913042653.0,808119318478.0,73125367096.75,1.4339350177930292,2528.2575790771516,2821.2031389285676,-292.94555985141596,2025,7,-0.006185093838706357,-0.0031129975060930626,0.09570142162402773,0.25841741991126127
2025-07-26 00:00:00+00:00,117644.84375,118335.6875,117181.2265625,117947.3671875,48508954046,0.0,0.0,117660.01642504809,115291.94687759063,118540.325,116883.630859375,109736.89908854167,98278.5180625,27.425842610407493,21.309414158744982,16.297914183090935,116883.630859375,123576.2539525275,110191.0077662225,0.11451771379697355,60.168339143592505,792421996699.0,820194764701.0,73713513775.9,0.658074097423634,2368.0695474574604,2730.576420634346,-362.5068731768856,2025,7,0.002647868724685587,6.266429089962777e-05,0.1027240761733359,0.25723609236413303
2025-07-27 00:00:00+00:00,117944.7265625,119815.59375,117859.6875,119448.4921875,54683390892,0.0,0.0,117935.16654234838,115599.8391227691,118430.940625,117441.062890625,109931.00182291666,98386.936875,27.02547092123218,24.094475776827252,15.462820888399415,117441.062890625,122859.17783945557,112022.94794179444,0.09226951486085504,64.05797311916359,847105387591.0,837275165298.45,74176898490.65,0.737202444490084,2335.3274195792765,2651.526620423332,-316.19920084405567,2025,7,0.012727075099638885,0.018309366391863424,0.11541921509231678,0.2591578706036903
2025-07-28 00:00:00+00:00,119457.5234375,119819.7890625,117441.4375,117924.4765625,64822943193,0.0,0.0,117933.52193006402,115772.0344886751,118264.84375,117889.773046875,110135.71380208334,98481.2768125,26.401653196370965,22.579420554112385,15.59630765607877,117889.773046875,121547.6189113275,114231.92718242249,0.062055355098496745,57.878456487290904,782282444398.0,848900308529.9,75203935443.95,0.8619621142209104,2161.4874413889193,2553.51878461645,-392.03134322753067,2025,7,-0.012758768211219684,0.004129252412528039,0.0987328819024329,0.26545133531781023
2025-07-29 00:00:00+00:00,117938.5859375,119273.8671875,116987.3671875,117922.1484375,68463107433,0.0,0.0,117931.77216197725,115931.30218858804,118175.6734375,118219.552734375,110367.7734375,98558.9465,25.545623991561772,21.199313976289336,15.8568380060537,118219.552734375,120182.59778229451,116256.50768645549,0.03321015859923337,57.86927250804797,713819336965.0,854205925486.45,75730719912.35,0.9040334954195408,2000.4699733892048,2442.909022371001,-442.4390489817961,2025,7,-1.9742508661990676e-05,-0.017277873835412905,0.0879875254381548,0.2645850064943646
2025-07-30 00:00:00+00:00,117921.9921875,118780.7265625,115800.828125,117831.1875,68896148592,0.0,0.0,117916.29759859614,116072.03443387782,118214.734375,118311.751953125,110587.65833333334,98634.28059375,24.06096957073757,19.524400130334293,17.749967964172264,118311.751953125,119985.18345401413,116638.32045223587,0.02828850850847243,57.48547215292632,644923188373.0,851271154727.0,74379947055.55,0.9262731598954423,1844.2631647183152,2323.179850840464,-478.9166861221488,2025,7,-0.0007713643170961237,-0.007778819766411038,0.09983495612259707,0.2598111822466797
2025-07-31 00:00:00+00:00,117833.6328125,118919.984375,115505.21875,115758.203125,69370346018,0.0,0.0,117584.28306419673,116048.78767025724,117776.9015625,118223.8125,110756.093359375,98706.20428125,22.516668000593988,17.789849207537912,16.942129280083943,118223.8125,120225.71019327124,116221.91480672876,0.03386623474473452,49.438246297855216,575552842355.0,840521448612.4,73502046302.2,0.9437879556820402,1535.495393939491,2165.6429594602696,-630.1475655207787,2025,7,-0.017592832754910526,-0.02204816229893214,0.0951758321519538,0.26356987362618567
2025-08-01 00:00:00+00:00,115738.953125,116060.7734375,112724.4453125,113320.0859375,91294530181,0.0,0.0,116928.25273701262,115846.66161597893,116551.2203125,118018.05546875,110880.06927083334,98767.42934375,22.074655778347093,16.269074945848153,22.618896086038447,118018.05546875,120977.92817507448,115058.18276242551,0.05015965895334096,41.99257550321758,484258312174.0,827483244003.95,75790544796.05,1.2045635827882057,1081.5911210336926,1948.8325917749542,-867.2414707412615,2025,8,-0.021062154747402473,-0.036687758631258394,0.04097734224496885,0.2582955874328083
2025-08-02 00:00:00+00:00,113320.390625,114021.6015625,112005.765625,112526.9140625,56870866000,0.0,0.0,116251.12371016452,115600.7543897953,115471.7078125,117688.5953125,110998.31002604167,98845.1278125,21.95420206428898,15.411805927657058,23.30563550297078,117688.5953125,121483.05207530924,113894.13854969075,0.0644829985901995,39.88792663857723,427387446174.0,809150441505.15,76183033505.7,0.7465030385767578,650.3693203692237,1689.1399374938082,-1038.7706171245845,2025,8,-0.006999393518263508,-0.04595654192418852,0.026256184475588418,0.2590352316047957
2025-08-03 00:00:00+00:00,112525.8046875,114747.421875,111943.8046875,114217.671875,48099615826,0.0,0.0,115938.28496629305,115498.3038331438,114730.8125,117406.99375,111156.40481770833,98934.05721875,21.411301802957283,16.178187517633795,21.600836974856147,117406.99375,121358.83459552284,113455.15290447715,0.06731866167934905,46.090491186510775,475487062000.0,784135298827.6,69500693326.95,0.6920738991728679,439.98113314925286,1439.3081766248972,-999.3270434756444,2025,8,0.015025363723748075,-0.04379143023663379,0.05723491410246817,0.2571588453870045
2025-08-04 00:00:00+00:00,114223.921875,115729.46875,114130.40625,115071.8828125,35783028986,0.0,0.0,115804.99232724798,115466.71709087389,114178.9515625,117271.728515625,111381.33697916666,99010.494625,20.351191988790223,18.123268063281596,20.672027587621084,117271.728515625,121353.28484495025,113190.17218629975,0.06960853022272,48.95613085174759,511270090986.0,765825390658.4,66373761717.2,0.5391140724924024,338.2752363740874,1219.1015885747352,-880.8263522006478,2025,8,0.007478798363486527,-0.02419000561336493,0.06320455107993306,0.2578810779891236
2025-08-05 00:00:00+00:00,115072.1875,115117.4375,112701.109375,114141.4453125,61039182286,0.0,0.0,115549.06201728675,115368.54881099434,113855.6,117041.875390625,111543.85533854166,99084.45053125,20.010162076123397,16.938059387936967,23.188479320093407,117041.875390625,121290.00357469787,112793.74720655214,0.0725915945877459,46.08269917544091,450230908700.0,740855421921.4,65817619378.0,0.9273988160441241,180.51320629240945,1011.38391211827,-830.8707058258606,2025,8,-0.008085706753543476,-0.032061009531248574,0.044944447047051916,0.25894691692029537
2025-08-06 00:00:00+00:00,114140.9140625,115737.8359375,113372.25,115028.0,56379133510,0.0,0.0,115468.89863001187,115343.3229731429,114197.1828125,116828.783203125,111700.72825520833,99154.7164375,19.33751121419919,17.53714396295888,21.69279054383375,116828.783203125,121029.42184658052,112628.14455966948,0.07191102275116662,49.145549419911255,506610042210.0,715086217770.0,65018383963.6,0.8671260353312286,125.57565686896851,834.2222610684098,-708.6466041994413,2025,8,0.007767158415357134,-0.023789860388193085,0.06212518614226514,0.25718999857228625
2025-08-07 00:00:00+00:00,115030.0546875,117676.90625,114279.7109375,117496.8984375,64051649681,0.0,0.0,115780.89860039466,115502.8470816138,115191.1796875,116803.466796875,111895.782421875,99238.9078125,18.20083885674277,21.123816165482747,19.725108855125733,116803.466796875,120980.33860960134,112626.59498414866,0.07151965480596661,56.54820756706592,570661691891.0,696416886091.9,64323676458.4,0.9957709696898944,278.05151878086326,722.9881126109005,-444.9365938300373,2025,8,0.021463456180234486,0.015020061348244074,0.07844519091457647,0.2656583306123402
2025-08-08 00:00:00+00:00,117505.5,117689.203125,115917.4609375,116688.7265625,59713005166,0.0,0.0,115920.56444071856,115590.69000612388,115685.390625,116740.904296875,112002.35950520834,99316.5435625,17.151323374254247,20.13346941533664,18.76892058549867,116740.904296875,120883.44243850675,112598.36615524325,0.07096977989989142,53.788075126445534,510948686725.0,677140132293.75,64931098578.45,0.919636452690763,329.87443459467613,644.3653770076556,-314.4909424129795,2025,8,-0.0068782400705657,0.02972677435894222,0.048166153080475116,0.25831059673905477
2025-08-09 00:00:00+00:00,116678.2734375,117906.609375,116363.8359375,116500.359375,54004312429,0.0,0.0,116009.76366137725,115658.07292233693,115971.0859375,116700.8828125,112106.41158854167,99399.08378125,16.288427662949037,19.870773846344857,17.95282125844334,116700.8828125,120836.10538615925,112565.66023884075,0.07086874535993351,53.13705448451645,456944374296.0,658038935235.7,64755541838.35,0.8339720569987907,351.6907390403212,585.8304494141888,-234.13971037386762,2025,8,-0.0016142706587778388,0.03531106620673041,0.004424248849650869,0.21381842334663842
2025-08-10 00:00:00+00:00,116497.71875,119320.7109375,116485.1640625,119306.7578125,64755458694,0.0,0.0,116516.99353078075,115928.34587716383,117004.1484375,116794.24375,112283.41380208333,99492.30215625,16.17819440822645,22.248078902473303,16.53016411172589,116794.24375,121081.21196841369,112507.2755315863,0.07341060793355565,60.75770307519596,521699832990.0,638684506525.15,64502310185.85,1.0039246425038204,588.6476536169212,586.3938902547353,2.2537633621858504,2025,8,0.02408918266480664,0.04455602932503733,0.015229845417966459,0.2252236002840113
2025-08-11 00:00:00+00:00,119306.8125,122321.09375,118159.03125,118731.4453125,90528784177,0.0,0.0,116857.67842027602,116135.98287237392,117744.8375,116731.0453125,112496.78697916666,99572.1538125,17.226051113079684,27.79630993354198,14.690040545953137,116731.0453125,120853.4190813017,112608.6715436983,0.07063028961602659,58.652059855760946,431171048813.0,610842759449.85,65067870238.8,1.3912977917481866,721.695547902098,613.4542217842079,108.24132611789014,2025,8,-0.004822128356753663,0.031802403945740076,0.011037733633614044,0.2259743506704952
2025-08-12 00:00:00+00:00,118717.6640625,120302.46875,118228.71875,120172.90625,72803657984,0.0,0.0,117367.71347100277,116435.01423367955,118280.0390625,116801.942578125,112731.4859375,99666.47115625,18.199060910443404,26.22958169429302,13.86204210248765,116801.942578125,121115.22634090159,112488.65881534842,0.07385637032349131,62.18793994845667,503974706797.0,589971625500.6,65377622911.15,1.113586801449514,932.6992373232206,677.3032248920105,255.39601243121012,2025,8,0.012140515376580119,0.052841988473046664,0.008871923358923173,0.22441631441346277
2025-08-13 00:00:00+00:00,120168.9765625,123682.453125,118939.6328125,123344.0625,90904808795,0.0,0.0,118287.15178315621,116946.79558674032,119611.10625,117050.745703125,113029.346875,99760.1645625,20.08022213167633,31.719564288457473,12.172219015007057,117050.745703125,122231.27030996775,111870.22109628224,0.08851758398843661,68.55811871864597,594879515592.0,577277097919.1,66291497422.9,1.371289114425668,1340.356196415887,809.9138191967858,530.4423772191013,2025,8,0.026388279596092357,0.07229598445595853,0.02915617881302124,0.24144167023490196
2025-08-14 00:00:00+00:00,123339.3984375,124457.1171875,117254.8828125,118359.578125,104055627395,0.0,0.0,118298.29429728602,117051.44614512993,119982.95,117086.93046875,113242.80611979167,99833.90953125,20.835479011729458,26.44716378436702,14.037169697242192,117086.93046875,122294.70173336289,111879.1592041371,0.08895563738435905,53.3454353460169,490823888197.0,564622640196.3,66251427564.2,1.5706171356710221,1246.8481521560898,897.3006857886467,349.5474663674431,2025,8,-0.040411222672351976,0.007342148592619058,0.004944850843886961,0.2747048645604283
2025-08-15 00:00:00+00:00,118365.78125,119332.3125,116864.5703125,117398.3515625,68665353159,0.0,0.0,118159.8415688574,117077.1428427129,119601.26875,117059.4796875,113419.49934895833,99898.558875,21.318398198027943,24.91880402874021,14.14000054295469,117059.4796875,122253.9250644963,111865.0343105037,0.08874882052890211,50.99543232563853,422158535038.0,546109467113.25,67259247519.85,1.0209057592970396,1082.6987261445029,934.380293859818,148.31843228468483,2025,8,-0.008121240187970669,0.006081350109000683,-0.011286618593154607,0.27468460016940394
2025-08-16 00:00:00+00:00,117398.421875,117996.0625,117271.953125,117491.3515625,48036922378,0.0,0.0,118056.99695249472,117107.82497010454,119353.25,116961.62265625,113634.33658854167,99978.79340625,21.766823156733675,24.471911140252388,13.88641430829542,116961.62265625,122038.98958263181,111884.25572986818,0.08682107534202374,51.21933574961081,470195457416.0,527263970604.5,66926924094.15,0.7177518319895243,949.1719823901803,937.3386315658905,11.833350824289823,2025,8,0.0007921746665282559,0.008506344468089733,-0.015076658087248118,0.2741441039482568
2025-08-17 00:00:00+00:00,117492.7890625,118595.7734375,117279.5234375,117453.0625,45852169525,0.0,0.0,117964.08395980322,117133.39812046717,118809.28125,116938.051953125,113843.83216145834,100061.9039375,22.390245598521933,25.187214067637235,13.415437013488338,116938.051953125,122000.95469268435,111875.14921356566,0.08659119345666584,51.11578442221984,424343287891.0,509367012779.15,65978385410.75,0.6949574355229555,830.6858393360453,916.0080731199215,-85.32223378387619,2025,8,-0.00032588834829794244,-0.015537219739163666,-0.004662279825108029,0.27157556618706086
2025-08-18 00:00:00+00:00,117453.90625,117614.171875,114723.6796875,116252.3125,72787808090,0.0,0.0,117700.73450444888,117068.13251895108,117390.93125,116854.56015625,114036.63255208333,100122.2210625,21.522410567982888,23.316962905724477,18.985006400510446,116854.56015625,121904.18859110033,111804.93172139965,0.08642586867124943,47.84874182668092,351555479801.0,491253819920.95,66194620443.6,1.099603073515885,632.6019854977931,859.3268555954959,-226.72487009770282,2025,8,-0.01022323279139703,-0.02088017042136514,-0.014309516685427348,0.2738825501518999
2025-08-19 00:00:00+00:00,116241.859375,116764.5,112730.3984375,112831.1796875,71657600353,0.0,0.0,116951.57222491829,116754.28416106582,116285.2515625,116604.559765625,114195.32552083333,100173.37378125,20.161735669661248,20.975962886954036,22.039724486062575,116604.559765625,121937.72975885437,111271.38977239563,0.09147446727553424,40.00359900095677,279897879448.0,473002554474.7,66332693031.65,1.0802757596289552,197.2880638524657,726.9190972468899,-529.6310333944242,2025,8,-0.029428514056440758,-0.061093026636359626,-0.03810383042366838,0.2916679330161418
2025-08-20 00:00:00+00:00,112828.0234375,114625.796875,112387.9609375,114274.7421875,67993811526,0.0,0.0,116539.75221916162,116570.61438524612,115660.5296875,116530.38671875,114395.614453125,100224.63571875,19.04378096033947,19.78904578328987,21.658482559281463,116530.38671875,121953.62197196801,111107.15146553199,0.0930784734510007,44.16364143162848,347891690974.0,461619496905.65,66263866307.05,1.0261069164140508,-30.862166084509226,575.3628445806102,-606.2250106651194,2025,8,0.012794003430595335,-0.07352863306654911,-0.02694830804228321,0.2956372514433616
2025-08-21 00:00:00+00:00,114275.6875,114802.6484375,111986.234375,112419.03125,57817883700,0.0,0.0,115905.7951469829,116263.08970856122,114646.065625,116485.333984375,114586.14596354167,100268.81996875,18.181068765152848,18.379482119521278,21.131760283965246,116485.333984375,122034.3718452664,110936.2961234836,0.09527444650904697,40.29561227283234,290073807274.0,451910271660.65,64590033983.0,0.8951517770561567,-357.29456157832465,388.83136334882323,-746.1259249271479,2025,8,-0.01623902974513114,-0.05019067294009927,-0.0631389363642999,0.2887796529198621
2025-08-22 00:00:00+00:00,112433.734375,117377.3984375,111678.9453125,116874.0859375,82528088240,0.0,0.0,116054.76296090861,116308.34868848261,114530.2703125,116702.692578125,114774.41783854166,100319.12153125,17.536521990659278,21.980646377678546,18.29265359869544,116702.692578125,121930.11612082647,111475.26903542354,0.08958531165340573,51.318931026972535,372601895514.0,449170994127.65,65872895095.0,1.2528383354182377,-253.58572757399816,260.34794516425893,-513.9336727382571,2025,8,0.03962900798880531,-0.004465698351146741,-0.015838285703195898,0.32149532189785524
2025-08-23 00:00:00+00:00,116866.3671875,116996.25,114536.109375,115374.328125,55377142586,0.0,0.0,115950.08067846113,116239.1619800765,114354.6734375,116760.525390625,114929.89609375,100356.49996875,16.93801427148668,20.688357279902515,17.217189464984,116760.525390625,121896.99206051196,111624.05872073804,0.08798293177771835,48.09935874329173,317224752928.0,441257878674.05,66236771433.0,0.8360483367160375,-289.08130161536974,150.4620958083332,-439.5433974237029,2025,8,-0.012832252765613172,-0.018018546976828698,-0.025291226302716963,0.32429069104518754
2025-08-24 00:00:00+00:00,115387.390625,115615.0859375,111060.546875,113458.4296875,73961489632,0.0,0.0,115566.7497567748,116033.18181025602,114480.1234375,116679.852734375,115031.515625,100385.77128125,16.5626679704429,18.517770738363126,23.4170901745362,116679.852734375,121976.18289418616,111383.52257456385,0.09078397059462191,44.277782934472576,243263263296.0,427857537289.55,68145694465.3,1.0853435453601756,-466.4320534812141,27.083265950423737,-493.51531943163786,2025,8,-0.016605933647771742,-0.03401046109376671,-0.03551172503766087,0.32851296958634807
2025-08-25 00:00:00+00:00,113456.8984375,113637.84375,109324.28125,110124.3515625,85706860190,0.0,0.0,114729.45772688638,115595.49068079262,113650.0453125,116478.998046875,115084.25481770834,100426.10253125,16.801735965389458,16.727724264565623,25.044394293532868,116478.998046875,122443.22506757108,110514.77102617892,0.10240862508614437,38.53932423593948,157556403106.0,413223812009.85,69379078360.5,1.235341578691192,-866.0329539062368,-151.5399780209084,-714.4929758853284,2025,8,-0.029385900493979156,-0.052712593889261306,-0.06632632683155881,0.34265802879606355
2025-08-26 00:00:00+00:00,110124.1015625,112397.015625,108762.0390625,111802.65625,69396320317,0.0,0.0,114279.18057659616,115314.53998221538,113526.7703125,116317.730859375,115162.82526041666,100483.34934375,17.203710213100607,15.3786266898384,24.2720188367396,116317.730859375,122612.41790794455,110023.04381080547,0.10823263146664452,42.57390485824914,226952723423.0,399240946070.5,70029937700.85,0.9909521926671325,-1035.3594056192233,-328.3038635405714,-707.0555420786518,2025,8,0.015240086898922645,-0.009115595887135286,-0.06400948055081535,0.34413828772474353
2025-08-27 00:00:00+00:00,111795.7109375,112619.4140625,110398.265625,111222.0625,62137056409,0.0,0.0,113808.85471865829,115011.39350205127,112396.365625,116003.9890625,115227.73125,100537.213875,17.461321688683306,15.108200816318776,23.04876974676226,116003.9890625,122666.00038336126,109341.97774163874,0.11485831435110284,41.557568576136205,164815667014.0,378948644826.65,69934208037.25,0.8885073292873081,-1202.5387833929854,-503.15084751105417,-699.3879358819312,2025,8,-0.005193022862549412,-0.02671351191929372,-0.0568364961870127,0.3421802102928938
2025-08-28 00:00:00+00:00,111219.0546875,113450.078125,110900.921875,112544.8046875,58860155962,0.0,0.0,113614.38548309548,114828.68321949191,111830.4609375,115796.79296875,115297.05182291666,100598.4941875,17.264684572708646,16.133032764025764,21.697265072175654,115796.79296875,122624.82901462086,108968.75692287914,0.11793134975186295,44.79119484774044,223675822976.0,364585001639.2,69891565577.05,0.8421639360347604,-1214.297736396431,-645.3802252881295,-568.9175111083015,2025,8,0.01189280397942638,0.001118791330093405,-0.045600795281049766,0.34546452162099955
2025-08-29 00:00:00+00:00,112550.5234375,112619.0546875,107559.625,108410.8359375,77843379644,0.0,0.0,112813.8393991577,114353.28712452955,110820.9421875,115392.316796875,115318.31015625,100651.71778125,18.175751166147524,14.33625151658298,26.635949199078695,115392.316796875,122962.89973020887,107821.73386354114,0.13121467951216115,37.759439457201196,145832443332.0,349029405091.0,71083518937.8,1.0950974404083043,-1539.4477253718505,-824.1937253048739,-715.2540000669767,2025,8,-0.036731759955323295,-0.0724134005593493,-0.07994786238151086,0.3667605322274218
2025-08-30 00:00:00+00:00,108409.40625,108929.3515625,107444.4453125,108808.0703125,51486264208,0.0,0.0,112197.5672319796,113942.53032363848,110557.6859375,114867.382421875,115370.13997395833,100708.20509375,19.054832777930308,13.848754393066187,25.993969610717667,114867.382421875,122744.84567380117,106989.91916994881,0.1371575304640357,38.754410054159166,197318707540.0,332810348818.5,70420059213.5,0.7311306576994433,-1744.9630916588794,-1008.3475985756751,-736.6154930832043,2025,8,0.003664157476186425,-0.056912641826056154,-0.06004008895157942,0.3632984457276753
2025-08-31 00:00:00+00:00,108818.4609375,109491.0,108104.65625,108236.7109375,47986191770,0.0,0.0,111588.20472513659,113519.87703577636,109844.496875,114342.645703125,115359.76315104167,100746.4475625,19.55799506963,14.730251738555133,25.13462868270024,114342.645703125,122528.46629905778,106156.82510719223,0.14318053505926626,37.81796536925079,149332515770.0,318718422166.35,68292929593.15,0.7026524130078199,-1931.6723106397694,-1193.012540988494,-738.6597696512754,2025,8,-0.00525107534173741,-0.04602318897222746,-0.044858552285282016,0.3569248358501028
2025-09-01 00:00:00+00:00,108228.75,109890.5859375,107271.1796875,109250.59375,66870372995,0.0,0.0,111228.57226742327,113203.63382942256,109450.203125,113796.530078125,115353.14010416667,100786.25315625,20.29419568776023,13.80182824393533,25.55595209081698,113796.530078125,121799.93184130025,105793.12831494975,0.14066161345483305,40.56259607438632,216202888765.0,304329831264.75,67996265343.7,0.9834418501809039,-1975.0615619992896,-1349.4223451906532,-625.6392168086363,2025,9,0.009367272930950854,-0.007934283381492713,-0.029115881651924247,0.35823289755884624
2025-09-02 00:00:00+00:00,109243.0703125,111748.015625,108454.03125,111200.5859375,74776999491,0.0,0.0,111224.26667820431,113055.25991150238,109181.359375,113189.35625,115405.9109375,100847.8734375,19.967029807813876,17.151026006064573,23.546124738686956,113189.35625,119877.42793262357,106501.28456737642,0.11817492216939034,45.54129740374894,290979888256.0,289134849897.95,67189874878.5,1.1129206539857361,-1830.993233298068,-1445.7365228121362,-385.25671048593176,2025,9,0.017848801737061493,-0.005385116353172514,-0.026415228816797365,0.3599354658217837
2025-09-03 00:00:00+00:00,111190.6953125,112600.2265625,110582.9609375,111723.2109375,61119643565,0.0,0.0,111301.02733348057,112956.58961713183,109843.834375,112857.537890625,115464.11145833334,100918.10684375,19.24095803793992,18.38844305879153,22.38507334181861,112857.537890625,119109.86811424818,106605.20766700181,0.11080040093879383,46.826852234728484,352099531821.0,282198632079.15,65043075687.0,0.9396794803972628,-1655.562283651263,-1487.7016749799616,-167.8606086713014,2025,9,0.004699840343410866,0.004505836578061917,-0.029100695957642198,0.3592686757678238
2025-09-04 00:00:00+00:00,111718.1484375,112208.328125,109347.2265625,110723.6015625,60131132901,0.0,0.0,111212.19259948356,112791.18309456651,110226.940625,112523.800390625,115488.9703125,100980.34553125,19.042777690362445,17.100502700643325,23.8423262721085,112523.800390625,118460.1706956361,106587.43008561389,0.10551314982969061,44.65553426226277,291968398920.0,275689125273.25,64616364674.1,0.9305867515803191,-1578.9904950829514,-1505.9594390005595,-73.03105608239184,2025,9,-0.008947195185422974,-0.01618202750501796,-0.029943932641141147,0.35950067816793474
2025-09-05 00:00:00+00:00,110723.015625,113357.4921875,110233.3984375,110650.984375,60241647677,0.0,0.0,111125.85287263992,112632.64985608011,110709.7953125,112181.78203125,115528.155859375,101048.8285625,18.285592131857875,18.598304030687203,22.02805427392035,112181.78203125,117685.53544738586,106678.02861511413,0.0981220536254756,44.494126308123604,231726751243.0,263765689964.6,65226600939.05,0.9235748423145932,-1506.7969834401883,-1506.1269478884856,-0.6700355517027674,2025,9,-0.0006558419928113235,0.02066351041506098,-0.038051740663142875,0.35816020397687043
2025-09-06 00:00:00+00:00,110650.5703125,111275.015625,110024.0859375,110224.6953125,21500719036,0.0,0.0,110987.21324800301,112454.28285285195,110904.615625,111820.363671875,115549.39622395833,101119.1545,17.669695794234425,18.007424562091362,21.859813035580533,111820.363671875,116790.06151181292,106850.66583193709,0.08888717004213949,43.50011909048473,210226032207.0,253059827180.4,64009028414.6,0.3359013496773502,-1467.0696048489335,-1498.3154792805751,31.245874431641596,2025,9,-0.0038525555367432407,0.013019484638698398,-0.06189272416299818,0.348831607725633
2025-09-07 00:00:00+00:00,110221.328125,111591.078125,110211.625,111167.6171875,24618007520,0.0,0.0,111014.9677002333,112358.9742850481,110898.021875,111566.12890625,115546.747265625,101190.10815625,16.931546534428936,18.185750923486232,21.06503391257447,111566.12890625,116080.57846022422,107051.67935227578,0.08092867608174793,46.3549020875362,234844039727.0,247224255176.7,61600538386.1,0.3996394863580444,-1344.0065848147933,-1467.4537003874188,123.44711557262553,2025,9,0.008554542812086785,0.0270786706711037,-0.04731484812324882,0.3502468241291489
2025-09-08 00:00:00+00:00,111163.015625,112869.234375,110630.609375,112071.4296875,40212813407,0.0,0.0,111177.50031365894,112337.67468522972,110967.665625,111528.14140625,115481.484375,101260.71484375,15.846865900394604,20.510435521821098,19.806494799272105,111528.14140625,116010.44167520992,107045.84113729007,0.08037971784417698,49.01417165900661,275056853134.0,246982203861.0,60028299038.8,0.6698975991474949,-1160.1743715707853,-1405.9978346240923,245.82346305330702,2025,9,0.008130177859939192,0.025819868255864797,-0.03801644656943792,0.3518354032342177
2025-09-09 00:00:00+00:00,112077.578125,113225.4375,110776.703125,111530.546875,45984480722,0.0,0.0,111231.81516924986,112277.88744002752,111129.0546875,111390.931640625,115381.71028645833,101319.28953125,15.013462478035327,20.118287065545623,18.504170376946703,111390.931640625,115683.20092435805,107098.66235689195,0.07706676334445228,47.49675183498705,229072372412.0,241041237932.9,58927832498.6,0.7803524883270141,-1046.0722707776586,-1334.0127218548057,287.94045107714715,2025,9,-0.004826232823193166,0.002967258982659038,-0.06517829400511355,0.34001019697830726
2025-09-10 00:00:00+00:00,111531.25,114275.25,110940.078125,113955.359375,56377473784,0.0,0.0,111650.8219701345,112402.14462039585,111789.9296875,111467.748046875,115323.7125,101382.68125,14.738354491669996,21.117403684076816,16.87653859023943,111467.748046875,115890.49474552572,107045.00134822428,0.0793547331160013,54.32381025010972,285449846196.0,240810039879.0,58855812002.8,0.9578913596726505,-751.3226502613543,-1217.4747075361154,466.1520572747611,2025,9,0.02174124101370767,0.01997927215633566,-0.04022595635831261,0.34980746743765023
2025-09-11 00:00:00+00:00,113961.4296875,115522.546875,113453.8359375,115507.5390625,45685065332,0.0,0.0,112244.16306126765,112632.1738383295,112846.4984375,111399.420703125,115263.56953125,101451.7665,15.024104091647963,23.291492760475727,15.93996851431894,111399.420703125,115501.05886767549,107297.78253857451,0.07363841101976984,58.08134736096614,331134911528.0,238736690679.7,57013660857.4,0.8013003312708761,-388.0107770618488,-1051.581921441262,663.5711443794132,2025,9,0.013620945043858246,0.04320612256547318,-0.03882212166687948,0.3505556459994167
2025-09-12 00:00:00+00:00,115507.7890625,116769.3828125,114794.484375,116101.578125,54785725894,0.0,0.0,112837.61153261109,112889.16674845324,113833.290625,111435.783203125,115201.10078125,101522.91296875,15.777558090192063,25.44198542746586,15.079615269099186,111435.783203125,115695.63914424625,107175.92726200375,0.07645400460561916,59.456014464692345,385920637422.0,242171484904.4,56984090022.8,0.9614214401261754,-51.555215842148755,-851.5765803214393,800.0213644792906,2025,9,0.005142859655061782,0.04925933357743806,-0.058717738237298644,0.3371208768266577
2025-09-13 00:00:00+00:00,116093.5625,116334.6328125,115248.2734375,115950.5078125,34549454947,0.0,0.0,113316.51865259401,113115.93275319744,114609.10625,111560.387109375,115170.65611979166,101578.40265625,16.47719394598301,24.653697564808567,14.612392389655993,111560.387109375,116198.36277632826,106922.41144242176,0.08314735699879079,58.92677562358399,351371182475.0,247576880863.35,55013488288.55,0.6280178920083278,200.58589939656667,-641.1440843778382,841.7299837744049,2025,9,-0.0013011908618274504,0.05194673012038398,-0.02035382645547934,0.307100662732179
2025-09-14 00:00:00+00:00,115950.2890625,116181.5,115222.3984375,115407.65625,32798036057,0.0,0.0,113638.232129118,113285.6900492569,115384.528125,111824.55234375,115115.14192708333,101652.34246875,17.108738408559056,23.948220571938165,14.27145186940624,111824.55234375,116713.2073776424,106935.8973098576,0.08743437700272863,56.964557458005615,318573146418.0,255627718028.95,52368047081.9,0.6262986283545411,352.54207986110123,-442.40685153005035,794.9489313911515,2025,9,-0.004681752350561785,0.038140954801150206,-0.016956756939131346,0.30626802705047984
2025-09-15 00:00:00+00:00,115399.6328125,116747.8828125,114461.0625,115444.875,52937859416,0.0,0.0,113916.17718617676,113445.62967523787,115682.43125,112006.66328125,115051.05911458333,101733.947875,17.156710570242545,22.309015383738657,15.57339137639342,112006.66328125,117156.27690021924,106857.04966228077,0.09195191550414274,57.07010783431758,371511005834.0,262855632149.5,51545124036.85,1.0270197308702629,470.54751093889354,-259.8159790362616,730.3634899751551,2025,9,0.0003224981011604733,0.03010085016231634,-0.01741810384580833,0.3062485200341501
2025-09-16 00:00:00+00:00,115423.7578125,117005.2734375,114813.09375,116843.1875,45781744593,0.0,0.0,114366.4864652265,113697.30062522025,115949.5609375,112287.71953125,115031.72513020833,101831.38446875,17.327121607061795,21.61155916070007,14.545565665535632,112287.71953125,117853.77242425158,106721.66663824841,0.09913912075581048,60.94563052146835,417292750427.0,275479486320.15,50727358446.05,0.9025059848462283,669.1858400062483,-74.01561522775961,743.2014552340079,2025,9,0.012112382641498831,0.047633951180695355,-0.005192499769854919,0.30937486087838
2025-09-17 00:00:00+00:00,116840.5078125,117328.609375,114794.9765625,116468.5078125,60528025996,0.0,0.0,114689.87436480704,113902.57523168542,116022.946875,112483.9046875,115007.20065104167,101918.4526875,17.647291740028553,20.93976491814668,13.44140292487822,112483.9046875,118356.27735244467,106611.53202255534,0.1044126745290207,59.39829304813056,356764724431.0,282133931392.9,50810751947.75,1.1912444448419603,787.2991331216181,98.24733444211594,689.0517986795021,2025,9,-0.0032066883445814875,0.022053797656236718,0.0018597076294719628,0.3074318511400286
2025-09-18 00:00:00+00:00,116461.265625,117911.7890625,116188.796875,117137.203125,49457272032,0.0,0.0,115066.3864817598,114142.17729785686,116260.2859375,112920.223046875,115004.47421875,102008.735125,18.234400259299335,21.619532218672063,12.733498648194688,112920.223046875,118815.06354724134,107025.38254650867,0.10440717067870636,61.287362987718936,406221996463.0,295153409049.45,49391446567.15,1.0013327300458896,924.2091839029308,263.43970433427893,660.7694795686518,2025,9,0.005741425944741474,0.014108724640200299,0.038163417677862244,0.2886940776109081
2025-09-19 00:00:00+00:00,117137.671875,117479.7578125,115141.8203125,115688.859375,38828473971,0.0,0.0,115162.15154225829,114256.74634060821,116316.5265625,113264.2625,114975.29622395833,102093.5368125,17.959851632899564,20.07459445568834,15.023697687662423,113264.2625,118947.97367813296,107580.55132186704,0.10036195093987318,55.28728291547853,367393522492.0,303657149797.05,48758557055.3,0.7963417360149173,905.4052016500791,391.832803797439,513.57239785264,2025,9,-0.012364506846338497,-0.0035548074080065106,0.012374713435622908,0.2894889179291381
2025-09-20 00:00:00+00:00,115691.125,116191.1484375,115473.5234375,115721.9609375,22864449614,0.0,0.0,115248.27606460317,114365.2807551928,116371.94375,113638.525,114904.07200520833,102178.3585625,17.704913622671206,19.611338222177707,14.676999694856057,113638.525,118898.28843496501,108378.76156503498,0.09257007577254313,55.39476435564326,390257972106.0,315703422613.85,47502469947.5,0.4813318052570723,882.9953094103694,490.06530492002514,392.93000449034423,2025,9,0.0002861257573012477,-0.0019710726525629108,0.029380520813730104,0.28311564535378686
2025-09-21 00:00:00+00:00,115730.2265625,115901.0859375,115252.578125,115306.09375,22495852193,0.0,0.0,115257.17109312577,114434.97060666,116064.525,113941.3,114846.59088541666,102253.44675,17.289833492881446,19.180575162272486,15.10296256177496,113941.3,118820.96068664562,109061.63931335439,0.08565218558407905,53.64989803305644,367762119913.0,323281384171.25,45283743907.4,0.4967754485804311,822.2004864657647,556.4923412291731,265.7081452365916,2025,9,-0.003593675600818802,-0.0008800326018231219,-0.013416080861060165,0.24684693413688533
2025-09-22 00:00:00+00:00,115309.21875,115431.3125,112037.6484375,112748.5078125,70684158591,0.0,0.0,114871.22289610642,114310.04743672222,115320.525,114018.69609375,114752.93268229166,102302.4228125,17.24231486577826,17.067826811054413,23.874276555665187,114018.69609375,118762.53656553732,109274.85562196268,0.08321162465999041,44.38942407033027,297077961322.0,323586287824.55,45079101862.4,1.5680028144029396,561.1754593842052,557.4289648601796,3.746494524025593,2025,9,-0.02218083931492132,-0.023356317788035152,-0.022759138494441444,0.25481307858272134
2025-09-23 00:00:00+00:00,112757.4765625,113351.9140625,111535.5703125,112014.5,47211853279,0.0,0.0,114431.72706593621,114140.0068858539,114295.984375,114033.260546875,114659.24296875,102351.4531875,17.442975572773133,16.048894916863865,24.09922022617844,114033.260546875,118749.13327220405,109317.38782154594,0.08271047767489784,42.14126511879509,249866108043.0,318474616635.65,44383712348.1,1.063720242883673,291.7201800823095,504.2872079046056,-212.5670278222961,2025,9,-0.00651013327573835,-0.04132622195025282,-0.012726508655875435,0.24924397132110424
2025-09-24 00:00:00+00:00,112007.6640625,113986.2734375,111229.640625,113328.6328125,48044595085,0.0,0.0,114262.02025771525,114079.9051026425,113823.9390625,114163.512109375,114582.2640625,102386.9195625,17.1751217618599,16.667920550126745,21.956814039958424,114163.512109375,118631.89842301533,109695.12579573468,0.07828046336485094,47.288523238789345,297910703128.0,318771731846.05,43779385457.3,1.0974250685144964,182.1151550727518,439.8527973382349,-257.7376422654831,2025,9,0.011731809832655538,-0.02695900427482778,0.02909693636816968,0.2294186892034726
2025-09-25 00:00:00+00:00,113330.1640625,113541.0859375,108713.3984375,109049.2890625,75528654284,0.0,0.0,113460.06161229752,113707.26687744676,112489.4046875,114083.42734375,114408.94401041667,102405.4844375,18.063843855818817,14.274567845813324,26.288109821749618,114083.42734375,118863.42771971098,109303.42696778901,0.08379833052452298,36.043574774481314,222382048844.0,318304496726.1,44543735787.65,1.695606642515618,-247.2052651492413,302.44118484073965,-549.646449989981,2025,9,-0.03776048156409062,-0.06904650142507829,-0.0246270283716985,0.2604745488863292
2025-09-26 00:00:00+00:00,109041.296875,110359.1953125,108728.9765625,109712.828125,57738288949,0.0,0.0,112883.56415271328,113411.38252541366,111370.7515625,114057.833984375,114272.083203125,102439.9773125,18.88908580020924,13.566175079737011,24.983530444447563,114057.833984375,118929.43031441217,109186.23765433783,0.08542326572157306,38.486153697552204,280120337793.0,321799212005.4,46355614283.3,1.2455511558133034,-527.818372700378,136.38927333251613,-664.2076460328941,2025,9,0.0060847628462732395,-0.05165606508945664,-0.013569559321919611,0.26101778891165006
2025-09-27 00:00:00+00:00,109707.140625,109778.5,109144.296875,109681.9453125,26308042910,0.0,0.0,112391.0074080651,113135.12791704969,110757.4390625,113983.550390625,114134.746484375,102470.6384375,19.65538189142892,13.28986364946523,24.474674043157652,113983.550390625,119080.79069253342,108886.31008871656,0.08943817391965836,38.41262219982087,253812294883.0,322747624763.2,46440116052.8,0.5664939097070542,-744.1205089845898,-39.71268313090506,-704.4078258536848,2025,9,-0.0002814877077529365,-0.05219420390103946,-0.025437508048010038,0.25724958833528233
2025-09-28 00:00:00+00:00,109681.9453125,112375.484375,109236.9453125,112122.640625,33371048505,0.0,0.0,112349.72021067046,113060.12885837934,110779.0671875,113986.1109375,114039.60403645833,102494.5439375,18.58803459102327,20.090896149218104,22.07811930372492,113986.1109375,119079.35676945846,108892.86510554152,0.08936607785050513,47.02667520004544,287183343388.0,323353949275.9,46098027807.7,0.723914885127165,-710.4086477088713,-173.85187604649832,-536.556771662373,2025,9,0.02225248016477188,-0.0276087153893374,0.034238318110930255,0.23475855156294945
2025-09-29 00:00:00+00:00,112117.875,114473.5703125,111589.953125,114400.3828125,60000147466,0.0,0.0,112665.20676479809,113159.40692905494,110993.4171875,114129.602734375,114016.97369791666,102537.5331875,17.994967061349122,24.743001630260153,20.127981047854647,114129.602734375,119091.57402459481,109167.6314441552,0.0869532736702552,53.555378547652786,347183490854.0,329259505198.0,46798811144.9,1.2820870017450998,-494.20016425685026,-237.92153368856873,-256.2786305682815,2025,9,0.02031473906432546,0.014650969951168324,0.05139611872482175,0.24396530858104631
2025-09-30 00:00:00+00:00,114396.5234375,114836.6171875,112740.5625,114056.0859375,58986330258,0.0,0.0,112879.188175983,113225.82759634715,111994.7765625,114134.6390625,114029.24036458334,102577.91684375,17.61084992051982,24.262972070147285,18.82626241472622,114134.6390625,119096.07014494308,109173.20798005693,0.0869399706030734,52.50206115403671,288197160596.0,329396870918.0,46929253968.6,1.2569202633706322,-346.6394203641539,-259.66511102368577,-86.97430934046815,2025,9,-0.003009577997342028,0.0182260862432988,0.053765260876786236,0.24327988202066664
2025-10-01 00:00:00+00:00,114057.59375,118648.9296875,113981.3984375,118648.9296875,71328680132,0.0,0.0,113766.8407162164,113627.53886235849,113781.996875,114291.70859375,114131.27395833333,102633.234625,18.672208844364015,31.971832614181896,16.298512095266236,114291.70859375,119621.3790884868,108962.03809901318,0.09326434192494457,62.965903536442,359525840728.0,330816417378.0,48211434708.6,1.479497147577654,139.30185385790537,-179.87171804736755,319.1735719052729,2025,10,0.04026829179914837,0.046945743039204624,0.08602549070814547,0.2768911919998416
2025-10-02 00:00:00+00:00,118652.3828125,121086.40625,118383.15625,120681.2578125,71415163912,0.0,0.0,114830.59719256771,114150.03656236897,115981.859375,114520.692578125,114239.000390625,102697.1010625,20.31025070670494,36.468846120249,15.039079358672122,114520.692578125,120528.19016054823,108513.19499570178,0.10491549513333519,66.48442305760088,430941004640.0,333067435738.9,49042906609.5,1.456177230290146,680.5606301987427,-7.785248398145512,688.3458785968883,2025,10,0.017128920845327356,0.1066670755032002,0.0852573913623853,0.27641156113322896
2025-10-03 00:00:00+00:00,120656.984375,123944.703125,119344.3125,122266.53125,83941392228,0.0,0.0,115974.5870475573,114751.25839108237,118010.6375,114836.49375,114358.91119791666,102775.4371875,22.43986563431306,39.652329933049316,13.17347122217467,114836.49375,121755.37207005202,107917.61542994797,0.1204996442178822,68.96157647782795,514882396868.0,341242996458.55,51512503473.55,1.6295343182282176,1223.3286564749287,238.43753257646935,984.8911238984593,2025,10,0.013136036748664148,0.11442329342469493,0.09437000802275652,0.27868601123602144
2025-10-04 00:00:00+00:00,122267.46875,122857.640625,121577.5703125,122425.4296875,36769171735,0.0,0.0,116967.02437677927,115319.71552415035,119615.646875,115187.382421875,114496.97760416666,102856.78815625,24.417365209949164,38.231177542248794,12.7013297325284,115187.382421875,122895.0673305957,107479.69751315429,0.13382863203699225,69.20724801127663,551651568603.0,352896917567.8,51711060257.45,0.7110504319954004,1647.3088526289212,520.2117965869597,1127.0970560419614,2025,10,0.001299606980548873,0.11618579829790532,0.10568503878005342,0.27537706412664886
2025-10-05 00:00:00+00:00,122419.671875,125559.2109375,122191.9609375,123513.4765625,73689317763,0.0,0.0,117974.17086689014,115926.66078625033,121507.125,115590.8125,114638.40221354166,102945.51215625,26.744823898689994,42.10238519967734,11.530616110402956,115590.8125,124152.56780760411,107029.05719239589,0.1481390280495538,70.90541358547065,625340886366.0,365588411594.4,52748633174.8,1.3969900891802471,2047.5100806398113,825.6714533975301,1221.8386272422813,2025,10,0.008887425412982486,0.1015926477828617,0.11624381165836328,0.27559591307471115
2025-10-06 00:00:00+00:00,123510.453125,126198.0703125,123196.046875,124752.53125,72568881188,0.0,0.0,119016.99554121474,116580.4289687503,122727.8453125,115986.2796875,114759.32942708333,103029.7094375,29.0102236194426,40.40957441031004,10.593161052662289,115986.2796875,125472.37053158163,106500.18884341838,0.1635726375505767,72.74851508507922,697909767554.0,379619262450.75,54087990004.55,1.3416819737966847,2436.566572464435,1147.850477210911,1288.716095253524,2025,10,0.010031736794915869,0.0904905052150653,0.13180200586004687,0.27501529388554014
2025-10-07 00:00:00+00:00,124752.140625,125184.0234375,120681.96875,121451.3828125,76149412513,0.0,0.0,119391.516659874,116941.24036458362,122881.8703125,116235.4234375,114838.70703125,103096.57375,29.691120883596245,35.719452727809745,15.845055154613647,116235.4234375,126031.51797266919,106439.3289023308,0.1685560949573444,61.559509806018305,621760355041.0,392869043981.25,54869059330.4,1.3878388556737968,2450.2762952903868,1408.3356408268064,1041.9406544635804,2025,10,-0.026461574802715715,0.06483912554260751,0.09250684583492474,0.29452422626639724
2025-10-08 00:00:00+00:00,121448.3515625,124167.09375,121119.1796875,123354.8671875,65354305286,0.0,0.0,120001.26289489339,117416.32383294779,123099.5375,116546.306640625,114952.948828125,103180.373125,30.323382628881774,32.932668219604246,14.608844886415435,116546.306640625,126844.6639859729,106247.9492952771,0.17672558903309193,64.91078396317016,687114660327.0,406913677174.45,55663910993.1,1.174087557270297,2584.9390619455953,1643.6563250505642,941.2827368950311,2025,10,0.01567280940669602,0.03966270502729863,0.10068076700246209,0.2973175691509484
2025-10-09 00:00:00+00:00,123337.0703125,123739.34375,119812.03125,121705.5859375,74653009425,0.0,0.0,120263.46643990978,117734.04695180351,122955.56875,116847.14296875,114992.929296875,103264.57184375,30.213279587133556,29.715598327861255,16.43310593550781,116847.14296875,127388.68661065832,106305.5993268417,0.18043305765255344,60.0276101539644,612461650902.0,419167083594.95,57455137765.8,1.2993269588753293,2529.419488106272,1820.8089576617058,708.6105304445664,2025,10,-0.013370216251727518,0.008487880749399102,0.09123096180908963,0.30172490267713553
2025-10-10 00:00:00+00:00,121704.7421875,122509.6640625,104582.4140625,113214.3671875,153125018868,0.0,0.0,119178.98963184674,117399.25585815139,120895.746875,116721.76328125,114900.97799479167,103326.67340625,30.315502925188156,20.07517934094832,38.66230872739711,116721.76328125,127378.6740623778,106064.85250012219,0.18260366330226127,42.35932642649693,459336632034.0,422621016591.35,63968166228.5,2.3937690869709125,1779.7337736953486,1812.5939208684345,-32.86014717308581,2025,10,-0.06976852117831744,-0.07403632024197138,-0.006502477738335899,0.38708152037909166
2025-10-11 00:00:00+00:00,113236.4296875,113429.7265625,109760.5625,110807.8828125,110236934340,0.0,0.0,117891.12704425494,116911.00600291794,118106.8171875,116496.852734375,114744.89427083333,103364.28325,30.410424596238855,18.7354597029236,36.08217465368469,116496.852734375,127464.88731367482,105528.81815507519,0.18829752601657107,38.86768464181548,349099697694.0,421687895480.4,68355220335.85,1.6127068832251932,980.121041336999,1646.0993449621476,-665.9783036251486,2025,10,-0.02125599811033263,-0.09489488339681262,-0.040687008728123475,0.3907172672511345
2025-10-12 00:00:00+00:00,110811.515625,115805.0625,109715.5390625,115169.765625,93710414091,0.0,0.0,117472.45605667726,116782.02523418328,116850.49375,116617.915625,114608.65598958333,103433.47503125,29.762915368861375,20.89570510803773,32.23704827968316,116617.915625,127464.52472989343,105771.30652010656,0.1860196016497518,47.34058833158682,442810111785.0,428974503003.55,69506533110.85,1.3482245466271394,690.4308224939741,1454.9656404685131,-764.534817974539,2025,10,0.03936437283871608,-0.06755304092892189,-0.008025838365407711,0.41515458856957976
2025-10-13 00:00:00+00:00,115161.6796875,116020.484375,113821.1875,115271.078125,71582026739,0.0,0.0,117133.78252872691,116670.10322609564,115233.7359375,116780.74453125,114557.18098958333,103508.0975625,29.095931001703008,20.453916194700593,30.95406544983346,116780.74453125,127432.4030024029,106129.0860600971,0.1824214859034841,47.5225199234539,514392138524.0,442200804527.6,70725041783.85,1.0121171360742227,463.6793026312662,1256.7083729010637,-793.0290702697976,2025,10,0.000879679657679322,-0.07600209013795056,-0.005859652538984017,0.41514069955796545
2025-10-14 00:00:00+00:00,115264.8828125,115502.8828125,110029.484375,113118.6640625,92212917403,0.0,0.0,116516.07199546123,116407.03365842189,113516.3515625,116770.24609375,114485.85286458333,103574.19903125,29.19090651917512,18.48247596423411,34.647620283412685,116770.24609375,127436.6343995792,106103.8577879208,0.1826901742977504,44.04123865171193,422179221121.0,448414230427.25,72933457899.75,1.2643431431668906,109.03833703933924,1027.1743657287188,-918.1360286893796,2025,10,-0.01867262888064536,-0.06860950083099737,-0.019833971695443764,0.4199818520885006
2025-10-15 00:00:00+00:00,113113.96875,113622.3828125,110235.8359375,110783.1640625,72574132855,0.0,0.0,115634.08615962105,115990.45072539063,113030.1109375,116856.93984375,114374.04973958334,103631.21534375,29.27909807111351,17.36710512354322,32.55672372614235,116856.93984375,127284.61451238455,106429.26517511546,0.17846906966034604,40.56853509107852,349605088266.0,454775382398.35,72785731828.3,0.9970928509202991,-356.3645657695888,750.4665794290573,-1106.831145198646,2025,10,-0.02064646024028005,-0.10191493381360417,-0.04038040612456806,0.42583662830328745
2025-10-16 00:00:00+00:00,110782.171875,111990.8125,107537.03125,108186.0390625,87306423067,0.0,0.0,114488.23276006397,115412.3461577691,112505.7421875,116780.600390625,114219.59934895833,103678.0296875,29.828084607666515,15.999612258725449,34.76453245129416,116780.600390625,127448.08694006628,106113.11384118372,0.18269278482486126,37.06821673423925,262298665199.0,453884298768.65,74264138534.2,1.1756202224953272,-924.1133977051359,415.5505840022187,-1339.6639817073547,2025,10,-0.023443318504017374,-0.11108402930612205,-0.0740920255834342,0.42996056576747843
2025-10-17 00:00:00+00:00,108179.1328125,109235.8046875,103598.4296875,106467.7890625,99703051669,0.0,0.0,113254.31834505413,114749.78637293435,110765.346875,116619.892578125,114056.52395833333,103717.90046875,30.917362464671008,14.448790596083283,38.1668603831341,116619.892578125,127821.15343425205,105418.63172199795,0.19209863100539548,34.92143223854349,162595613530.0,449323464701.0,77933888972.15,1.2793285820065943,-1495.4680278802261,33.34686162572973,-1528.8148895059558,2025,10,-0.01588236351834038,-0.059591183456660146,-0.0858662907066684,0.43255693395904277
2025-10-18 00:00:00+00:00,106483.734375,107490.984375,106387.453125,107198.265625,37779905278,0.0,0.0,112322.61792658427,114190.41446567996,109150.784375,116373.673828125,113962.64205729167,103756.9433125,31.928834760460894,14.159461877396886,37.402590962970436,116373.673828125,128190.730799881,104556.616856369,0.2030881484279492,36.602418122886384,200375518808.0,444983073472.0,78154331810.8,0.48340129590589453,-1867.796539095696,-346.88181851855546,-1520.9147205771405,2025,10,0.006861009972426446,-0.032575454885352295,-0.08484868372172005,0.43285067502491154
2025-10-19 00:00:00+00:00,107204.3125,109488.9921875,106157.7890625,108666.7109375,47657008953,0.0,0.0,111760.17069749438,113781.25124137034,108260.39375,116086.990234375,113869.17486979166,103808.6204375,32.138601319813255,16.9598524825033,35.116604147155286,116086.990234375,128374.45169467176,103799.52877407824,0.21169403109666068,39.95982667222829,248032527761.0,440025525317.35,77537174885.15,0.6146343224858367,-2021.0805438759562,-681.7215635900357,-1339.3589802859206,2025,10,0.013698405510000455,-0.05646494678711389,-0.06069857093791575,0.4350674764831877
2025-10-20 00:00:00+00:00,108667.4453125,111711.03125,107485.015625,110588.9296875,63507793085,0.0,0.0,111579.97977287986,113544.78297812068,108221.546875,115913.632421875,113838.67317708333,103859.43271875,31.58437652064091,19.704922930118077,32.41033940707243,115913.632421875,128417.66257048806,103409.60227326193,0.21574736098518343,44.130766523181116,311540320846.0,441192683329.85,77763248026.5,0.8166813333640326,-1964.8032052408234,-938.3378919201932,-1026.4653133206302,2025,10,0.01768912239467313,-0.040618588059206595,-0.04435658718894586,0.44033640674845287
2025-10-21 00:00:00+00:00,110587.6328125,113996.34375,107534.75,108476.890625,101194375480,0.0,0.0,111102.5814424368,113169.38354455619,108279.7171875,115405.03046875,113698.719921875,103906.8448125,30.365312569293476,21.468659073058184,28.76069629662571,115405.03046875,128263.08889454394,102546.97204295607,0.2228335866048007,40.77872454954094,210345945366.0,433733688561.75,79256532793.9,1.276795387241422,-2066.8021021193854,-1164.0307339600317,-902.7713681593536,2025,10,-0.019098105646452646,-0.04103454965606157,-0.05922673210842333,0.4446741431566976
2025-10-22 00:00:00+00:00,108491.53125,109115.1328125,106778.0,107688.5859375,80807013218,0.0,0.0,110577.35136475421,112763.3985366261,108523.8765625,114755.396875,113570.62421875,103947.56328125,29.40122301675004,20.566554695821925,28.912753515389632,114755.396875,127802.52102582727,101708.27272417274,0.22739016213832888,39.5705844802582,129538932148.0,418663584937.15,79726125259.2,1.0135575127385896,-2186.047171871891,-1368.4340215424036,-817.6131503294873,2025,10,-0.007267028792566799,-0.027933649947515016,-0.044877949812112905,0.4390648153751125
2025-10-23 00:00:00+00:00,107679.4375,111288.59375,107548.4296875,110069.7265625,54944076060,0.0,0.0,110499.25524133048,112563.86727928344,109098.16875,114145.556640625,113514.14583333333,103997.52078125,27.8516639315824,23.10185837350814,26.960351009064453,114145.556640625,126850.14052397087,101440.97275727913,0.22260321395330146,44.8824734564807,184483008208.0,402143615504.15,78276259450.8,0.7019251615431971,-2064.6120379529602,-1507.6696248245148,-556.9424131284454,2025,10,0.022111355667553845,0.017411558056134924,-0.017361800815965833,0.44606052396288326
2025-10-24 00:00:00+00:00,110069.3515625,111842.53125,109770.1484375,111033.921875,48160816980,0.0,0.0,110581.51164651041,112450.53799007727,109571.6109375,113575.98125,113529.30533854167,104056.95634375,26.250756762196367,23.24236981594529,25.91607998750319,113575.98125,125726.94652300813,101425.01597699187,0.21397068533815777,46.91725875983004,232643825188.0,386193228333.4,78845841713.05,0.6108225358957486,-1869.0263435668603,-1579.9409685729838,-289.0853749938765,2025,10,0.008759859251149305,0.04288745781899861,-0.02024828925004818,0.4451697197935664
2025-10-25 00:00:00+00:00,111032.6171875,111947.703125,110704.40625,111641.7265625,24707667305,0.0,0.0,110744.62163358572,112390.62603247895,109782.1703125,112982.39375,113526.62317708334,104120.42971875,24.731906931032825,22.88144824018644,25.28335934260426,112982.39375,124214.4803234576,101750.30717654241,0.1988289714999527,48.21508296503783,257351492493.0,367793758639.75,76396759190.15,0.3234125055423243,-1646.0043988932302,-1593.1536546370332,-52.850744256197004,2025,10,0.005474045023684315,0.041450865940724,0.02377308024919067,0.4245886903474703
2025-10-26 00:00:00+00:00,111639.0546875,115260.90625,111268.484375,114472.4453125,41708524143,0.0,0.0,111318.1329688033,112544.83486803607,110981.28125,112468.389453125,113580.79622395833,104196.1613125,23.561482902436577,27.56100591526902,23.3149164291864,112468.389453125,122284.15561423653,102652.62329201346,0.17455155548755474,53.871590476144426,299060016636.0,347851271093.85,74853741337.9,0.557200260100855,-1226.7018992327648,-1519.8633035561797,293.1614043234149,2025,10,0.025355383127430242,0.05342698168475146,0.043382503840637465,0.43272166748716234
2025-10-27 00:00:00+00:00,114479.8515625,116273.3125,113882.2890625,114119.328125,61761358733,0.0,0.0,111749.08606975662,112661.46399818154,112267.4296875,112101.78671875,113607.03828125,104266.0961875,22.737277030260742,28.26772220594845,22.200169150502635,112101.78671875,121010.71172711748,103192.86171038251,0.15894349714012881,53.09250498176642,237298657903.0,328628186236.95,74134338648.9,0.8331005558099278,-912.3779284249176,-1398.3662285299274,485.9883001050098,2025,10,-0.0030847352525406047,0.031923615207020584,0.04045682085467428,0.43299097679413207
2025-10-28 00:00:00+00:00,114129.0859375,116078.984375,112291.6796875,112956.1640625,64528066504,0.0,0.0,111934.79037633253,112683.2936325755,112844.7171875,111581.8515625,113682.79375,104324.58509375,21.463373718352237,26.136080937106083,23.69313835279594,111581.8515625,118773.86434127294,104389.83878372706,0.12891008130913661,50.50168072267544,172770591399.0,302910982790.55,74093026709.8,0.8709060672704996,-748.5032562429697,-1268.3936340725359,519.8903778295662,2025,10,-0.01019252462848308,0.04129242100960151,0.007434033241223492,0.42825272017527305
2025-10-29 00:00:00+00:00,112921.328125,113642.7265625,109368.71875,110055.3046875,62192043469,0.0,0.0,111645.63873189676,112488.62778479213,112648.99375,110999.3375,113703.58098958334,104380.304125,20.417271688730665,23.941903566105086,27.445466339235647,110999.3375,116403.97239401207,105594.70260598791,0.09738139011887491,44.649809832401274,110578547930.0,277816827641.95,73469978412.0,0.8464960084817725,-842.9890528953692,-1183.3127178371026,340.32366494173334,2025,10,-0.025681284408657135,0.02197743362860738,-0.03798132504610141,0.4314973809067682
2025-10-30 00:00:00+00:00,110059.1953125,111612.3515625,106376.6875,108305.546875,69673964814,0.0,0.0,111131.77844622034,112178.76993962235,111981.7578125,110753.896484375,113704.72825520833,104427.21528125,20.175769986103756,21.55467556224177,30.406994454268975,110753.896484375,116180.79242133436,105327.00054741564,0.09799918755409176,41.52425781388862,40904583116.0,256895225196.05,69297425709.3,1.0054336665589796,-1046.9914934020053,-1156.0484729500831,109.05697954807783,2025,10,-0.015898895718551742,-0.01602783746808223,-0.0504185201099322,0.43456893217813186
2025-10-31 00:00:00+00:00,108304.4140625,111031.8203125,108288.2734375,109556.1640625,60090359560,0.0,0.0,110889.37623334028,111984.50283761328,110998.5015625,110691.310546875,113709.82109375,104480.34425,19.951518405093054,20.406448080998345,28.7871998740356,110691.310546875,116144.39284502943,105238.22824872057,0.09852773937201131,44.513921163323374,100994942676.0,244489987445.15,66790096970.3,0.8996896588834237,-1095.1266042729985,-1143.864099214666,48.73749494166759,2025,10,0.011547120379193476,-0.013309066162353833,-0.07663588410741429,0.41074368376062187
2025-11-01 00:00:00+00:00,109558.625,110574.8984375,109372.953125,110064.015625,25871668762,0.0,0.0,110762.39767821101,111842.24452556785,110187.4390625,110436.023046875,113690.87825520833,104554.927625,19.743284794154548,19.90614787776633,28.081430702923875,110436.023046875,115468.13071440604,105403.91537934395,0.09113163492667876,45.72737827009246,126866611438.0,228692812427.8,63398159703.85,0.40808233051012177,-1079.8468473568355,-1131.0606488431001,51.21380148626463,2025,11,0.004635536182247879,-0.014131910944755521,-0.08797755658128614,0.4055355877254264
2025-11-02 00:00:00+00:00,110064.4296875,111167.3125,109523.453125,110639.625,34284209459,0.0,0.0,110743.50957387085,111753.16159774801,109724.13125,110204.450390625,113672.81848958334,104642.5414375,19.32921007955862,20.468367871191063,27.1027494939095,110204.450390625,114697.04521551721,105711.8555657328,0.08153200363448096,47.13847198252274,161150820897.0,211030746546.45,61533268839.85,0.557165418080259,-1009.6520238771627,-1106.7789238499126,97.12689997274992,2025,11,0.005229768982454308,-0.03348247084297651,-0.09509475840306869,0.40254104699259013
2025-11-03 00:00:00+00:00,110646.90625,110764.9140625,105336.359375,106547.5234375,72852006359,0.0,0.0,110097.97324519842,111367.55877106296,109022.575,109875.893359375,113603.2171875,104731.3434375,19.97325964263626,18.211195555475506,32.6196614718233,109875.893359375,114431.80723032172,105319.97948842827,0.082928360928917,39.31294094971936,88298814538.0,194336726217.3,60565223287.65,1.2028686167471858,-1269.585525864546,-1139.3402442528393,-130.2452816117068,2025,11,-0.03698585893164408,-0.06634988841860567,-0.12969451110385755,0.4190770492882219
2025-11-04 00:00:00+00:00,106541.421875,107264.8828125,98962.0625,101590.5234375,110967184773,0.0,0.0,108789.13481324482,110643.33393153978,107679.5703125,109416.261328125,113452.20950520833,104798.888625,21.673136672587983,15.411817989604613,39.40674705166399,109416.261328125,115259.68589592761,103572.83676032237,0.10681089806713387,32.314610552657854,-22668370235.0,175723053292.25,62484875883.55,1.7759047001998387,-1854.1991182949569,-1282.3120190612628,-571.887099233694,2025,11,-0.046523840630681046,-0.10061992383798779,-0.17749442194598575,0.440988813105908
2025-11-05 00:00:00+00:00,101579.234375,104534.703125,98989.9140625,103891.8359375,77584934804,0.0,0.0,108035.70421697639,110143.22296901832,106546.7046875,109201.551171875,113346.66184895833,104876.9639375,23.251593914686012,13.877617851659826,35.48392387769468,109201.551171875,115530.68964784307,102872.41269590694,0.11591664052475736,37.84641071243076,54916564569.0,165353948260.75,61998801470.4,1.2513941070464283,-2107.5187520419277,-1447.353365657396,-660.1653863845318,2025,11,0.02265282648549194,-0.0560033772792784,-0.16721660958282158,0.4489719782750648
2025-11-06 00:00:00+00:00,103893.6640625,104147.3046875,100336.8671875,101301.2890625,63932752861,0.0,0.0,106999.64034705695,109488.26490186881,104794.159375,108943.226171875,113182.223046875,104938.0414375,24.717304210919895,12.925378933923417,33.04912752924963,108943.226171875,116108.66252016419,101777.7898235858,0.13154441262799754,34.43472718186345,-9016188292.0,156773358169.65,60210286530.0,1.0618244247873703,-2488.6245548118604,-1655.607603488289,-833.0169513235714,2025,11,-0.02493503798083263,-0.06467127506021375,-0.16591078078631905,0.448118981891337
2025-11-07 00:00:00+00:00,101286.2421875,104052.9140625,99257.0546875,103372.40625,92168030081,0.0,0.0,106441.6043321251,109035.23833506371,103340.715625,108751.933203125,113037.23932291666,104974.53765625,26.253287932107064,11.825541909804906,32.15280907925715,108751.933203125,116307.18662930427,101196.67977694572,0.1389447194849898,39.15701501359504,83151841789.0,150912174318.7,62929692770.15,1.4646191014731742,-2593.6340029386047,-1843.2128833783522,-750.4211195602525,2025,11,0.020445121741957006,-0.056443723321421446,-0.16199166999326065,0.4512896586765507
2025-11-08 00:00:00+00:00,103371.703125,103373.5625,101458.0390625,102282.1171875,51446691095,0.0,0.0,105801.68323295201,108535.00713894788,102487.634375,108432.703515625,112883.098828125,105039.4034375,27.679558530352292,11.407999810998318,31.017541749617966,108432.703515625,116523.65899442157,100341.74803682845,0.14923459835400424,37.620880646819806,31705150694.0,140095805465.35,63119176877.25,0.8150722750242786,-2733.3239059958723,-2021.2350879018563,-712.088818094016,2025,11,-0.010547196317199026,-0.07070338469217563,-0.15959389702930005,0.45078504446300316
2025-11-09 00:00:00+00:00,102278.984375,105418.3671875,101468.875,104719.640625,59679243013,0.0,0.0,105635.21513942092,108252.38739717397,103113.4578125,108139.2390625,112729.17018229167,105109.39321875,28.091940037999976,14.342620267450833,28.762549422304073,108139.2390625,116326.0964337271,99952.3816912729,0.15141326020419726,43.00424718119393,91384393707.0,129088009108.4,62927749373.65,0.9483772041272104,-2617.1722577530454,-2140.422521872094,-476.74973588095145,2025,11,0.02383137448193029,-0.053506909256064494,-0.07503223109865076,0.3979791688036972
2025-11-10 00:00:00+00:00,104723.7734375,106564.6953125,104350.6484375,105996.59375,69585887229,0.0,0.0,105690.81184874078,108085.29157145738,103534.409375,108015.22421875,112570.65442708334,105170.88534375,27.99750295143429,15.91647026245939,27.553231551756337,108015.22421875,116255.51466340106,99774.93377409893,0.15257646325786475,45.65044055493197,160970280936.0,126619225886.9,61347324961.1,1.1342937491263723,-2394.479722716598,-2191.233962040995,-203.24576067560338,2025,11,0.012194017448672767,-0.005170741371789522,-0.043420097382794176,0.39510996238486523
2025-11-11 00:00:00+00:00,105996.859375,107428.2578125,102457.328125,102997.46875,71130078574,0.0,0.0,105276.45137201142,107708.41580690499,103873.6453125,107780.668359375,112352.25260416667,105223.0283125,28.33762368217798,14.447720171769236,28.52535185231172,107780.668359375,116321.68006774622,99239.6566510038,0.15848875013268174,40.853022437238806,89840202362.0,124634289397.6,60863478228.9,1.168682445431209,-2431.964434893569,-2239.3800566115096,-192.58437828205933,2025,11,-0.028294541304540788,0.013849178692002528,-0.10569003773641217,0.37762403274882156
2025-11-12 00:00:00+00:00,103011.4375,105297.234375,100836.6171875,101663.1875,64347179408,0.0,0.0,104720.56462247121,107260.62111750462,103531.8015625,107360.34140625,112114.13059895833,105282.710375,28.990188903872525,13.264828934730321,29.164658526634273,107360.34140625,116247.43997273031,98473.24283976968,0.16555645129427563,38.894672852388766,25493022954.0,116684790134.9,61333633396.3,1.0491336619865372,-2540.0564950334083,-2299.5153442958895,-240.54115073751882,2025,11,-0.012954505253314763,-0.021451622424313754,-0.1180512132474687,0.3786741128852558
2025-11-13 00:00:00+00:00,101674.1484375,104005.4921875,97988.71875,99697.4921875,101546815416,0.0,0.0,103947.78424786025,106700.38934491169,103014.8765625,106793.519921875,111852.29453125,105336.88196875,30.119287367699535,11.854901297075882,31.095746847108995,106793.519921875,116128.86088996683,97458.17895378318,0.1748297270269041,36.14566636004172,-76053792462.0,101249909252.4,64002933318.1,1.5865962722568312,-2752.6050970514334,-2390.133294846998,-362.47180220443533,2025,11,-0.01933536967351135,-0.015831949325052497,-0.11864683857638714,0.379004508461295
2025-11-14 00:00:00+00:00,99694.703125,99804.4296875,94000.734375,94397.7890625,114346441890,0.0,0.0,102478.55421934329,105789.08562028859,100950.50625,105931.323046875,111501.509765625,105392.06896875,31.7596857198354,10.67611753229642,34.83634821018526,105931.323046875,116486.81225578979,95375.8338379602,0.19928929244552054,29.991092916681794,-190400234352.0,78862322910.15,68484872047.35,1.669659860223461,-3310.5314009452995,-2574.2129160666586,-736.3184848786409,2025,11,-0.053157837862490065,-0.08681830590066197,-0.1479049198374217,0.4124559944100649
2025-11-15 00:00:00+00:00,94420.46875,96728.46875,94420.46875,95549.1484375,38500716654,0.0,0.0,101412.49179136741,105030.57175489684,98861.0171875,104985.158203125,111146.60911458333,105460.1375625,33.28291276110442,10.235941230592879,33.4000456522911,104985.158203125,115708.19190504993,94262.12450120007,0.204277135653366,32.67318589912438,-151899517698.0,56314346193.45,68324481672.9,0.5634981153361723,-3618.0799635294243,-2782.9863255592118,-835.0936379702125,2025,11,0.012196889211437911,-0.0658274284414484,-0.11680703660570801,0.41123178282655665
2025-11-16 00:00:00+00:00,95556.8671875,96564.1875,92971.1640625,94177.078125,71086235862,0.0,0.0,100299.3512273109,104226.60926379336,97096.9390625,103988.045703125,110775.08528645833,105505.39703125,34.89675834585798,9.580175215913354,33.844438436394476,103988.045703125,114842.76346454381,93133.32794170619,0.20876856927204682,31.142036088462703,-222985753560.0,33300125620.3,68790725529.35,1.0333694740822381,-3927.258036482468,-3011.8406677438634,-915.4173687386046,2025,11,-0.01435983820826503,-0.10067416615525648,-0.1154406515409554,0.4107076232299144
2025-11-17 00:00:00+00:00,94180.875,95928.3671875,91214.7578125,92093.875,94186165724,0.0,0.0,99036.97026926307,103327.88820721608,95183.0765625,102944.93125,110357.696484375,105538.88309375,36.62246722506336,8.7850364764688,34.12812760540746,102944.93125,114174.12870495499,91715.733795045,0.2181593074783853,28.925631765559046,-317171919284.0,8803000086.15,70273630490.35,1.340277499067501,-4290.917937953011,-3267.656121785693,-1023.2618161673176,2025,11,-0.02212006537551514,-0.13116193887126681,-0.14090144590433995,0.41362102992194827
2025-11-18 00:00:00+00:00,92094.53125,93745.078125,89300.4609375,92948.875,101333569062,0.0,0.0,98100.34022783798,102559.07241408897,93833.353125,102089.609765625,109978.69674479167,105586.41178125,38.453002464271265,8.102169310850401,34.82318618037866,102089.609765625,113639.80130508068,90539.41822616933,0.22627555470086205,31.09325065671611,-215838350222.0,-7517844821.45,72230706770.0,1.402915374823488,-4458.732186250985,-3505.8713346787517,-952.8608515722335,2025,11,0.009284005043766586,-0.09756156022038165,-0.14464260307409293,0.4114141500353406
2025-11-19 00:00:00+00:00,92946.1640625,92946.1640625,88526.828125,91465.9921875,80350354656,0.0,0.0,97079.67129855521,101737.36276767496,93246.99375,101247.63203125,109574.43059895834,105616.39934375,40.24130822038807,7.4792598224034865,33.49095630688747,101247.63203125,113332.6618139881,89162.6022485119,0.2387222207628138,29.417530360854258,-296188704878.0,-24372509221.15,72764526262.1,1.1042517389115627,-4657.691469119745,-3736.235361566951,-921.4561075527945,2025,11,-0.015953746750565823,-0.10030371428694385,-0.17291909374688064,0.40477764625229645
2025-11-20 00:00:00+00:00,91459.3515625,93025.0703125,86040.796875,86631.8984375,97970645638,0.0,0.0,95472.32162762365,100618.4394839583,91463.54375,100101.41875,109096.52734375,105625.5545,42.16793921761952,6.614310283585008,33.734246830443894,100101.41875,113176.42185381615,87026.41564618384,0.26123512068236604,24.737178668192783,-394159350516.0,-49130223880.75,74658540566.0,1.3122496755932636,-5146.1178563346475,-4018.2118605204905,-1127.905995814157,2025,11,-0.05285126891851111,-0.1310523811915718,-0.20137922521228235,0.4344642848927964
2025-11-21 00:00:00+00:00,86528.7734375,87380.8046875,80659.8125,85090.6875,129157506112,0.0,0.0,93875.14714645078,99468.23563329472,89646.265625,98852.75234375,108635.563671875,105635.5985,44.406872372499315,5.906438389285977,38.69233945893516,98852.75234375,112670.55142637365,85034.95326112636,0.2795632646539514,23.45586508544541,-523316856628.0,-81639397284.05,79822832433.5,1.6180521559367174,-5593.088486843946,-4333.187185785182,-1259.9013010587641,2025,11,-0.017790340109098413,-0.09859448674521232,-0.20984488040928784,0.43602814620892716
2025-11-22 00:00:00+00:00,85098.5625,85503.0078125,83490.8984375,84648.359375,40793099246,0.0,0.0,92455.64133545835,98370.4670215692,88157.1625,97553.1890625,108179.461328125,105637.8891875,46.48588173060199,5.709438324812947,37.40181666573219,97553.1890625,111590.59835056719,83515.7797744328,0.2877898595211226,23.086269998023624,-564109955874.0,-117902436122.6,80148276922.85,0.5089703835463245,-5914.825686110853,-4649.514885850316,-1265.3108002605368,2025,11,-0.0051983141515926645,-0.11408567465810915,-0.2309569395819766,0.4228399859638831
2025-11-23 00:00:00+00:00,84648.609375,88038.46875,84641.7734375,86805.0078125,58083435576,0.0,0.0,91586.31310115707,97513.76633941593,86928.3890625,96566.06328125,107737.40091145833,105654.23521875,47.238821212908405,9.650442747758232,35.26357531746584,96566.06328125,110716.52606629349,82415.6004962065,0.2930732040681843,28.963538590931847,-506026520298.0,-147618702864.4,79409848383.7,0.7314386912734926,-5927.453238258866,-4905.102556332026,-1022.3506819268396,2025,11,0.025477734635657168,-0.07827881751348398,-0.2182118189950678,0.435255265809104
2025-11-24 00:00:00+00:00,86798.7734375,89206.3359375,85272.1953125,88270.5625,74433896110,0.0,0.0,91076.19762405599,96829.08457353327,86289.303125,95900.065234375,107391.08880208334,105659.9005625,47.43314462993053,10.984015814770276,32.916355609305555,95900.065234375,110306.33690427394,81493.79356447606,0.30044341752408044,32.72562440686659,-431592624188.0,-168064915562.05,77583183950.55,0.9594075973659795,-5752.886949477281,-5074.659434961077,-678.2275145162039,2025,11,0.01688329653360121,-0.04151538308057945,-0.2093407615782098,0.4414488429346116
2025-11-25 00:00:00+00:00,88269.9609375,88457.3359375,86131.4296875,87341.890625,64837343545,0.0,0.0,90501.68885497045,96126.32946623451,86431.3015625,95072.56796875,107018.23984375,105672.59934375,47.61358780287965,10.537445597846554,31.57809605900343,95072.56796875,109447.2318674941,80697.90407000588,0.3023935127842347,31.584161818354602,-496429967733.0,-195632242177.15,76945804387.6,0.84263650319898,-5624.640611264069,-5184.655670221675,-439.984941042394,2025,11,-0.010520742688141405,-0.06032331617784503,-0.23700511169684457,0.4252426939294577
2025-11-26 00:00:00+00:00,87345.5859375,90581.15625,86316.8984375,90518.3671875,66496301869,0.0,0.0,90504.25475228268,95710.92485299493,87516.8375,94533.421875,106698.846875,105698.49984375,46.852483273689785,13.455322580450668,29.23161352719693,94533.421875,108732.21558612703,80334.62816387297,0.3003973288918254,39.37355917663016,-429933665864.0,-216678116055.75,77073981838.0,0.8627593940685071,-5206.6701007122465,-5189.058556319789,-17.61154439245729,2025,11,0.03636830551491177,-0.010360408030751223,-0.2068094977885675,0.45318797118275894
2025-11-27 00:00:00+00:00,90517.765625,91897.578125,90089.515625,91285.375,57040622845,0.0,0.0,90624.42709808535,95383.10634536568,88844.240625,93929.0703125,106351.55911458333,105728.31140625,45.610564271545265,15.403095336006755,28.272328575244966,93929.0703125,107561.42058321692,80296.72004178308,0.2902690343971763,41.11687812292252,-372893043019.0,-239480360296.15,75317611476.2,0.7573344630428775,-4758.679247280335,-5102.982694511898,344.30344723156304,2025,11,0.008473504729832548,0.05371550948819648,-0.1918513189816653,0.4564154141379063
2025-11-28 00:00:00+00:00,91285.3828125,92969.0859375,90257.1171875,90919.265625,60895830289,0.0,0.0,90669.78687145683,95052.45147719045,89667.0921875,93360.927734375,105960.20716145834,105747.77096875,44.034189961560024,16.616668682778247,26.849081804310938,93360.927734375,106464.3578873105,80257.4975814395,0.28070479741196674,40.51797272051753,-433788873308.0,-262755061496.25,75790068435.9,0.8034803444003101,-4382.664605733618,-4958.919076756243,576.2544710226248,2025,11,-0.004010602738938163,0.0684984255768295,-0.17387657157314163,0.45136116591119557
2025-11-29 00:00:00+00:00,90918.7421875,91187.6171875,90260.1875,90851.7578125,37921773455,0.0,0.0,90697.7824008481,94741.28898350967,90183.33125,92667.53359375,105573.468359375,105761.18234375,42.57041381657373,16.314210262659916,26.360371881811485,92667.53359375,104660.813333945,80674.25385355501,0.25884534259372766,40.40111448824899,-471710646763.0,-290909813519.75,74702194958.0,0.5076393468267011,-4043.5065826615755,-4775.83657793731,732.3299952757343,2025,11,-0.0007425028351905061,0.07328433159606051,-0.16115323329325093,0.4503036091271498
2025-11-30 00:00:00+00:00,90838.2109375,91965.046875,90394.3125,90394.3125,38497902869,0.0,0.0,90651.09472379455,94419.29072547192,90793.815625,91887.41953125,105102.55807291667,105772.87278125,40.88400849780728,17.380380088485133,25.51334808698141,91887.41953125,102132.48237694512,81642.35668555487,0.2229916325424914,39.56833652040507,-510208549632.0,-324468755048.15,73147795740.0,0.5263029798715846,-3768.1960016773664,-4574.3084626853215,806.1124610079551,2025,11,-0.005035073877646679,0.041349050912511176,-0.1749043673304268,0.44606546894931515
2025-12-01 00:00:00+00:00,90389.109375,90398.15625,83862.25,86321.5703125,87962894424,0.0,0.0,89985.01404513385,93819.45958377028,89954.45625,91053.624609375,104529.89661458334,105770.55553125,40.77220865844806,15.19277496260404,34.88130944337152,91053.624609375,100140.42753080223,81966.82168794775,0.19959233826023112,33.03867180028212,-598171444056.0,-358869337369.05,73989436532.5,1.188857471368391,-3834.445538636428,-4426.335877875543,591.8903392391148,2025,12,-0.045055292472078956,-0.022079752663862307,-0.21571487445445459,0.4642852486672952
2025-12-02 00:00:00+00:00,86322.5390625,92316.6328125,86202.1953125,91350.203125,78546798211,0.0,0.0,90195.04313434403,93636.55169793544,89967.421875,90537.975390625,104014.62447916667,105787.2479375,39.93589322195835,17.014006030455764,30.95587181188796,90537.975390625,98138.73285399922,82937.21792725078,0.16790208596074394,45.0878909355579,-519624645845.0,-386125220809.0,74699417472.65,1.0515048292010933,-3441.5085635914147,-4229.370415018717,787.8618514273021,2025,12,0.05825464938016567,0.04589221130109933,-0.1743446064192643,0.5168473100313723
2025-12-03 00:00:00+00:00,91345.09375,94060.7734375,91056.390625,93527.8046875,77650204986,0.0,0.0,90707.77568098341,93628.49636382911,90489.1296875,90229.491015625,103532.99739583333,105823.9465625,38.53960129080919,19.320521503658732,29.216067121863187,90229.491015625,96678.54269068007,83780.43934056992,0.14294775693544132,49.33917639449438,-441974440859.0,-404421253228.85,73504586951.15,1.0563994467121502,-2920.7206828456983,-3967.6404685841135,1046.9197857384152,2025,12,0.023837949867722363,0.033246705541718935,-0.12219635266921314,0.5145056853971043
2025-12-04 00:00:00+00:00,93454.2578125,94038.2421875,90976.1015625,92141.625,64538402681,0.0,0.0,90928.36788390903,93518.35774428622,90747.103125,90116.6828125,103010.133203125,105862.12271875,37.26193226706091,18.19790019266198,27.67081503354754,90116.6828125,96333.48186385729,83899.88376114272,0.1379722124102633,46.85254656928369,-506512843540.0,-420226883688.25,71014184990.7,0.9088100171740608,-2589.989860377187,-3692.110346942728,1102.120486565541,2025,12,-0.014821043775501641,0.009379925316623794,-0.0930096441851006,0.4929454390676757
2025-12-05 00:00:00+00:00,92133.6484375,92702.640625,88152.140625,89387.7578125,63256398633,0.0,0.0,90691.35094984609,93212.3873789687,90545.7921875,89808.61328125,102420.7203125,105890.33565625,36.70889541316101,16.649659543625624,30.59642915915452,89808.61328125,95478.5212315039,84138.7053309961,0.12626646249391857,42.29229653235195,-569769242173.0,-441120369912.0,72251969089.65,0.8754972276881711,-2521.036429122614,-3457.8955633787054,936.8591342560912,2025,12,-0.029887330373216225,-0.016844700647019817,-0.13960748690325842,0.4926978198952054
2025-12-06 00:00:00+00:00,89389.359375,90267.4609375,88951.6640625,89272.375,37994042405,0.0,0.0,90473.04695756207,92920.5346101562,91135.953125,89563.378125,101884.403515625,105917.2295,36.19536119168254,16.21994410661052,29.80675788132581,89563.378125,94848.98076547343,84277.77548452657,0.11803044394097165,42.10737120496177,-607763284578.0,-460359246462.9,70597359416.8,0.5381793698640601,-2447.4876525941363,-3255.813981221792,808.3263286276556,2025,12,-0.0012908122468182626,-0.017384174511620665,-0.11874393873782296,0.48733557132763705
2025-12-07 00:00:00+00:00,89277.8125,91740.84375,87799.5625,90405.640625,47394898960,0.0,0.0,90462.67675255252,92734.2461668113,90947.040625,89478.96640625,101335.24973958333,105938.175375,35.13254904138978,17.846480372602517,27.51592710835743,89478.96640625,94647.0274794171,84310.90533308289,0.11551454561294802,44.66653606715114,-560368385618.0,-472519069779.6,68257796078.6,0.6943514394373937,-2271.5694142587745,-3058.9650678291887,787.3956535704142,2025,12,0.012694471554050235,0.00012531900167944698,-0.12543739761305983,0.48319678192036924
2025-12-08 00:00:00+00:00,90424.5859375,92267.1171875,89644.890625,90640.203125,57394099056,0.0,0.0,90489.98850215983,92579.13186741786,90369.5203125,89363.5328125,100817.493359375,105970.79334375,33.939552624179136,17.962518594749195,26.079777704296923,89363.5328125,94303.3552947697,84423.71033023029,0.11055566687665096,45.20643947073876,-502974286562.0,-486875866596.6,66060822578.3,0.8688069087842861,-2089.143365258031,-2865.000727314957,775.8573620569264,2025,12,0.0025945560296725123,0.050029590482028485,-0.11382159836561112,0.48318046180031105
2025-12-09 00:00:00+00:00,90639.703125,94601.5703125,89586.9765625,92691.7109375,66861721440,0.0,0.0,90828.7150306737,92587.47105779432,90479.5375,89424.81875,100475.44908854166,106009.148875,31.968702268013327,20.7374381551758,23.548557086004397,89424.81875,94502.94696148025,84346.69053851976,0.1135731284102881,49.81826779457337,-436112565122.0,-493872059608.8,65386390917.5,1.0225632658692154,-1758.7560271206166,-2643.751787276089,884.9957601554725,2025,12,0.022633530616329445,0.014685329277969172,-0.11485839347531657,0.48233845244665996
2025-12-10 00:00:00+00:00,92695.234375,94477.15625,91640.1328125,92020.9453125,65420694513,0.0,0.0,91012.1350740316,92545.50618777251,91006.175,89694.27109375,100162.33346354167,106041.8574375,30.138626937287935,19.579615293845965,22.23378244790854,89694.27109375,94720.04596615773,84668.49622134226,0.11206456802920474,48.38432892195147,-501533259635.0,-499240755064.75,63758893361.25,1.0260638330457594,-1533.3711137409118,-2421.6756525690535,888.3045388281416,2025,12,-0.007236522211271801,-0.01611135191331392,-0.1318499769007907,0.4790048486388523
2025-12-11 00:00:00+00:00,92011.3046875,93554.265625,89335.296875,92511.3359375,64532834621,0.0,0.0,91242.78136071905,92542.9750581227,91653.9671875,90065.303515625,99784.69296875,106077.88359375,29.13901516851948,17.97257967563842,24.892791916877297,90065.303515625,94743.74305171847,85386.86397953152,0.10388994104220906,49.52812215540347,-437000425014.0,-494924933484.05,60527659786.7,1.0661709844460248,-1300.1936974036507,-2197.379261535973,897.1855641323223,2025,12,0.005329119618741718,0.0040124204180249645,-0.10180961668050703,0.4722015050978817
2025-12-12 00:00:00+00:00,92513.6640625,92747.9296875,89532.6015625,90270.4140625,80275884583,0.0,0.0,91093.18639176227,92374.63720659509,91626.921875,90346.40625,99368.015234375,106126.1073125,28.210804240377346,16.8382923781037,23.321755472411738,90346.40625,94268.9576460476,86423.8548539524,0.08683358993147765,44.6580546001637,-517276309597.0,-492583251170.2,62501799053.55,1.2843771827147183,-1281.4508148328168,-2014.1935721953419,732.742757362525,2025,12,-0.024223213861206738,0.009874464597841914,-0.11206390157204149,0.47672268321822986
2025-12-13 00:00:00+00:00,90257.796875,90647.5703125,89800.9921875,90298.7109375,64237748110,0.0,0.0,90970.95939879885,92220.86489036582,91558.6234375,90521.09140625,98987.68268229166,106170.3608125,27.348894092816792,16.54226354518237,22.911742871421843,90521.09140625,94073.28624392847,86968.89656857152,0.07848325252148278,44.731956169412626,-453038561487.0,-489933853229.65,62809514680.25,1.0227391253860316,-1249.9054915669694,-1861.3359560696674,611.430464502698,2025,12,0.00031346787642294593,0.011496680104007506,-0.09427299567700076,0.4735025717401844
2025-12-14 00:00:00+00:00,90296.4375,90498.109375,87634.9375,88175.1796875,50465972205,0.0,0.0,90540.83944321441,91921.18450496836,90655.3171875,90516.322265625,98610.88294270834,106217.97371875,27.203550859426173,15.546764070989875,26.08562368855422,90516.322265625,94081.47186234442,86951.17266890558,0.07877362905349375,40.37469712675575,-503504533692.0,-493529448704.85,61611118485.0,0.819104951280613,-1380.3450617539493,-1765.1377772065239,384.7927154525746,2025,12,-0.023516739363752315,-0.0246717010363533,-0.06591901607865058,0.4443730682281613
2025-12-15 00:00:00+00:00,88171.078125,89983.921875,85304.078125,86419.78125,45559514323,0.0,0.0,89906.8304904122,91513.67315274848,89535.084375,90470.216796875,98248.11197916667,106233.35703125,27.668601621635133,14.057651626166637,28.357661081267405,90470.216796875,94226.92316759027,86713.51042615973,0.08304846619633685,37.15295630240303,-549064048015.0,-496161152718.95,60647227023.9,0.7512217220590448,-1606.8426623362757,-1733.4787542324743,126.63609189619865,2025,12,-0.019908078936967,-0.04656236117630608,-0.09554629566868034,0.44556400404695606
2025-12-16 00:00:00+00:00,86424.40625,88170.09375,85381.6875,87843.984375,41262178223,0.0,0.0,89589.46954957956,91241.84435439674,88601.6140625,90336.49765625,97937.715234375,106266.22840625,28.10043447225774,13.243686577021412,26.715697998849514,90336.49765625,94272.11544877858,86400.8798637214,0.08713239708505126,41.249113871271426,-507801869792.0,-500054562915.35,59385520841.6,0.6948188319011178,-1652.3748048171838,-1717.2579643494164,64.88315953223264,2025,12,0.01648005936140917,-0.05229946144557318,-0.0672466578501636,0.4487111421011303
2025-12-17 00:00:00+00:00,87847.6171875,90264.5703125,85316.265625,86143.7578125,44243392914,0.0,0.0,89059.36005156732,90864.20831425625,87776.2828125,90079.416796875,97586.80677083334,106277.18409375,27.49936661724857,16.141326147131966,24.053963700716068,90079.416796875,94406.32289977818,85752.51069397181,0.09606869708448856,38.0599315377999,-552045262706.0,-509012173899.7,58745659345.05,0.7531346725403298,-1804.8482626889308,-1734.7760240173195,-70.07223867161133,2025,12,-0.01935507109105894,-0.06386793224130949,-0.06460926079503115,0.4472559482374215
2025-12-18 00:00:00+00:00,86144.3671875,89412.6640625,84436.3125,85462.5078125,52667115348,0.0,0.0,88505.99816863389,90464.08235116319,86809.0421875,89806.57890625,97200.07005208333,106277.8856875,27.201209580226653,14.569246415138458,23.43343596162557,89806.57890625,94576.03755887132,85037.12025362867,0.10621624185462428,36.831178119513794,-604712378054.0,-517558349137.0,58334223598.0,0.902851055513246,-1958.0841825293028,-1779.4376557197163,-178.64652680958648,2025,12,-0.007908292107279613,-0.07619420964542267,-0.08054284882415197,0.4458344577644801
2025-12-19 00:00:00+00:00,85476.1328125,89339.1171875,85107.6640625,88103.3828125,46733310561,0.0,0.0,88444.05734461329,90289.21571866963,86794.6828125,89669.16015625,96825.3109375,106295.5593125,26.924349474420588,13.37626574355904,21.514624557497932,89669.16015625,94470.09306923617,84868.22724326383,0.10708102773842126,44.33381927320146,-557979067493.0,-521871770173.5,58774800453.3,0.7951249549223453,-1845.1583740563365,-1792.5817993870405,-52.57657466929595,2025,12,0.03090097713717843,-0.02400599656604685,-0.036763493125476,0.457873976400929
2025-12-20 00:00:00+00:00,88101.671875,88497.203125,87924.875,88344.0,14688196659,0.0,0.0,88428.66390698047,90145.12566543484,87179.5265625,89566.64453125,96489.76276041666,106310.76575,26.66726509045781,13.218605498398805,21.261041005309693,89566.64453125,94389.88998626765,84743.39907623235,0.10770182315660619,44.97507950199881,-543290870834.0,-523525886233.6,57584315142.8,0.25507287223223185,-1716.461758454374,-1777.3577912005073,60.896032746133415,2025,12,0.002731077738661547,-0.02164716325632765,0.019762946367095857,0.4179084110370298
2025-12-21 00:00:00+00:00,88344.703125,89027.953125,87613.203125,88621.75,19845522660,0.0,0.0,88458.3694597527,90032.28302355077,87335.0796875,89681.653515625,96171.98216145833,106330.57678125,26.137740960754684,13.957767106350765,20.614235308727803,89681.653515625,94283.72026134183,85079.58676990817,0.10263117516928978,45.75193322460213,-523445348174.0,-519789581439.5,54178446554.6,0.36629921900769274,-1573.9135637980653,-1736.668945720019,162.7553819219538,2025,12,0.0031439599746445612,0.005064580691331422,0.041497637447106106,0.41247968651940536
2025-12-22 00:00:00+00:00,88621.3984375,90501.9296875,87908.0703125,88490.015625,38047472118,0.0,0.0,88463.23810055999,89918.04099402849,87804.33125,89538.644140625,95812.3203125,106348.401375,24.880596727952277,16.386830350381608,19.446150535803262,89538.644140625,94099.97466013067,84977.31362111932,0.10188518182924175,45.42436750375547,-561492820292.0,-521882990161.85,52153480249.95,0.72952891994272,-1454.802893468499,-1680.2957352697151,225.49284180121617,2025,12,-0.0014864790528285043,0.023955561389482183,0.04538370593789187,0.4119147500262458
2025-12-23 00:00:00+00:00,88490.03125,88898.3828125,86606.9765625,87414.0,43683011533,0.0,0.0,88301.81685431999,89732.5564759523,88194.6296875,89232.95390625,95418.65494791667,106358.474375,24.227394319713436,15.548645064497569,21.355848752551093,89232.95390625,93477.05884521578,84988.84896728421,0.09512416104536292,42.73309606367997,-605175831825.0,-530043059710.15,50455120577.3,0.8657795488978217,-1430.7396216323104,-1630.3845125422342,199.6448909099238,2025,12,-0.01215974047919599,-0.00489486420793972,0.00701563426865226,0.40544410185718494
2025-12-24 00:00:00+00:00,87404.3203125,87956.8828125,86411.796875,87611.9609375,25550297986,0.0,0.0,88195.68517480922,89575.47532495583,88096.3453125,89006.470703125,95018.15885416667,106371.119,23.69641262154429,14.99180035844554,21.043431223528138,89006.470703125,93076.91319371485,84936.02821253515,0.0914639679213106,43.39752667061525,-579625533839.0,-533698694225.1,48505715342.55,0.5267481946315481,-1379.7901501466113,-1580.26564006311,200.47548991649865,2025,12,0.0022646365284737513,0.017043639171113067,-0.007461168750340752,0.4011702042733575
2025-12-25 00:00:00+00:00,87608.3203125,88501.7890625,86949.2578125,87234.7421875,19953216347,0.0,0.0,88047.84779214625,89402.08768514429,87874.49375,88898.819921875,94564.19713541666,106379.8043125,22.89992135616674,15.741918540506198,20.25834405016341,88898.819921875,93040.06949398613,84757.57034976386,0.09316770629240068,42.38829623377838,-599578750186.0,-535189169625.75,46340556228.25,0.43057783442910375,-1354.239892998041,-1535.0604906500962,180.8205976520553,2025,12,-0.004305562231041726,0.02073698069904739,-0.0012267703015502729,0.3997092214372781
2025-12-26 00:00:00+00:00,87235.5078125,89459.4296875,86628.140625,87301.4296875,42455674908,0.0,0.0,87933.01423758529,89246.48338902248,87610.4296875,88800.27265625,94117.23216145833,106388.3128125,21.642560555072915,16.97632071005522,18.875336432225758,88800.27265625,92997.51821873793,84603.02709376208,0.0945322674567826,42.642249218882355,-557123075278.0,-532657159160.75,46563637853.4,0.9117774483528666,-1313.4691514371953,-1490.742222807516,177.27307137032085,2025,12,0.0007644603322913834,-0.009102410139082862,-0.035539057982966304,0.37781940287184285
2025-12-27 00:00:00+00:00,87301.4296875,87874.78125,87182.9765625,87802.15625,13741199310,0.0,0.0,87912.88223949523,89139.49619353934,87472.8578125,88670.0984375,93697.99869791667,106389.4458125,20.475011239771508,16.676738702735985,18.542242396493815,88670.0984375,92818.91583353901,84521.28104146098,0.09357872539102564,44.61633127601254,-543381875968.0,-531807833678.25,44880952870.9,0.3061699547584594,-1226.6139540441072,-1437.9165690548346,211.30261501072732,2025,12,0.005735605525503784,-0.006133339558996642,-0.03815746772141759,0.3770737141277222
2025-12-28 00:00:00+00:00,87799.34375,87986.890625,87394.953125,87835.8359375,15156557929,0.0,0.0,87901.02896226519,89042.92876716606,87557.225,88529.880078125,93327.67421875,106367.02159375,19.325658739061385,16.712943180451866,18.245550178090344,88529.880078125,92586.88740541603,84472.87275083398,0.09165283684357946,44.75406032841641,-528225318039.0,-533070385252.1,42769075814.55,0.3543812355151184,-1141.899804900866,-1378.713216224041,236.81341132317493,2025,12,0.00038358610925337544,-0.008868184869966989,-0.03391393085177041,0.3769595933088782
2025-12-29 00:00:00+00:00,87835.7890625,90299.15625,86717.9140625,87138.140625,48411625849,0.0,0.0,87783.66152576284,88901.83334922783,87462.4609375,88252.2015625,92974.88411458333,106340.77771875,18.835944937533593,21.230752778689464,16.52298762939149,88252.2015625,91843.29318945363,84661.10993554638,0.08138248255281023,42.40167076740466,-576636943888.0,-540096604190.4,41846571035.0,1.1568839370018886,-1118.1718234649888,-1326.6049376722308,208.43311420724194,2025,12,-0.007943173820266769,-0.015277147262906299,-0.04087556781415469,0.37774267509133946
2025-12-30 00:00:00+00:00,87134.3515625,89297.9375,86735.546875,88430.1328125,35586356225,0.0,0.0,87883.11864679932,88866.89256872947,87701.5390625,88072.6609375,92622.78359375,106318.7230625,18.38121069325779,19.791017989792596,15.402503567685224,88072.6609375,91199.42970695022,84945.89216804977,0.07100429886339209,47.86645277123363,-541050587663.0,-542072470591.8,40354854120.6,0.8818358286874387,-983.7739219301438,-1258.0387345238134,274.2648125936696,2025,12,0.014826942349620564,0.011624371525156052,-0.02172901848775055,0.38154030725955657
2025-12-31 00:00:00+00:00,88429.5859375,89080.2890625,87130.5625,87508.828125,33830210616,0.0,0.0,87825.53548959944,88766.2952025273,87743.01875,87822.535546875,92246.86380208333,106289.876375,17.958957466430252,18.74915216075345,14.591663915217556,87822.535546875,90153.29378888286,85491.77730486715,0.053078819177654446,44.6157362606135,-574880798279.0,-548966489255.05,38819722920.35,0.8714696569424918,-940.7597129278583,-1194.5829302046225,253.82321727676413,2025,12,-0.01041844740246467,-0.0011771544820640134,0.013753894978994374,0.34836354555983823
2026-01-01 00:00:00+00:00,87508.046875,88803.2265625,87399.40625,88731.984375,18849043990,0.0,0.0,87964.98916427644,88763.7536597475,87928.984375,87745.6140625,91881.73645833334,106266.21659375,17.566865184376113,18.013838844472897,14.01940098345634,87745.6140625,89824.11104305397,85667.11708194602,0.047375518486279855,49.51749663633062,-556031754289.0,-550904261489.65,35748380890.7,0.5272698656655416,-798.7644954710559,-1115.419243257909,316.65474778685325,2026,1,0.013977518339667538,0.017163370349417395,-0.0286613347363589,0.2845447252049255
2026-01-02 00:00:00+00:00,88733.0625,90884.4609375,88298.6171875,89944.6953125,46398906171,0.0,0.0,88269.55934092622,88851.23081921064,88350.75625,87727.91328125,91605.02265625,106250.976,18.2250723001685,22.523183693538424,13.00745232197593,87727.91328125,89719.05679846219,85736.76976403782,0.04539361402176998,53.87614035892733,-509632848118.0,-553733975821.2,34856438793.75,1.3311430477894846,-581.671478284421,-1008.6696902632116,426.99821197879055,2026,1,0.013667122921255048,0.0302774609128591,-0.038310632725445326,0.27550063727325164
2026-01-03 00:00:00+00:00,89945.0546875,90679.5703125,89328.0703125,90603.1875,20774828592,0.0,0.0,88628.5790577068,88981.005388158,89043.765625,87849.313671875,91421.900390625,106233.47375,18.836264621975715,21.64383389323721,12.499615563310298,87849.313671875,90215.94542906279,85482.68191468721,0.05387934539881252,56.092922600873884,-488858019526.0,-553001650112.9,33371881613.1,0.6225249397937731,-352.42633045119874,-877.421018300809,524.9946878496103,2026,1,0.007321078638514056,0.03190162257547069,-0.016696444196637517,0.2725325427710924
2026-01-04 00:00:00+00:00,90603.0,91712.5859375,90595.1015625,91413.4921875,26770491368,0.0,0.0,89057.02723152113,89161.18959551667,89640.4375,88098.99921875,91213.92799479167,106221.9885625,19.853709396493066,24.022410671128757,12.079666209774793,88098.99921875,90852.65481781715,85345.34361968286,0.06251275550201915,58.72197196927615,-462087528158.0,-548652824120.05,32432430465.35,0.8254235339100141,-104.162363995536,-722.7692874397545,618.6069234442185,2026,1,0.008943445698309516,0.040731168683197705,0.022662324512593646,0.2527006002916823
2026-01-05 00:00:00+00:00,91414.625,94762.0703125,91414.625,93882.5546875,53376407252,0.0,0.0,89799.4160709025,89510.92034307099,90915.1828125,88400.927734375,91090.282421875,106220.68953125,21.82500017473534,30.58039776312573,10.898108230618107,88400.927734375,92172.81001529812,84629.04545345188,0.0853358076118111,65.50063086362476,-408711120906.0,-543698286675.75,33038141916.8,1.6155995511617416,288.49572783151234,-520.5162843855012,809.0120122170135,2026,1,0.027009825802690735,0.07739910461854649,0.05164172777412945,0.2684959358448944
2026-01-06 00:00:00+00:00,93876.9453125,94395.296875,91286.546875,93729.03125,52430605257,0.0,0.0,90403.97225230212,89823.37300284351,91914.5921875,88780.19140625,90929.55950520834,106209.6363125,23.55416333888378,27.85623777300474,10.294294653307492,88780.19140625,93084.30836027968,84476.07445222032,0.09696120014732655,64.78819137837127,-461141726163.0,-539153109848.6,33447502533.95,1.5675491825968682,580.5992494586098,-300.29317761667903,880.8924270752889,2026,1,-0.0016352711961346023,0.05992186451574533,0.03676087688803986,0.26579998201332117
2026-01-07 00:00:00+00:00,93727.46875,93738.7890625,90601.8046875,91308.0546875,43461295053,0.0,0.0,90543.06185771718,89933.34942392918,92187.2640625,89072.46875,90746.65846354167,106187.22825,24.612387415395595,25.397605935101698,11.31227965344635,89072.46875,93219.00327030536,84925.93422969464,0.09310473996052475,54.68671373446643,-504603021216.0,-534147642006.7,32987211519.2,1.3175195189718787,609.7124337880086,-118.29205533574151,728.0044891237501,2026,1,-0.025829527204251357,0.04341535184396572,0.007368160479285013,0.2820485158016066
2026-01-08 00:00:00+00:00,91309.640625,91485.8515625,89233.875,91027.125,42386697030,0.0,0.0,90617.53311037608,90014.36983697145,92272.0515625,89218.655859375,90518.44986979167,106167.7695625,24.592311120269276,23.77529831061493,14.469768897878591,89218.655859375,93427.02960680694,85010.28211194304,0.09433842522947489,53.6415552603662,-546989718246.0,-533598174544.35,32769880842.65,1.2934650947779374,603.1632734046289,25.999010412332566,577.1642629922962,2026,1,-0.003076724046541912,0.02586599005044521,-0.017958304153241844,0.27050339711237775
2026-01-09 00:00:00+00:00,91026.2734375,91910.671875,89625.3828125,90513.1015625,38305906684,0.0,0.0,90601.46671839514,90051.31292775135,92091.9734375,89327.1109375,90260.39166666666,106152.5580625,24.751041981946727,23.436902351213856,13.525581229638398,89327.1109375,93552.34247441152,85101.87940058847,0.09460132523188432,51.69477498202015,-585295624930.0,-535698412249.15,33950766343.9,1.128278115904223,550.1537906437879,130.82996645862366,419.3238241851643,2026,1,-0.005646925984974294,0.0063195083159173215,-0.016385875464324018,0.2700621332176929
2026-01-10 00:00:00+00:00,90510.1015625,90713.03125,90283.3984375,90386.6484375,12385895282,0.0,0.0,90568.41775210357,90076.15259514014,91392.7921875,89415.355859375,90050.211328125,106135.1124375,24.898434924932932,23.13131315093262,13.349223813058131,89415.355859375,93652.2639836525,85178.4477350975,0.09476913855693767,51.202465973585525,-597681520212.0,-539410220851.05,33577784975.0,0.3688717195378371,492.2651569634327,203.11700455958547,289.14815240384723,2026,1,-0.001397069847536736,-0.0023899717932108766,-0.02296678000018748,0.26926720548176347
2026-01-11 00:00:00+00:00,90385.359375,91155.2265625,90212.0234375,90827.4609375,17165568977,0.0,0.0,90608.27054985687,90131.80506494456,90812.478125,89532.228125,89869.61588541667,106111.212375,25.234505363926147,23.841587539643626,12.950014630506534,89532.228125,93790.56257398767,85273.89367601232,0.09512405841262932,52.88685441735247,-580515951235.0,-540361377398.2,32533689817.95,0.5276244125106627,476.4654849123035,257.7867006301291,218.67878428217443,2026,1,0.004876964768804504,-0.006410774120717111,0.006170868725763556,0.2560480198100167
2026-01-12 00:00:00+00:00,90825.859375,92395.5234375,90055.0234375,91192.9921875,41346275358,0.0,0.0,90698.22772487889,90210.41151846718,90789.465625,89721.177734375,89727.87421875,106087.8550625,26.06561930804576,25.998833107224307,11.991689288459973,89721.177734375,93918.6936943185,85523.6617744315,0.09356800848893224,54.29567903648123,-539169675877.0,-537061069600.8,32416853009.2,1.2754561754117775,487.81620641170593,303.7926017864445,184.02360462526144,2026,1,0.004024457429802286,-0.028648160554988644,0.009903588220866011,0.2563789505196332
2026-01-13 00:00:00+00:00,91185.3359375,96011.625,90941.9296875,95321.78125,54980674354,0.0,0.0,91409.5436518206,90589.03149858072,91648.396875,90106.66875,89743.27408854167,106056.17634375,27.941113963197623,32.67177938599338,10.22637399962887,90106.66875,94866.96095447353,85346.37654552647,0.10565904323199234,66.48618160016471,-484189001523.0,-532289242985.0,33888371827.6,1.6224053086321963,820.5121532398771,407.13651207713104,413.37564116274604,2026,1,0.04527528885126264,0.016993134131000565,0.08105003684515455,0.2861197213242722
2026-01-14 00:00:00+00:00,95322.90625,97860.6015625,94583.046875,96929.328125,60592490863,0.0,0.0,92258.74126307896,91058.6831005377,92931.6421875,90591.398046875,89766.27708333333,106032.01025,30.087136281988453,34.87890587540047,9.275680613218748,90591.398046875,96044.32160524478,85138.4744885052,0.12038501835567798,69.85728692849071,-423596510660.0,-523490131008.7,35920335553.4,1.686857595551183,1200.0581625412597,565.7208421699568,634.3373203713029,2026,1,0.016864423365986925,0.06156382869768384,0.12161043135017202,0.2781749821630476
2026-01-15 00:00:00+00:00,96931.2890625,97150.171875,95103.2421875,95551.1875,53086363027,0.0,0.0,92765.2714533745,91391.46120420158,93964.55,91003.8859375,89789.17890625,105995.4296875,32.07987129229423,32.826420858333236,8.729843666677375,91003.8859375,96653.49658545683,85354.27528954318,0.12416196494810974,63.92110431887571,-476682873687.0,-519468120929.15,36451869959.35,1.4563412819753905,1373.8102491729223,727.33872357055,646.4715256023724,2026,1,-0.01421799419905967,0.04970015805728245,0.0877374037600398,0.2813399554231584
2026-01-16 00:00:00+00:00,95554.1015625,95801.890625,94259.2734375,95525.1171875,33248170537,0.0,0.0,93189.86310477843,91697.65794370516,94904.08125,91390.033984375,89846.36627604166,105961.10471875,33.262700984320745,31.33011934171488,10.825730329362386,91390.033984375,97172.38881321158,85607.67915553841,0.1265423498983532,63.810638983263075,-509931044224.0,-517795579341.95,37427218520.7,0.8883420102033851,1492.2051610732742,880.312011071095,611.8931500021793,2026,1,-0.00027284132392391136,0.05537337179346524,0.10890353071686754,0.2699759362348098
2026-01-17 00:00:00+00:00,95525.15625,95598.4765625,95005.6171875,95099.921875,16021715122,0.0,0.0,93483.71830019714,91949.67749417144,95685.4671875,91753.23828125,89882.21705729167,105930.25259375,34.361042841202504,30.749997945686186,10.625276646974463,91753.23828125,97508.08662019875,85998.38994230125,0.12544185789516205,61.930822265177966,-525952759346.0,-517681951407.3,37470476380.35,0.42758237070084315,1534.0408060257032,1011.0577700620166,522.9830359636866,2026,1,-0.004451136256293897,0.05214568212205695,0.11276774236070808,0.26839432800257534
2026-01-18 00:00:00+00:00,95101.1796875,95491.5078125,93588.8671875,93634.4296875,20809781232,0.0,0.0,93506.9046674745,92074.4739529365,95347.996875,92078.052734375,89918.35768229167,105888.1110625,34.28443595463861,28.900507626924732,14.464820304313008,92078.052734375,97457.18381899953,86698.92164975047,0.11683850656881606,55.826435575236324,-546762540578.0,-516188231241.8,36090384149.5,0.5766018212994916,1432.4307145380008,1095.3323589572135,337.09835558078726,2026,1,-0.01541002514624834,0.03090440623383195,0.06277905227284042,0.2576349723959391
2026-01-19 00:00:00+00:00,93655.671875,93660.828125,92089.25,92553.59375,39195241508,0.0,0.0,93360.2414494015,92109.96430827453,94472.85,92284.22578125,90017.05260416666,105844.16778125,33.21052926925867,27.432795347033213,18.57618514094737,92284.22578125,97383.45516198566,87184.99640051434,0.11051139753445721,51.773206009967225,-585957782086.0,-518433590962.95,36270828413.65,1.080627138178334,1250.2771411269641,1126.3213153911638,123.95582573580032,2026,1,-0.011543146480490485,0.01492002323712005,0.04765002433668397,0.2619822968309166
2026-01-20 00:00:00+00:00,92553.6015625,92798.4296875,87814.9296875,88310.90625,53072968031,0.0,0.0,92583.42064949356,91828.55260025419,93024.79375,92324.3296875,90070.72291666667,105782.43284375,31.54440020966033,23.378341779882454,28.50707079733356,92324.3296875,97275.90243442892,87372.75694057107,0.10726474297054835,39.614626929209635,-639030750117.0,-521641088554.85,37232966284.4,1.425429487019859,754.868049239376,1052.0306621608063,-297.1626129214303,2026,1,-0.04584033237499219,-0.0735495592724249,-0.003507533421535869,0.3098018828211761
2026-01-21 00:00:00+00:00,88326.5078125,90430.40625,87231.5703125,89376.9609375,56330422434,0.0,0.0,92090.11915534071,91646.95321782795,91795.1625,92356.578515625,90149.53294270833,105725.98353125,30.220407393825834,21.211279823173644,27.555047956684064,92356.578515625,97217.20622339974,87495.95080785027,0.10525785571305912,43.222702340028626,-582700327683.0,-522974517224.55,39107035206.6,1.4404165934955164,443.1659375127638,930.2577172311978,-487.09177971843405,2026,1,0.012071608510981546,-0.07791622343405158,0.010023111717582633,0.312574727829085
2026-01-22 00:00:00+00:00,89378.5234375,90258.9609375,88438.4453125,89462.453125,35549685694,0.0,0.0,91685.8628429806,91485.138396137,90667.66875,92332.46640625,90193.82369791667,105671.069,28.990985493408086,20.070994227679183,26.073731198331824,92332.46640625,97247.94649640373,87416.98631609626,0.10647349261799875,43.51418643975197,-547150641989.0,-524850406918.1,38564574182.75,0.9218223316958453,200.72444684359652,784.3510631536776,-583.6266163100811,2026,1,0.000956534957143873,-0.0637222261104814,0.023433925057771088,0.3092390421056728
2026-01-23 00:00:00+00:00,89462.046875,91100.25,88486.359375,89503.875,38997586037,0.0,0.0,91350.17240559896,91338.3781445713,89841.5578125,92277.50078125,90214.37890625,105603.30046875,27.40702863973505,21.00070030689248,24.072719600302488,92277.50078125,97297.86637631622,87257.13518618378,0.10881017696756515,43.665092175325405,-508153055952.0,-525815158739.4,39475712055.0,0.9878880964241039,11.794261027665925,629.8397027284752,-618.0454417008093,2026,1,0.00046300848627667257,-0.06303307826025795,0.021594244007957286,0.3092027670008699
2026-01-24 00:00:00+00:00,89506.1484375,89811.609375,89044.2890625,89110.734375,14558687712,0.0,0.0,91005.6434778145,91173.36749497343,89152.9859375,92162.362890625,90243.85963541667,105537.3186875,25.93621156132437,20.503257388274285,23.502509858624414,92162.362890625,97368.35336331217,86956.37241793782,0.11297432725038657,42.50443630405906,-522711743664.0,-528846369514.7,38865121872.2,0.37459518999768654,-167.72401715892192,470.32695875099586,-638.0509759099177,2026,1,-0.00439244250598092,-0.06297783827700965,0.021505103820537386,0.3092211091004435
2026-01-25 00:00:00+00:00,89104.765625,89193.1484375,86003.7109375,86572.21875,36124986722,0.0,0.0,90323.57813507381,90832.54166201243,88805.2484375,91796.84609375,90178.09049479167,105456.44321875,25.813763109706155,18.537693120488694,30.38858307727893,91796.84609375,97497.34839714113,86096.34379035888,0.12419821695332181,35.873698621907835,-558836730386.0,-536352649988.7,38002550845.7,0.9505937343173783,-508.9635269386199,274.46886161307276,-783.4323885516926,2026,1,-0.028487203509257375,-0.07542322798429768,-0.008352794909662453,0.32570088539946873
2026-01-26 00:00:00+00:00,86566.5234375,88743.0703125,86429.2890625,88267.140625,45329286974,0.0,0.0,90007.20313352399,90642.51195556707,88583.284375,91523.7515625,90127.78658854167,105370.79946875,25.70006097606067,17.246037894489575,28.271190590125656,91523.7515625,97356.30214089355,85691.20098410644,0.12745435974421576,42.34134974478109,-513507443412.0,-538970935851.15,37647484931.55,1.2040455572641018,-635.30882204308,92.51332488184221,-727.8221469249222,2026,1,0.019578126787931138,-0.046313200291047574,0.005295819543156055,0.3323542266028086
2026-01-27 00:00:00+00:00,88257.4765625,89427.125,87228.921875,89102.5703125,38744942267,0.0,0.0,89868.02885336644,90528.44220422878,88511.3078125,91413.47734375,90097.50833333333,105280.516625,25.182125170691734,18.169199792223758,26.38988792899879,91413.47734375,97345.74335478996,85481.21133271004,0.12978974618222533,45.27136519865472,-474762501145.0,-537478909847.6,37411667292.25,1.0356379458935847,-660.4133508623345,-58.07201026699312,-602.3413405953413,2026,1,0.009464787027023913,0.008964510682959892,0.014421612334871492,0.33388117471701356
2026-01-28 00:00:00+00:00,89104.046875,90439.2890625,88721.4609375,89184.5703125,39807419296,0.0,0.0,89762.88138554084,90428.8961381748,88447.446875,91321.349609375,90069.721875,105208.10371875,24.11784267465653,20.330396916224007,24.990353635771093,91321.349609375,97335.54270227709,85307.15651647291,0.1317149411091199,45.56376840061682,-434955081849.0,-531877178027.75,37282703405.55,1.0677181550647468,-666.014752633957,-179.6605587403859,-486.35419389357105,2026,1,0.0009202877056453396,-0.0021525751489194223,0.02348489046038793,0.33244655514042415
2026-01-29 00:00:00+00:00,89169.8515625,89200.78125,83250.6015625,84561.5859375,64653083162,0.0,0.0,88962.68208584226,89994.28056775445,87537.6171875,91023.773828125,89972.509765625,105115.1854375,24.9649244568958,16.972761334535065,36.04805322941519,91023.773828125,97752.81655720496,84294.73109904505,0.14785242241847768,34.403718213209245,-499608165011.0,-527592805031.8,38600062229.45,1.6749476406976567,-1031.598481912195,-350.0481433747477,-681.5503385374473,2026,1,-0.05183614563372574,-0.05478127433698177,-0.0437469305084337,0.3758369270639077
2026-01-30 00:00:00+00:00,84562.7265625,84602.1640625,81071.4765625,84128.65625,72083816087,0.0,0.0,88218.98580340498,89559.78987755043,87048.9046875,90710.87421875,89935.96119791667,105015.5585,26.251839056471432,15.352514777084716,38.49869630910671,90710.87421875,98112.98871861561,83308.7597188844,0.16320236275124744,33.574375410932134,-571691981098.0,-526293328076.1,41584958269.7,1.7334108073284362,-1340.804074145446,-548.1993295288875,-792.6047446165586,2026,1,-0.005119696877728619,-0.060055709878482966,-0.03862663856235937,0.3746717731902831
2026-01-31 00:00:00+00:00,84126.5,84136.921875,75815.8828125,78621.1171875,70479259159,0.0,0.0,86742.39063172729,88749.51782643558,85119.7,90100.55703125,89723.809765625,104892.2815,28.348077174830273,12.358259201006284,43.30853782177103,90100.55703125,99265.22099905062,80935.89306344939,0.20343190474664866,25.23899165114088,-642171240257.0,-529376092527.2,44250642778.8,1.5927284833197008,-2007.127194708286,-839.9849025647673,-1167.1422921435187,2026,1,-0.06546567255435032,-0.11771440625050955,-0.11394839480619923,0.43239371042032304
2026-02-01 00:00:00+00:00,78626.125,79322.609375,75698.8984375,76974.4453125,53372509744,0.0,0.0,85239.62981338463,87877.29023281072,82694.075,89389.6296875,89447.92044270833,104764.20071875,30.311318527187737,11.322601508699178,39.9496987932844,89389.6296875,100247.08506761855,78532.17430738144,0.24292427249280418,23.37078416883702,-695543750001.0,-537194796233.4,44851954498.1,1.189970656602288,-2637.660419426087,-1199.5200059370313,-1438.1404134890558,2026,2,-0.02094439679701987,-0.11086435782841708,-0.14420250082494268,0.4316767361631041
2026-02-02 00:00:00+00:00,76968.875,79258.609375,74551.3359375,78688.765625,75140589684,0.0,0.0,84231.80455363315,87196.6587803803,80594.9140625,88557.97890625,89223.70611979166,104647.74646875,32.30089618998983,10.134479729822672,38.315755895396805,88557.97890625,100032.76418260885,77083.19362989116,0.25914740643542417,29.242876339451357,-620403160317.0,-544005504173.1,45859950264.6,1.6384795284438451,-2964.8542267471494,-1552.586850099055,-1412.2673766480943,2026,2,0.022271291537603544,-0.10851575039338146,-0.1315011337211508,0.44008334580364467
2026-02-03 00:00:00+00:00,78693.5078125,79118.8515625,72897.140625,75633.546875,68249110822,0.0,0.0,82908.99567999729,86340.13197257435,78809.30625,87493.18984375,88994.46927083333,104527.713625,34.37472954558275,8.817483646283199,36.791641033524094,87493.18984375,99630.31646151014,75356.06322598987,0.2774416303585516,25.493470384516996,-688652271139.0,-557258292197.05,46242781262.55,1.4758868078134382,-3431.1362925770663,-1928.2967385946574,-1502.839553982409,2026,2,-0.03882661934945053,-0.15116313020220995,-0.17262162220138622,0.45316461577410516
2026-02-04 00:00:00+00:00,75640.09375,76864.65625,71779.9296875,73019.703125,67215363944,0.0,0.0,81387.56605615155,85353.4335394207,76587.515625,86366.615625,88723.59140625,104403.79815625,36.44465780119109,7.912502854271458,35.27061947434982,86366.615625,99496.64431945287,73236.58693054714,0.30405333355802344,22.800072023488553,-755867635083.0,-571217530266.85,46949231308.4,1.4316605846531516,-3965.8674832691468,-2335.810887529555,-1630.0565957395916,2026,2,-0.03455931736640505,-0.18125183684642754,-0.22222287870142277,0.44753451647152037
2026-02-05 00:00:00+00:00,73016.375,73161.5546875,62353.53515625,62702.09765625,125509410908,0.0,0.0,78512.87861001285,83675.55680733398,73403.71171875,84725.4646484375,88261.86569010417,104236.054171875,39.209094701004595,6.407193557983142,45.153063937262175,84725.4646484375,100890.09519574525,68560.83410112975,0.38157667507358684,15.733812540690565,-881377045991.0,-589789830355.2,51562293326.95,2.4341316650165394,-5162.678197321133,-2901.184349487871,-2261.493847833262,2026,2,-0.14129892381358544,-0.2585037643145256,-0.331027998262278,0.6441870286012886
2026-02-06 00:00:00+00:00,62704.453125,71681.3046875,60074.203125,70555.390625,114674259489,0.0,0.0,77288.64968924165,82703.6926456796,72119.90078125,83498.2380859375,87927.11881510417,104095.667328125,41.91333327958324,5.2516856244387835,40.55142967875904,83498.2380859375,100068.29680223187,66928.17936964313,0.39689600873350755,32.804503344695235,-766702786502.0,-601827331713.0,56494920545.3,2.029815395475233,-5415.042956437959,-3403.956070877888,-2011.086885560071,2026,2,0.1252476912623226,-0.16133938458098218,-0.22728185518271726,0.8017788080734903
2026-02-07 00:00:00+00:00,70553.796875,71611.1484375,67364.4453125,69281.96875,62347107663,0.0,0.0,76056.85262166601,81709.49087562926,70238.54140625,82280.6150390625,87536.9564453125,103949.269078125,44.42441195969199,4.90326545014496,37.861067534690896,82280.6150390625,99287.73635743394,65273.493720691054,0.4133931500219671,31.683676531348596,-829049894165.0,-615941699392.35,58571786866.85,1.0644563022250346,-5652.638253963247,-3853.6925074949604,-1798.9457464682864,2026,2,-0.018048541205989532,-0.11878676838472646,-0.23888655441990503,0.8023945021779811
2026-02-08 00:00:00+00:00,69283.7265625,72206.90625,68852.8984375,70264.7265625,39721722619,0.0,0.0,75165.75630487123,80861.7305561382,69164.77734375,81166.1716796875,87174.35279947917,103808.598109375,46.46647565663792,5.590141648582083,35.83872826529529,81166.1716796875,98259.77244023861,64072.570919136386,0.42120012332253254,33.57005073213206,-789328171546.0,-626110218865.35,58598110922.4,0.6778669481615623,-5695.974251266962,-4222.148856249361,-1473.8253950176004,2026,2,0.014184900201757111,-0.08716813382363409,-0.22370656457969607,0.8061590260986621
2026-02-09 00:00:00+00:00,70243.328125,71369.96875,68291.03125,70120.78125,52081598792,0.0,0.0,74389.6062964295,80066.10468160943,68584.99296875,80256.6654296875,86801.17688802084,103670.153296875,48.406495200242986,5.309755123030627,34.95646140680056,80256.6654296875,97682.10070087129,62831.23015850371,0.4342426931866521,33.4244701009231,-841409770338.0,-636229169876.4,58548542460.45,0.88954560785491,-5676.498385179933,-4513.018762035476,-1163.479623144457,2026,2,-0.00204861414171964,-0.10888446790272044,-0.2242130617500805,0.8060998373418288
2026-02-10 00:00:00+00:00,70137.390625,70464.265625,67913.09375,68793.9609375,40593063077,0.0,0.0,73528.73777967112,79231.13107093466,69803.365625,79227.5154296875,86443.23600260417,103539.025328125,50.23845878460596,5.082288755957231,34.09358338202504,79227.5154296875,96815.47981343538,61639.55104593962,0.4439862663459836,32.04500349410769,-882002833415.0,-651194295163.0,57761674492.6,0.7027681145601221,-5702.3932912635355,-4750.893667881088,-951.4996233824477,2026,2,-0.018921927121284043,-0.0904305856342269,-0.2425863254634152,0.8057555648463174
2026-02-11 00:00:00+00:00,68791.859375,69242.6796875,65757.3046875,66991.96875,49671946030,0.0,0.0,72523.08100587556,78324.52645456913,69090.68125,78103.9912109375,86054.79029947917,103389.431828125,52.107300598214266,4.7809523587267835,35.73944622668868,78103.9912109375,95809.51727396419,60398.465147910814,0.45338338767372094,30.220780946046844,-931674779445.0,-670420502035.8,58467787509.4,0.8495608974773353,-5801.445448693572,-4961.004024043585,-840.4414246499873,2026,2,-0.02619404614799148,-0.08254942319720637,-0.2653824910991053,0.8068101956180017
2026-02-12 00:00:00+00:00,66992.1953125,68339.4921875,65092.109375,66221.84375,44651071271,0.0,0.0,71553.65988958701,77428.03143941586,68478.65625,76939.8896484375,85688.9013671875,103231.856703125,53.891866366184715,4.512493637496893,34.882829058657485,76939.8896484375,94550.78508861734,59328.99420825766,0.45778322585721265,29.449195663599923,-976325850716.0,-693829141774.0,58750461771.1,0.7600122607540823,-5874.371549828851,-5143.677529200638,-730.6940206282134,2026,2,-0.011495780977477277,0.05613442333374885,-0.3052810923001924,0.7823607610384689
2026-02-13 00:00:00+00:00,66213.375,69382.8359375,65835.78125,68857.84375,40820775886,0.0,0.0,71138.91894503517,76793.20272168136,68197.2796875,75927.2451171875,85396.20240885417,103084.113484375,54.95445293334934,6.055387600008495,32.72152570959864,75927.2451171875,92909.36145102807,58945.128783346925,0.4473260239491125,35.51777628220724,-935505074830.0,-714468808332.3,60063566179.8,0.6796262440329167,-5654.283776646189,-5245.798778689748,-408.48499795644057,2026,2,0.039805596623848194,-0.02405977573028284,-0.28960774739714523,0.7966959578023912
2026-02-14 00:00:00+00:00,68856.984375,70481.1640625,68706.6171875,69767.625,36012397645,0.0,0.0,70927.95064579899,76272.78955711237,68126.6484375,75087.0154296875,85094.92975260416,102922.007578125,55.33132652599069,7.859143690107935,31.66451086812856,75087.0154296875,91505.0353428395,58668.99551653549,0.437306498845358,37.51549237341781,-899492677185.0,-731501605672.25,60057936725.95,0.5996276197320589,-5344.838911313374,-5265.606805214475,-79.23210609889975,2026,2,0.013212456278809848,0.007009850596949141,-0.2698403146481042,0.8008109714135611
2026-02-15 00:00:00+00:00,69764.953125,70939.2890625,68052.546875,68788.1875,40191152750,0.0,0.0,70598.75631567607,75718.37458991885,68125.49375,74113.0677734375,84805.67024739583,102756.131390625,55.770542528415326,7.438203124193866,31.182102264449483,74113.0677734375,89518.85682381535,58707.278723059666,0.4157374539527388,36.21471416474592,-939683829935.0,-752810424998.4,59801030014.75,0.6720812792034987,-5119.618274242777,-5236.409099020135,116.79082477735756,2026,2,-0.014038567315427408,-0.02101394447449567,-0.27989423593189455,0.8002396501781466
2026-02-16 00:00:00+00:00,68782.3984375,70067.234375,67301.5859375,68843.15625,33618145426,0.0,0.0,70328.66399787976,75209.09915733228,68495.73125,73100.0970703125,84528.6810546875,102596.757515625,56.281288025772405,7.048685305000844,30.97111785225205,73100.0970703125,86940.70616434816,59259.487976276854,0.37867553255703174,36.348105540763456,-906065684509.0,-774375584166.6,59544690172.7,0.5645867889898472,-4880.4351594525215,-5165.2143111066125,284.77915165409104,2026,2,0.000799101589935125,-0.018220347480797594,-0.2760966056261547,0.8009091731348685
2026-02-17 00:00:00+00:00,68843.09375,69201.8671875,66615.28125,67494.21875,34866936040,0.0,0.0,69892.59549820595,74637.62653456692,68750.20625,72015.5794921875,84185.19498697917,102443.018171875,56.84957934789492,6.695535295344955,30.748772613293767,72015.5794921875,83795.25610435398,60235.902880021036,0.3271424515425685,34.444455050554524,-940932620549.0,-799674461101.6,59297666009.9,0.5879984556926543,-4745.031036360975,-5081.177656157485,336.1466197965101,2026,2,-0.019594358734823403,-0.01889325995752489,-0.27917306726533797,0.8014076214457532
2026-02-18 00:00:00+00:00,67488.0234375,68434.4296875,65845.8984375,66425.3203125,33094301643,0.0,0.0,69359.16854655888,74029.30755515456,68263.7015625,71108.7662109375,83819.88365885416,102284.355578125,57.482266620833904,6.352523867003342,30.69620988212614,71108.7662109375,81536.62589539046,60680.90652648453,0.29329322501587773,32.97090269903731,-974026922192.0,-823395398960.65,57719726933.95,0.5733620618280223,-4670.139008595681,-4998.969926645124,328.8309180494434,2026,2,-0.015836888807606253,-0.008458453275415945,-0.28230425614888666,0.8016523086611697
2026-02-19 00:00:00+00:00,66425.625,67277.125,65637.4296875,66957.5234375,31492987019,0.0,0.0,68989.68468362675,73505.47169458756,67701.68125,70250.2095703125,83458.81321614583,102130.296046875,58.098790112195694,6.138014804929036,30.088990659228283,70250.2095703125,78827.89314211125,61672.52599851373,0.24420378598909293,34.473994842680725,-942533935173.0,-841937496664.4,55690185480.55,0.565503360192597,-4515.787010960805,-4902.33334350826,386.5463325474557,2026,2,0.008012052068341324,0.011109320517823873,-0.2417977996064331,0.7934263289847027
2026-02-20 00:00:00+00:00,66958.578125,68269.03125,66452.484375,68005.421875,47507867304,0.0,0.0,68838.25963614571,73098.06059684033,67545.128125,69719.4248046875,83117.4033203125,101980.109640625,57.992019591244215,8.014956383886872,28.923733377909638,69719.4248046875,77380.96843832612,62057.88117104888,0.2197821813677242,37.44831492625269,-895026067869.0,-854580238045.0,54541615887.8,0.8710388669402563,-4259.800960694614,-4773.826866945531,514.0259062509167,2026,2,0.015650197075734784,-0.012379444789105798,-0.23911686902673723,0.7946820917768078
2026-02-21 00:00:00+00:00,68000.25,68657.703125,67533.0703125,68003.765625,18357635642,0.0,0.0,68709.8759421233,72720.70541374105,67377.25,69270.8908203125,82793.8994140625,101824.937671875,57.6290225966755,8.683105439248648,28.19570879022629,69270.8908203125,76154.98309602495,62386.79854460006,0.19875858947937203,37.445421821750955,-913383703511.0,-865472235720.5,52790872182.7,0.34774260933722456,-4010.829471617748,-4621.227387879974,610.3979162622263,2026,2,-2.435467576455963e-05,-0.025281918009965265,-0.23986249818141236,0.7945469141455376
2026-02-22 00:00:00+00:00,67998.828125,68235.2265625,67185.6015625,67659.390625,17893536012,0.0,0.0,68548.26281641203,72345.79320716763,67410.284375,68719.4220703125,82461.35657552084,101677.170765625,57.36664221154389,8.468853665816363,28.316820789896273,68719.4220703125,74009.41584377784,63429.42829684717,0.1539592043731889,36.80866686057692,-931277239523.0,-881015939680.8,49928519499.1,0.35838306826467276,-3797.530390755608,-4456.487988455101,658.9575976994929,2026,2,-0.005064057803784272,-0.01640974876682133,-0.2440618841921649,0.7940177095247738
2026-02-23 00:00:00+00:00,67668.4296875,67668.4296875,63924.4375,64616.73828125,50953457309,0.0,0.0,67943.41288792556,71773.27062006261,67048.56796875,68168.581640625,82084.38984375,101516.10440625,57.725847826801115,7.735639226970783,33.40647680128874,68168.581640625,72661.44266707837,63675.72061417161,0.13181618036705245,31.68244194302035,-982230696832.0,-895694860965.45,49063736823.45,1.0385156249380258,-3829.857732137054,-4331.161937191491,501.30420505443726,2026,2,-0.04497014110892317,-0.06139198431579751,-0.2748714424310904,0.8039700757988006
2026-02-24 00:00:00+00:00,64616.015625,64992.15625,62553.1875,64080.04296875,40849331086,0.0,0.0,67349.04828497548,71203.40190515056,66473.071875,67721.5986328125,81697.36673177083,101353.687421875,58.2652543081007,7.292693682527076,34.71293253828636,67721.5986328125,71953.54340397127,63489.65386165373,0.12498065186276648,30.86588503660664,-1023080027918.0,-909055480607.2,47745435180.55,0.8555651641152229,-3854.353620175083,-4235.80027378821,381.4466536131267,2026,2,-0.008305824880296298,-0.050584714431560096,-0.25980823994129176,0.8011389223935975
2026-02-25 00:00:00+00:00,64077.76953125,69953.53125,63942.484375,67960.125,53629234355,0.0,0.0,67443.06008728694,70963.1591714357,66464.0125,67984.5,81366.6662109375,101212.289515625,56.05138715087848,17.21963527276865,30.13331139026707,67984.5,71495.3435270985,64473.65647290149,0.10328364633404692,42.420012704670654,-969450793563.0,-913459167985.8,44151426352.9,1.2146659527224417,-3520.0990841487655,-4092.660035860321,572.5609517115554,2026,2,0.060550552894326426,0.0231057175227678,-0.23006314106484627,0.8317701120198552
2026-02-26 00:00:00+00:00,67954.8671875,68843.3515625,66523.734375,67453.7734375,42988597523,0.0,0.0,67444.70829501202,70703.20467262565,66354.0140625,67829.419140625,81026.96516927083,101073.074984375,53.99565336202928,16.32461654373169,28.567083207441257,67829.419140625,71129.81134731631,64529.0269339337,0.097314476476612,41.44652863959757,-1012439391086.0,-925745998215.0,40567143254.6,1.059690036668417,-3258.4963776136283,-3925.8273042109827,667.3309265973544,2026,2,-0.007450715585058165,0.007411415096067797,-0.24296489763509033,0.8294534638586178
2026-02-27 00:00:00+00:00,67456.515625,68220.40625,64946.03515625,65881.796875,40283655942,0.0,0.0,67204.26038424094,70346.063354283,65998.4953125,67659.410546875,80672.6927734375,100932.653609375,52.492883788001805,15.1291970915545,30.003538196949364,67659.410546875,70994.86822377422,64323.9528699758,0.09859552869111608,38.49314386874072,-1052723047028.0,-936929655858.15,39463970668.55,1.0207704713834898,-3141.8029700420593,-3769.022437377198,627.2194673351387,2026,2,-0.023304501473983996,-0.031227289552050896,-0.26128705173829725,0.8303628756059199
2026-02-28 00:00:00+00:00,65878.9296875,67714.5234375,63062.21875,66995.859375,42041497112,0.0,0.0,67172.19869051158,70097.90009655834,66474.31953125,67495.9671875,80315.4548828125,100778.325953125,51.534882992760686,13.604811630028255,31.06034436571469,67495.9671875,70606.67616322216,64385.258211777844,0.09217466184552281,41.665663403770466,-1010681549916.0,-947997324776.65,39579959393.2,1.0621915170338174,-2925.7014060467627,-3600.358231111111,674.6568250643481,2026,2,0.016910019957618205,-0.014821329976901554,-0.20772702365685214,0.8204162937558793
2026-03-01 00:00:00+00:00,67005.8828125,68162.8203125,65076.73046875,65738.1015625,40733141929,0.0,0.0,66951.56836312519,69774.95205699846,66805.93125,67276.833203125,79952.60944010416,100617.095828125,50.418072159831866,13.666690362074396,28.974777464962802,67276.833203125,70222.06923891608,64331.59716733392,0.08755572744926032,39.206906970384836,-1051414691845.0,-958497570852.0,39012536550.05,1.044103909437998,-2823.383693873271,-3444.9633236635427,621.5796297902716,2026,3,-0.018773664883674046,-0.02839648783047255,-0.2186003617227632,0.8214399882234732
2026-03-02 00:00:00+00:00,65734.078125,70044.0,65303.13671875,68775.8515625,56698092052,0.0,0.0,67232.22731687516,69700.94461296154,66969.0765625,67275.927734375,79620.0072265625,100462.754203125,48.47162067353614,16.26746034791924,26.077936628243332,67275.927734375,70219.21039111055,64332.64507763944,0.0874988351957477,47.29633336859537,-994716599793.0,-964133259170.9,39817787998.8,1.423938769619968,-2468.7172960863827,-3249.714118148111,780.9968220617284,2026,3,0.04620988327616793,0.06436588091381368,-0.12522418883364972,0.8142129023275444
2026-03-03 00:00:00+00:00,68785.078125,69232.890625,66237.6171875,68293.6484375,47947999049,0.0,0.0,67395.52287389437,69596.70045181624,67137.0515625,67341.01171875,79259.1564453125,100308.088796875,46.66420143626153,15.231348572568775,24.416973168706015,67341.01171875,70315.26049651453,64366.76294098547,0.08833394990222276,46.24440691603218,-1042664598842.0,-969682750140.75,39731590649.75,1.2067978720429533,-2201.1775779218733,-3040.0068101028637,838.8292321809904,2026,3,-0.007011227255569463,0.06575534711805453,-0.11277504943046746,0.8119161927242233
2026-03-04 00:00:00+00:00,68290.5625,74051.8046875,67437.40625,72710.578125,75073101274,0.0,0.0,68213.22368175678,69827.35805723726,68502.8078125,67665.4484375,78960.9462890625,100170.577390625,43.591719807165134,22.811415591205325,21.205052787805176,67665.4484375,71434.95944226737,63895.93743273263,0.11141612423507763,55.916292743453006,-967591497568.0,-969246032483.35,41252692149.9,1.8198352001175269,-1614.1343754804839,-2754.832323178388,1140.697947697904,2026,3,0.06467555605177866,0.06990059428230899,-0.07597256676371966,0.8415246686959903
2026-03-05 00:00:00+00:00,72712.65625,73555.7890625,70654.8828125,70841.125,51172841727,0.0,0.0,68617.51619225573,69902.45190484931,69271.8609375,67764.6125,78618.07350260417,100024.631078125,40.738701151575626,21.477047790765464,19.964650168619034,67764.6125,71763.56519431635,63765.659805683645,0.11802480813466924,51.67817111125852,-1018764339295.0,-973408995706.6,41770295441.95,1.2251012636029144,-1284.9357125935785,-2460.8530010614263,1175.9172884678478,2026,3,-0.025710882421896564,0.05021737687719696,-0.06336370662241275,0.8354602248512247
2026-03-06 00:00:00+00:00,70842.15625,71378.5703125,67757.8203125,68136.4921875,43776962871,0.0,0.0,68543.51249921639,69771.64007393454,69751.5390625,67683.055859375,78188.9724609375,99863.634765625,38.54390197910618,19.911464927854922,24.34189577074754,67683.055859375,71575.11020281218,63791.00151593783,0.11500823342030218,46.22004207031632,-1062541302166.0,-981561426955.65,42158523703.25,1.0383893700629094,-1228.1275747181498,-2214.3079157927714,986.1803410746215,2026,3,-0.03817885179689062,0.03422334270538974,-0.06687525049424803,0.8373699281450218
2026-03-07 00:00:00+00:00,68136.6875,68515.1640625,66969.2578125,67272.59375,23258701211,0.0,0.0,68347.98653779848,69586.52553142088,69450.8875,67607.276171875,77748.0318359375,99704.183796875,36.74497087060319,19.265727174759505,25.206745397126472,67607.276171875,71467.62045124873,63746.931892501256,0.11419907731705548,44.59969657230784,-1085800003377.0,-988867235627.75,41311901126.3,0.563002441836138,-1238.5389936223946,-2019.1541313586963,780.6151377363017,2026,3,-0.01267893913767526,0.0041306190797705256,0.07289223589945437,0.6703797761509833
2026-03-08 00:00:00+00:00,67272.5,68177.7890625,65639.1953125,65969.78125,33195080116,0.0,0.0,67982.1088012141,69318.61854761191,68986.1140625,67463.607421875,77325.72727864583,99545.269796875,35.46621915376667,18.22073373603721,26.681393115837448,67463.607421875,71344.10931954844,63583.10552420156,0.11503985766451008,42.197189220292216,-1118995083493.0,-999513705576.95,41290747860.8,0.8039350662261618,-1336.5097463978163,-1882.6252543665205,546.1155079687042,2026,3,-0.01936617019467901,0.0035242832085702336,-0.06499304070715717,0.5084744823624552
2026-03-09 00:00:00+00:00,65969.5859375,69474.9453125,65858.0078125,68402.3828125,49499875378,0.0,0.0,68046.76634141193,69250.74923389991,68124.475,67509.015625,76948.6482421875,99383.442046875,33.74970568300899,19.576251797442918,24.631411620548757,67509.015625,71412.21337548712,63605.81787451288,0.1156348589696124,47.846436170180205,-1069495208115.0,-1005941834955.25,42022394827.7,1.1779403715794667,-1203.982892487984,-1746.8967819908132,542.9138895028293,2026,3,0.03687448277691541,-0.005430230837063621,-0.012695741090642754,0.5224191696184121
2026-03-10 00:00:00+00:00,68402.71875,71770.8984375,68402.71875,69926.921875,54003996096,0.0,0.0,68336.02103888702,69300.83609620362,67941.634375,67684.095703125,76605.54524739583,99224.557828125,31.367480387421608,23.052157505920164,22.869137475386594,67684.095703125,71695.26011355208,63672.93129269792,0.11852605457036149,51.07371229968289,-1015491212019.0,-1008015049446.6,43067879550.35,1.2539274433714518,-964.8150573166058,-1590.4804370559718,625.665379739366,2026,3,0.022287806357257578,0.023915451507832586,-0.00480759983032919,0.5259544472533588
2026-03-11 00:00:00+00:00,69931.25,71337.6640625,68998.8671875,70204.8828125,45236859848,0.0,0.0,68623.53823482749,69367.80251963298,68355.3125,67846.463671875,76269.18248697916,99073.240015625,29.155414041519037,21.88157669116334,21.707850356302455,67846.463671875,71994.36188165001,63698.565462099985,0.12227308500072871,51.661038460905424,-970254352171.0,-1009401070296.5,43755073191.8,1.033865482288296,-744.2642848054966,-1421.237206605877,676.9729218003804,2026,3,0.003975020350486469,-0.03446122114711214,0.001199381424461743,0.5260498930891716
2026-03-12 00:00:00+00:00,70209.765625,70775.828125,69230.15625,70493.4609375,40871848129,0.0,0.0,68911.21865062325,69451.18462466016,68999.4859375,67970.865625,75930.28248697917,98922.289140625,27.101352434609513,21.118340264061178,20.950673559590925,67970.865625,72284.75610987665,63656.97514012337,0.12693351615313156,52.30122804235486,-929382504042.0,-1011118892105.15,43423272233.05,0.9412429332741976,-539.9659740369098,-1244.9829600920837,705.0169860551739,2026,3,0.004110513591636167,-0.0049076586869561956,0.024704203346337605,0.5215165473252994
2026-03-13 00:00:00+00:00,70497.046875,73927.328125,70410.7265625,70968.265625,61167226505,0.0,0.0,69227.68741591199,69563.56099505571,69999.1828125,68119.090625,75593.2037109375,98769.233921875,26.28973745394116,26.51150307131581,19.30116510122801,68119.090625,72636.65294242572,63601.52830757428,0.1326371880768401,53.3948850578051,-868215277537.0,-1008860470806.45,45563751776.2,1.342453685671916,-335.87357914372114,-1063.1610839024113,727.2875047586901,2026,3,0.006735442992662266,0.04156030559523738,0.05935482938020087,0.5123384619789887
2026-03-14 00:00:00+00:00,70965.3828125,71291.203125,70339.5859375,71214.625,22283546496,0.0,0.0,69533.3701211563,69685.86203245899,70561.63125,68296.85234375,75191.4177734375,98620.893015625,25.50525756335022,25.916851470060138,19.035921913633814,68296.85234375,73013.64827988502,63580.05640761497,0.13812630521812536,53.984430821050275,-845931731041.0,-1004593195382.35,45783252300.4,0.486718294929985,-152.49191130268446,-881.027249382466,728.5353380797816,2026,3,0.0034714019404360474,0.05859787812923445,0.07539477862997424,0.5099323934461246
2026-03-15 00:00:00+00:00,71213.6796875,73173.0078125,70882.421875,72789.9140625,27991268669,0.0,0.0,70034.37688136303,69915.79181246203,71134.2296875,68705.5111328125,74789.09420572917,98476.251578125,25.357885335416924,29.00696951787227,17.989933677318245,68705.5111328125,73495.48097158886,63915.54129403616,0.13943480689684432,57.671588866105054,-817940462372.0,-996378683659.35,44635142868.4,0.6271127831163897,118.5850689009967,-681.1047857257736,799.6898546267703,2026,3,0.022120302711697182,0.10338268042233345,0.05710417431565307,0.49733985421814886
2026-03-16 00:00:00+00:00,72798.171875,74901.859375,72300.6328125,74861.0859375,55572438409,0.0,0.0,70776.9475053841,70282.10989579817,72065.4703125,69244.56328125,74444.2591796875,98330.389703125,25.6956247777705,31.365515594019133,16.85713453402301,69244.56328125,74263.84617367665,64225.28038882335,0.14497262036413966,61.984658030196194,-762368023963.0,-983343083461.6,45371298234.55,1.224836858793736,494.83760958592757,-445.9163066634334,940.7539162493609,2026,3,0.028454105238008953,0.09442219495049109,0.07300608179653523,0.5043883602293393
2026-03-17 00:00:00+00:00,74855.296875,75988.3984375,73444.2265625,73922.4765625,49500721728,0.0,0.0,71260.8750526327,70551.76668592423,72751.2734375,69542.680859375,74084.21516927083,98162.130796875,26.28629752192132,32.07094902287132,15.808629496694552,69542.680859375,74935.13782781553,64150.223890934474,0.1550833790645727,59.04825956688608,-811868745691.0,-975463981068.0,45164872603.2,1.0960004728208357,709.1083667084749,-214.91137198905173,924.0197386975267,2026,3,-0.01253801442025071,0.0571390042685187,0.07463910954915032,0.5037889936481224
2026-03-18 00:00:00+00:00,73936.8515625,74658.9765625,70503.859375,71245.578125,46229011155,0.0,0.0,71258.52167915076,70603.16012585576,72806.7359375,69732.27109375,73686.6427734375,97977.045140625,25.502944377249968,28.908432357995896,21.227874309501455,69732.27109375,75081.95378938706,64382.58839811292,0.1534349193487419,51.54803023252366,-858097756846.0,-967746899356.0,45326893284.8,1.0199024862465593,655.3615532949916,-40.85678693224307,696.2183402272346,2026,3,-0.0362122396594321,0.014823688478754926,0.034897032702506214,0.5217975178588236
2026-03-19 00:00:00+00:00,71250.3515625,71598.84375,68805.5234375,69912.7890625,44631433398,0.0,0.0,71051.48589197372,70552.02152857016,72546.36875,69933.820703125,73291.28209635416,97786.955390625,24.119236511815128,26.982150983340198,23.864712370396294,69933.820703125,74967.07304939789,64900.56835685213,0.1439432965528786,48.26118232752607,-902729190244.0,-960247206516.8,45544282157.6,0.9799568965333298,499.4643634035601,67.20744313491758,432.25692026864255,2026,3,-0.01870697238447039,-0.008237244522790954,0.035833740389801916,0.521354984165241
2026-03-20 00:00:00+00:00,69911.53125,71346.796875,69398.8828125,70522.5859375,38299078407,0.0,0.0,70970.11666820853,70549.84111441682,72092.903125,70110.15703125,72924.0986328125,97592.581265625,22.834364922482777,25.696274979667695,22.727402709999456,70110.15703125,74953.55462807263,65266.75943442736,0.13816536153709652,49.83718831286234,-864430111837.0,-952934634612.85,45357161222.35,0.8443887883381889,420.275553791711,137.82106526627626,282.4544885254347,2026,3,0.008722250723753211,-0.006279985618572015,0.061682286298722966,0.5180857527684439
2026-03-21 00:00:00+00:00,70522.46875,71051.2734375,68602.9140625,68711.5234375,21109354718,0.0,0.0,70622.64078656107,70413.6694346452,70862.990625,70258.828125,72597.44225260416,97388.028546875,21.326584056426036,24.139112678580116,23.320233553129718,70258.828125,74703.27164258373,65814.38460741627,0.1265163008320167,45.412806192450496,-885539466555.0,-944640873348.35,44375971861.8,0.47569335008010233,208.97135191586858,152.05112259619474,56.92022931967384,2026,3,-0.025680602546325204,-0.035148701021735396,0.026195711996983118,0.5267078986467449
2026-03-22 00:00:00+00:00,68737.4453125,69561.7734375,67372.875,67845.2109375,30108051508,0.0,0.0,70195.34388670552,70223.41324967149,69647.5375,70212.29609375,72238.57975260417,97188.300640625,20.14953836834748,22.808372884345758,25.132520764487126,70212.29609375,74740.80567089598,65683.78651660403,0.12899477239996096,43.42679058743025,-915647518063.0,-940687419261.85,43046469834.6,0.6994313732040269,-28.06936296596541,116.02702548376273,-144.09638844972812,2026,3,-0.012607965253281006,-0.06793115761552215,-0.002355855358040171,0.5261901232419655
2026-03-23 00:00:00+00:00,67843.0,71782.2578125,67458.84375,70914.859375,51508669357,0.0,0.0,70306.03857721237,70274.6314811773,69581.39375,70343.356640625,71929.45319010416,96997.006046875,19.199820618938066,25.804954523279278,22.49473985839491,70343.356640625,74789.02855598438,65897.68472526563,0.12639919752683196,51.51752334310968,-864138848706.0,-931761131755.05,43224503350.0,1.1916543942661635,31.40709603506548,99.10303959402329,-67.69594355895781,2026,3,0.04524488014825101,-0.0527139903606878,0.042807831643514316,0.5490520507240616
2026-03-24 00:00:00+00:00,70912.671875,71371.3046875,68920.6953125,70517.859375,40181522399,0.0,0.0,70338.62639225661,70292.6483622012,69702.4078125,70233.720703125,71613.01959635416,96801.918109375,18.317939851629326,24.251248951254915,21.140340933657523,70233.720703125,74539.5382383773,65927.9031678727,0.12261396640092033,50.51139597786352,-904320371105.0,-928597575431.9,41479924406.25,0.9686980623558137,45.97803005541209,88.47803768630105,-42.50000763088896,2026,3,-0.005598262529164066,-0.04605658990092765,0.0422479233642965,0.5491391727158298
2026-03-25 00:00:00+00:00,70520.046875,71985.7421875,70383.59375,71309.8828125,35409791747,0.0,0.0,70488.05045690943,70367.99906222333,69859.8671875,70257.15859375,71316.33873697916,96615.144734375,17.72910702286688,24.8246451894507,20.280614882756506,70257.15859375,74581.95868731472,65932.35850018529,0.1231134358442285,52.50429164953495,-868910579358.0,-921104887435.05,40691771907.25,0.8701953758049814,120.05139468610287,94.79270908626142,25.258685599841442,2026,3,0.011231529778693128,0.000902577945078642,0.103582209645394,0.5233087989204595
2026-03-26 00:00:00+00:00,71310.1171875,71410.390625,68118.3515625,68791.625,38962070215,0.0,0.0,70227.06192507721,70251.23061316976,69875.8875,70289.915234375,71019.9955078125,96418.551328125,16.692239192122415,22.775109496933393,24.28720149707039,70289.915234375,74556.61883173948,66023.21163701052,0.12140300875701916,46.14188358886855,-907872649573.0,-913371454805.4,40451027274.45,0.9631911187484116,-24.168688092540833,71.00042965050098,-95.16911774304181,2026,3,-0.03531428903229905,-0.016036609002935243,0.07352651173389035,0.5393091772780816
2026-03-27 00:00:00+00:00,68790.8359375,69117.53125,65532.5703125,66338.375,46483453594,0.0,0.0,69628.80239814226,69961.38945663866,69574.5203125,70243.204296875,70654.51608072917,96214.701671875,16.622758732103815,20.76462529050918,28.510422750858037,70243.204296875,74666.57312717297,65819.83546657703,0.12594439204689753,40.93744646237849,-954356103167.0,-906799259794.9,41612264893.6,1.1170613691144986,-332.58705849639955,-9.717067978879136,-322.8699905175204,2026,3,-0.035662044616623034,-0.059331501842661005,-0.02386325805021694,0.5133102455312263
2026-03-28 00:00:00+00:00,66338.5,67232.859375,65906.7421875,66319.6953125,20924883455,0.0,0.0,69119.70900035114,69691.6343348506,68655.4875,70260.7,70274.80149739583,96010.222296875,16.558241162086546,20.05922363935949,27.54188616509923,70260.7,74615.13070935915,65906.26929064085,0.12395067824143935,40.89961874034776,-975280986622.0,-899613554951.35,40998755060.55,0.5103785084229162,-571.925334499465,-122.1587212829963,-449.76661321646867,2026,3,-0.0002815819275042708,-0.034809708842733045,-0.016812671363015674,0.5126899542042048
2026-03-29 00:00:00+00:00,66319.6953125,67052.953125,64971.70703125,65954.921875,21645889785,0.0,0.0,68632.81867337404,69414.84081930612,67742.9,70138.326953125,69887.64069010416,95794.060328125,16.807792881083124,18.970026418853866,28.48586533123792,70138.326953125,74836.63452193134,65440.01938431866,0.13397261591216236,40.11998877105165,-996926876407.0,-895985138365.95,39606055780.9,0.5465298010169122,-782.0221459320746,-254.13140621281198,-527.8907397192627,2026,3,-0.005500227885263609,-0.02786179063163885,0.001109942403950237,0.5063218739498636
2026-03-30 00:00:00+00:00,65958.3515625,68087.2890625,65759.8046875,66691.4453125,37694994180,0.0,0.0,68334.14584862419,69213.10781880196,66819.2125,69976.553125,69589.80501302083,95585.806265625,16.544692538814818,20.533389662686588,26.737390274493794,69976.553125,74921.82906452761,65031.2771854724,0.14134094117764842,42.503191847030564,-959231882227.0,-893172171876.35,38790605685.1,0.9717557515344278,-878.9619701777701,-379.09751900580363,-499.8644511719665,2026,3,0.011167073154841889,-0.05955612264795529,-0.0045437742770950695,0.5043535599804504
2026-03-31 00:00:00+00:00,66694.5859375,68495.2734375,65950.4375,68233.3125,42997691338,0.0,0.0,68318.63302575893,69140.5303877796,66707.55,69877.974609375,69324.8826171875,95385.267515625,16.107059260587302,20.229971000309938,24.935200243822052,69877.974609375,74882.33546590879,64873.613752841215,0.14323142261946417,47.237430961972784,-916234190889.0,-890471163812.25,38678647259.6,1.1116648172675692,-821.8973620206671,-467.65748760877636,-354.2398744118907,2026,3,0.02311941479563351,-0.03239671333259331,0.03795684508971853,0.5057032173888503
2026-04-01 00:00:00+00:00,68232.890625,69230.359375,67555.359375,68078.5546875,36465393617,0.0,0.0,68281.69789679602,69061.86552109222,67055.5859375,69757.229296875,69149.1732421875,95187.038203125,15.350785089033964,21.308642356207933,23.79818794283449,69757.229296875,74815.30738084395,64699.151212906036,0.1450194663679267,46.82072008052918,-952699584506.0,-891637017835.45,38458324534.0,0.9481794659245204,-780.1676242961985,-530.1595149462609,-250.00810934993763,2026,4,-0.002268068291422898,-0.04531388914908685,-0.010138687623029052,0.4794420008122592
2026-04-02 00:00:00+00:00,68077.8984375,68633.1484375,65725.2578125,66888.5703125,39323384518,0.0,0.0,68067.37057613509,68900.88069082613,67169.3609375,69553.24453125,68981.07532552084,94982.803015625,15.365929563720425,19.634756775866364,26.872608637614963,69553.24453125,74733.26954094801,64373.21952155201,0.14895135502616655,43.63329530314252,-992022969024.0,-897827402409.8,37366132434.65,1.0523803764484605,-833.5101146910456,-590.8296348952179,-242.68047979582775,2026,4,-0.017479577533077273,-0.027664046132069076,-0.020574067386162298,0.48273760100317104
2026-04-03 00:00:00+00:00,66889.015625,67296.234375,66281.5390625,66931.1015625,22815543346,0.0,0.0,67892.55995865277,68754.97112576495,67364.596875,69339.068359375,68785.1142578125,94772.733453125,15.379992290214995,19.071763622370607,26.102082429816775,69339.068359375,74583.67763717736,64094.45908157263,0.1512742931768354,43.78060779403825,-969207425678.0,-903991187141.65,37392732277.15,0.6101598347212019,-862.4111671121791,-645.1459413386101,-217.265225773569,2026,4,0.0006358522809097877,0.008934897222007576,-0.07948604881897992,0.42195956291980163
2026-04-04 00:00:00+00:00,66938.6484375,67515.015625,66769.640625,67290.515625,15878814963,0.0,0.0,67799.93775347542,68646.4929405231,67484.4109375,69064.0984375,68646.06373697917,94570.197609375,15.273159804002484,19.299775025705348,25.523139788308068,69064.0984375,74120.18833187222,64008.00854312778,0.1464173140245294,45.08667718883117,-953328610715.0,-910760594558.8,36787109591.85,0.431640733375744,-846.5551870476775,-685.4277904804236,-161.12739656725387,2026,4,0.005369911059425414,0.014638491747066551,-0.05012073671896089,0.4143186173983457
2026-04-05 00:00:00+00:00,67291.1953125,69087.65625,66610.6328125,68981.8984375,22972648674,0.0,0.0,67981.77785870997,68671.33779215101,67634.128125,68770.1390625,68578.7669921875,94374.436609375,14.351789114322614,22.549483787903018,23.646154449562236,68770.1390625,73027.70605555596,64512.572069444046,0.12382022346026009,50.87096472860808,-930355962041.0,-919159991462.7,35157120105.1,0.6534280568295899,-689.5599334410363,-686.2542190725462,-3.305714368490044,2026,4,0.02513553056906015,0.045894627367413676,0.01240753996659505,0.4024313557938515
2026-04-06 00:00:00+00:00,68982.9140625,70305.421875,68347.078125,68859.828125,39542143229,0.0,0.0,68116.86251506228,68685.30003902872,67790.3828125,68517.006640625,68681.39583333333,94178.551171875,13.725503228940148,24.88488929449365,22.252820135704482,68517.006640625,72019.86581205529,65014.14746919471,0.10224787518237492,50.45786600235188,-969898105270.0,-927061459441.65,34659191180.15,1.140884766279444,-568.4375239664369,-662.6908800513244,94.25335608488751,2026,4,-0.0017695992030517527,0.03251365752143287,0.02359407132269231,0.39968168072421123
2026-04-07 00:00:00+00:00,68859.375,72732.4296875,67740.5078125,71940.703125,44650511480,0.0,0.0,68705.14568582193,68926.44100835992,68800.809375,68551.762890625,68704.484375,94003.281171875,14.108228343089214,28.189431403873975,19.154482326049838,68551.762890625,72180.16087303641,64923.36490821359,0.10585863380933191,59.41549110452052,-925247593790.0,-930418951288.85,34580266196.4,1.2912136426713907,-221.2953225379897,-574.4117685486575,353.1164460106678,2026,4,0.04474125312086663,0.05433402672631504,0.09050995413146068,0.42059437527823534
2026-04-08 00:00:00+00:00,71950.1484375,72825.1875,70707.46875,71123.359375,42444631703,0.0,0.0,69077.1785610801,69089.17570218511,69639.2609375,68612.29140625,68735.17421875,93834.494265625,14.497430750579253,26.765484465171564,18.008925355031206,68612.29140625,72374.2193506057,64850.36346189432,0.10965755165008256,56.49699656650321,-967692225493.0,-933667103051.3,34470926111.65,1.2313168368474776,-11.997141105006449,-461.9288430599273,449.93170195492087,2026,4,-0.011361353371537541,0.04472487263392311,0.03977897334305669,0.40525279324198893
2026-04-09 00:00:00+00:00,71120.5703125,73107.265625,70486.359375,71767.828125,38799581473,0.0,0.0,69491.12464783702,69287.5944001714,70534.7234375,68674.553515625,68760.22591145833,93671.457921875,14.966856824438878,25.584063367778302,16.679405780598554,68674.553515625,72606.95974858798,64742.14728266201,0.11452295010751762,58.238857065461296,-928892644020.0,-936890229660.45,34495951264.95,1.1247575454578855,203.53024766562157,-328.83702491481756,532.3672725804391,2026,4,0.009061281070850802,0.07294606223012923,0.026326144503983295,0.3993032907762671
2026-04-10 00:00:00+00:00,71774.3671875,73440.1171875,71434.828125,72979.046875,37722595732,0.0,0.0,70027.72806740056,69561.03532423277,71334.153125,68887.9296875,68807.863671875,93506.503421875,15.534302043262628,25.068825395366268,15.722978530895421,68887.9296875,73266.58239307697,64509.27698192304,0.12712394538317764,61.36947550431005,-891170048288.0,-937171758747.1,35326613315.65,1.0678237224423819,466.69274316779047,-169.73107129829594,636.4238144660865,2026,4,0.016876904061948084,0.09036076160874851,0.03951525807555445,0.40300062679072535
2026-04-11 00:00:00+00:00,72976.125,73784.234375,72556.3359375,73054.2734375,23287073965,0.0,0.0,70493.35043203123,69819.79370299331,72173.0421875,69148.3828125,68878.86888020833,93338.432984375,16.200639662799574,25.176530509619294,15.15010703611231,69148.3828125,73871.99180176335,64424.773823236654,0.1366223994586163,61.56220560017331,-867882974323.0,-934783531560.1,34985564438.5,0.6656195016071729,673.5567290379258,-1.0735112310516115,674.6302402689774,2026,4,0.0010307967248304184,0.08565483202150759,0.03632695098160155,0.4028933915971789
2026-04-12 00:00:00+00:00,73056.046875,73154.03125,70540.5703125,70753.40625,29882740487,0.0,0.0,70533.35901941104,69888.95018795677,71935.5828125,69140.31015625,68941.55950520834,93164.880828125,15.59097909954402,23.235993674095727,19.927353972797135,69140.31015625,73851.74409552824,64428.87621697175,0.13628616732065232,52.87338096914286,-897765714810.0,-936464874865.3,33904267995.0,0.8813858034453635,644.4088314542751,128.02295730601372,516.3858741482613,2026,4,-0.031495312720733026,0.02568076339773473,-0.0030275415794339677,0.4183007907805739
2026-04-13 00:00:00+00:00,70757.6171875,74896.3125,70588.5234375,74484.640625,52278211554,0.0,0.0,71141.24849719396,70229.37170181182,72607.8390625,69338.64921875,69079.27278645833,93002.707390625,15.77432335561275,25.307140514357297,17.52903415394373,69338.64921875,74596.54763851574,64080.75079898425,0.15165851884936768,62.19242468977815,-845487503256.0,-933523231472.85,34509102452.75,1.5149107869606153,911.8767953821371,284.79372492123844,627.0830704608986,2026,4,0.05273575609654846,0.08168496281735371,0.04591775390237607,0.4567791422370344
2026-04-14 00:00:00+00:00,74478.3984375,76061.7578125,73877.203125,74181.609375,53540826530,0.0,0.0,71608.99632454873,70522.1300479739,73090.5953125,69482.235546875,69168.00221354167,92829.446234375,16.38690256448099,27.03662305723557,16.44794319888744,69482.235546875,75110.58980827495,63853.88128547506,0.16200843905210482,61.13508351130148,-899028329786.0,-935029118994.25,35415654191.9,1.5117842025418649,1086.8662765748304,445.2082352519568,641.6580413228736,2026,4,-0.004068372317531099,0.031149351516711388,0.019119342705983255,0.45119578135364113
2026-04-15 00:00:00+00:00,74182.0234375,75409.2734375,73549.203125,74805.078125,38090174312,0.0,0.0,72100.70121692585,70839.38546108695,73455.8015625,69782.908203125,69251.959765625,92661.911640625,16.756596113446317,25.58946307827719,16.51141416455802,69782.908203125,75878.97932434046,63686.83708190955,0.17471530717725117,62.54595776898205,-860938155474.0,-932682394289.3,35372059396.75,1.0768435584923772,1261.3157558389066,608.4297393693467,652.8860164695599,2026,4,0.008404626904874313,0.051765253811874024,-0.000748156559560953,0.44109151206739783
2026-04-16 00:00:00+00:00,74810.875,75506.5703125,73346.265625,75152.1328125,41312783855,0.0,0.0,72570.15223162957,71158.84822785828,73875.3734375,70223.59609375,69358.02552083334,92496.518734375,16.972085266991733,23.983806928691138,16.06481499456383,70223.59609375,76541.48285529285,63905.70933220716,0.17993629244245288,63.343672173389685,-819625371619.0,-925945857711.9,35113525909.8,1.1765490016902522,1411.3040037712926,769.0045922497359,642.2994115215567,2026,4,0.004639453579876829,0.047156292393375265,0.01663440278492767,0.4388967381815754
2026-04-17 00:00:00+00:00,75164.0390625,78320.6796875,74558.6015625,77126.875,54137194839,0.0,0.0,73271.18650368656,71600.92428505397,75150.0671875,70763.955078125,69496.0875,92327.799203125,18.20474951203408,29.33427752972731,14.373406291988323,70763.955078125,77510.09789938854,64017.812256861456,0.19066607607829852,67.57542423197064,-765488176780.0,-915456217219.8,36774141479.0,1.4721538739365332,1670.2622186325898,949.2561175263068,721.006101106283,2026,4,0.02627659540184779,0.05683587690730585,0.08254964069042003,0.42651328108014513
2026-04-18 00:00:00+00:00,77136.046875,77416.703125,75504.9453125,75726.2109375,26014416776,0.0,0.0,73648.8825704271,71906.50107412404,75398.38125,71252.51953125,69633.28736979167,92155.778265625,19.349366311001976,27.736159311563195,13.590349595636312,71252.51953125,77947.33893373069,64557.700128769306,0.18791811002681724,62.09938185419453,-791502593556.0,-905185003077.25,36992567828.55,0.7032336034786609,1742.38149630306,1107.8811932816575,634.5003030214025,2026,4,-0.01816051878803593,0.03657469131201374,0.08315248115481366,0.4261691918077717
2026-04-19 00:00:00+00:00,75723.6953125,76243.09375,73802.3828125,73856.3515625,30931515195,0.0,0.0,73680.80087689986,72050.93444363336,75333.3296875,71610.76484375,69757.137890625,91970.512046875,19.336071951549723,25.803396590525217,17.504246685188573,71610.76484375,78039.44452469054,65182.085162809475,0.17954506406871898,55.619531324721244,-822434108751.0,-898345114403.45,36654393879.3,0.8438692315266489,1629.866433266492,1212.2782412786244,417.58819198786773,2026,4,-0.024692366775663332,0.04385577284485853,0.047272311142341206,0.43624710246123755
2026-04-20 00:00:00+00:00,73854.25,76575.359375,73775.5703125,75872.5234375,39674447916,0.0,0.0,74017.98896314602,72334.0151098457,75546.81875,71992.725390625,69905.72122395833,91780.625890625,19.45679602759014,24.698818661764843,16.1168341832747,71992.725390625,78483.93655618321,65501.514225066785,0.18032964109464059,60.415793788178476,-782759660835.0,-891671387900.75,36488231708.2,1.087321748921145,1683.9738533003256,1306.6173636829647,377.3564896173609,2026,4,0.027298557704868998,0.01863314101879654,0.104218326733996,0.43338701232988236
2026-04-21 00:00:00+00:00,75872.828125,76881.4765625,74852.671875,76352.7734375,36453522626,0.0,0.0,74377.1865745851,72631.70091189416,75786.946875,72406.436328125,70044.84375,91612.598671875,19.69499806126931,24.139018642261746,15.17802556288105,72406.436328125,78901.96204749253,65910.91060875746,0.1794184619149517,61.4835732212492,-746306138209.0,-881351715585.9,36487638158.65,0.9990650112100524,1745.4856626909313,1394.391023484558,351.09463920637336,2026,4,0.0063296958930805225,0.029268225383523472,0.12539665486245277,0.42951338829751073
2026-04-22 00:00:00+00:00,76354.21875,79468.0,76159.578125,78203.1015625,48336654537,0.0,0.0,74965.78888041816,73044.39725638348,76002.1921875,72972.162890625,70214.83268229167,91455.817671875,20.848364512762856,29.15420518701094,13.769452641712626,72972.162890625,79414.8635316972,66529.46224955279,0.17657968150756093,65.36057777083832,-697969483672.0,-866649041318.3,36938301659.6,1.3085781523590339,1921.3916240346734,1499.7911435945812,421.60048044009227,2026,4,0.024233934691509473,0.04542503694497668,0.10277454191877533,0.410046521456187
2026-04-23 00:00:00+00:00,78203.875,78676.9375,77014.453125,78268.953125,40354900916,0.0,0.0,75473.9679949692,73431.40139479951,76510.740625,73539.05546875,70391.65872395833,91298.928078125,21.91934764629258,27.760066651777326,13.111004763825065,73539.05546875,79734.1142939901,67343.99664350989,0.16848350269803675,65.49370004587315,-657614582756.0,-851069399172.2,37815269538.1,1.0671588860510766,2042.5666001696954,1608.3462349096042,434.2203652600913,2026,4,0.0008420581944230676,0.04147347780902333,0.1099167475969629,0.40886399131527507
2026-04-24 00:00:00+00:00,78263.8203125,78554.09375,77318.4453125,77455.3125,32784213526,0.0,0.0,75778.79022651241,73729.46888407363,77230.5328125,74047.2953125,70605.6349609375,91138.937078125,22.913831984570177,26.736692502478327,12.627667907507556,74047.2953125,79730.61800556688,68363.97261943313,0.15350520688383515,62.30750975745974,-690398796282.0,-837922908450.55,38660539466.25,0.8480019673450254,2049.3213424387795,1696.5412564154394,352.7800860233401,2026,4,-0.010395445352393673,0.004258405387227215,0.08617921450885846,0.41080608251043704
2026-04-25 00:00:00+00:00,77457.2109375,77882.640625,77184.6640625,77612.015625,16702933134,0.0,0.0,76060.82490320281,74017.06493895706,77578.43125,74478.801171875,70831.16783854166,90984.375890625,23.732475837192357,26.150256678389333,12.771100215606495,74478.801171875,79844.39888186433,69113.20346188569,0.14408389033027294,62.684037127934765,-673695863148.0,-825089903505.9,38347053689.25,0.43557278922532733,2043.7599642457499,1765.9849979815015,277.7749662642484,2026,4,0.0020231423764509593,0.02490293207798855,0.12821896015685041,0.3869491528008083
2026-04-26 00:00:00+00:00,77613.1171875,78923.5625,77334.890625,78657.5390625,21482934750,0.0,0.0,76460.31938924853,74360.8037629232,78039.384375,74968.68671875,71009.45807291666,90847.681328125,24.881690520156692,28.15901103625783,12.119508050468196,74968.68671875,79949.49239247385,69987.88104502615,0.13287696214846803,65.18307550132172,-652212928398.0,-809205644662.3,37444093265.3,0.5737336086038584,2099.5156263253302,1832.6911236502674,266.82450267506283,2026,4,0.013471154293320797,0.06500710363328821,0.18570192686359888,0.36023181575429225
2026-04-27 00:00:00+00:00,78661.015625,79488.171875,76481.34375,77366.625,38135631927,0.0,0.0,76599.75102167184,74583.45718789185,77872.0890625,75239.9828125,71174.672265625,90700.048859375,25.26682501222004,25.506498394374066,13.651863085872886,75239.9828125,80116.33631322448,70363.62931177553,0.12962133478622606,59.85323578080851,-690348560325.0,-797460692989.05,37118349287.65,1.0274064622719759,2016.293833779986,1869.4116656762112,146.8821681037748,2026,4,-0.01641182876919478,0.019692261372205033,0.16657087514420277,0.36800528045444414
2026-04-28 00:00:00+00:00,77368.1171875,77483.8671875,75673.6015625,76350.671875,32056900880,0.0,0.0,76561.4311529531,74714.3619795295,77488.4328125,75501.3484375,71349.153515625,90555.775421875,25.01900557274568,24.03837182878645,15.434360976006865,75501.3484375,79993.9203962801,71008.7764787199,0.11900640324322287,55.974162970603395,-722405461205.0,-785196354774.65,36598962746.5,0.8758964318753989,1847.0691734236025,1864.9431672256896,-17.87399380208717,2026,4,-0.013131671764148978,-2.75243767238198e-05,0.15761901772399,0.3717744810993904
2026-04-29 00:00:00+00:00,76340.3828125,77881.65625,75018.953125,75728.28125,40563924992,0.0,0.0,76433.25424480646,74789.46711067545,77143.0265625,75699.37109375,71494.69388020833,90391.192203125,24.32138128321499,21.89239682898432,16.098000549044155,75699.37109375,79833.90545823232,71564.83672926768,0.10923563312994754,53.67897344049927,-762969386197.0,-776900191883.5,36687179922.45,1.1056702934852103,1643.7871341310092,1820.7119606067538,-176.92482647574457,2026,4,-0.008151737368060963,-0.03164606343038867,0.1355021756561965,0.3738890288315785
